action.diplo.break_alliance,Allianz auflösen
action.diplo.cancel_nap,Den Nichtangriffspakt aufkündigen
action.diplo.cancel_trade,Handelsabkommen kündigen
action.diplo.declare_war,Den Krieg erklären
action.diplo.form_alliance,Allianz bilden
action.diplo.impose_sanction,Verhänge eine Sanktion
action.diplo.improve_mission_cancelled,Mission zur Verbesserung der Beziehungen abgesagt
action.diplo.improve_no_effect,„Beziehungen verbessern“ zeigte keine Wirkung
action.diplo.improve_relations,Die Beziehungen verbessern
action.diplo.improve_result,+{0} Meinung
action.diplo.insult,Beleidigung
action.diplo.insult_no_effect,Die Beleidigung zeigte keine Wirkung
action.diplo.insult_result,-{0} Meinung
action.diplo.lift_sanction,Aufhebung der Sanktion
action.diplo.nap,Nichtangriffspakt
action.diplo.nap_already_active,Nichtangriffspakt bereits in Kraft
action.diplo.nap_cancelled,Nichtangriffspakt aufgehoben
action.diplo.nap_declined,Nichtangriffspakt abgelehnt
action.diplo.nap_signed,Nichtangriffspakt unterzeichnet
action.diplo.no_active_nap,Kein geltender Nichtangriffspakt
action.diplo.no_active_sanctions,Keine aktiven Sanktionen
action.diplo.no_active_trade,Es besteht kein aktives Handelsabkommen
action.diplo.no_bilateral_entry,Es wurde kein Eintrag zu bilateralen Beziehungen gefunden
action.diplo.no_improve_mission,Keine aktive Mission zur Verbesserung der Beziehungen
action.diplo.on_cooldown,Aktion in der Abklingzeit
action.diplo.propose_treaty,Vertrag vorschlagen
action.diplo.relations_mission_active,Beziehungsverbesserung aktiv
action.diplo.relations_mission_boost,+{0} Meinung (Auftrag aktiv)
action.diplo.sanction_already_active,Bereits geltende Sanktionen
action.diplo.sanction_imposed,Sanktionen verhängt
action.diplo.sanction_lifted,Sanktionen aufgehoben
action.diplo.trade_agreement,Handelsabkommen
action.diplo.trade_already_active,Handelsabkommen bereits in Kraft
action.diplo.trade_cancelled,Handelsabkommen gekündigt
action.diplo.trade_declined,Handelsabkommen abgelehnt
action.diplo.trade_signed,Handelsabkommen unterzeichnet
advisor.alliance_formed.body,Du hast ein neues Bündnis geschlossen! Verbündete bieten gegenseitigen Schutz und können in den Krieg gerufen werden. Pflege gute Beziehungen.
advisor.alliance_formed.title,Neue Allianz
advisor.army_deployed.body,Deine Armee wurde aufgestellt. Über den Reiter „Militär“ (M) kannst du die Positionierung der Einheiten und ihre Ziele verwalten.
advisor.army_deployed.title,Eingesetzte Truppen
advisor.budget_deficit.body,"Ihre Ausgaben übersteigen Ihre Einnahmen. Erhöhen Sie die Steuern oder kürzen Sie die Ausgaben, um zu verhindern, dass die Staatskasse leer wird."
advisor.budget_deficit.title,Haushaltsdefizit
advisor.counter_intel.body,"In Ihrem Hoheitsgebiet wurden ausländische Agenten aufgespürt. Verstärken Sie die Spionageabwehr, um Geheimnisse zu schützen."
advisor.counter_intel.title,Spionage aufgedeckt
advisor.crisis_event.body,Eine schwere Krise erfordert Ihre Aufmerksamkeit. Solche Ereignisse mit weitreichenden Folgen können Ihre Situation dramatisch verändern.
advisor.crisis_event.title,Krisenereignis!
advisor.defcon_escalation.body,"Die weltweiten Spannungen nehmen zu. Staaten, die über Atomwaffen verfügen, sollten ihre Verteidigung vorbereiten und Maßnahmen zur Deeskalation in Betracht ziehen."
advisor.defcon_escalation.title,DEFCON-Eskalation
advisor.dismiss,Verstanden
advisor.first_event.body,"Ereignisse stellen dich vor Entscheidungen, die das Schicksal deiner Nation bestimmen. Lies dir alles genau durch – jede Option hat andere Konsequenzen."
advisor.first_event.title,Deine erste Veranstaltung
advisor.first_month.body,"Dein erster Monat ist vorbei! Öffne die Registerkarte „Übersicht“, um die Leistungsübersicht deiner Nation einzusehen."
advisor.first_month.title,Der erste Monat ist vorbei
advisor.first_year.body,"Ein Jahr an der Spitze! Schau dir die historischen Diagramme an, um zu sehen, wie sich deine Nation im Laufe der Zeit entwickelt hat."
advisor.first_year.title,Das erste Jahr ist abgeschlossen
advisor.game_speed.body,"Verwende die Tasten 1–5, um die Spielgeschwindigkeit anzupassen, oder die Leertaste, um das Spiel anzuhalten. Durch das Anhalten kannst du ohne Zeitdruck planen."
advisor.game_speed.title,Spielgeschwindigkeit
advisor.gdp_growth.body,"Ihr BIP wächst! Investieren Sie in Infrastruktur und Technologie, um diese Dynamik aufrechtzuerhalten."
advisor.gdp_growth.title,Wirtschaftswachstum
advisor.high_inflation.body,Eine Inflationsrate von über 8 % führt zu einem Kaufkraftverlust. Erwägen Sie eine Straffung der Geldpolitik oder eine Kürzung der Ausgaben.
advisor.high_inflation.title,Hohe Inflation
advisor.low_military.body,"Im Vergleich zu Ihren Nachbarn ist Ihr Militär klein. Erhöhen Sie das Verteidigungsbudget, um Angriffe abzuschrecken."
advisor.low_military.title,Schwache Streitkräfte
advisor.low_treasury.body,"Ihre Finanzreserven sind gefährlich niedrig. Haushaltskürzungen oder Handelsabkommen können dazu beitragen, Ihre Finanzen zu stabilisieren."
advisor.low_treasury.title,Die Kassen gehen zur Neige
advisor.mission_complete.body,Eine Aufklärungsmission ist abgeschlossen. Die Ergebnisse findest du auf der Registerkarte „Aufklärung“ (I).
advisor.mission_complete.title,Intel-Mission abgeschlossen
advisor.nuclear_threat.body,Ein mit Atomwaffen ausgerüsteter Gegner ist feindselig. Die Raketenabwehr muss gestärkt und die diplomatischen Kanäle aufrechterhalten werden.
advisor.nuclear_threat.title,Nukleare Bedrohung
advisor.province_building.body,"Du kannst in deinen Provinzen Gebäude errichten. Öffne die Detailansicht der Provinz, um die verfügbaren Projekte anzuzeigen."
advisor.province_building.title,Bauvorhaben verfügbar
advisor.province_unrest.body,"In einer Provinz herrscht große Unruhe. Erhöhen Sie die Sozialausgaben oder entsenden Sie Truppen, um die Ordnung wiederherzustellen."
advisor.province_unrest.title,Unruhen in der Provinz
advisor.relation_drop.body,"Die Meinung eines wichtigen Nachbarn über dich verschlechtert sich. Ziehe diplomatische Schritte in Betracht, bevor die Spannungen eskalieren."
advisor.relation_drop.title,Die Beziehungen verschlechtern sich
advisor.research_idle.body,"Sie haben kein aktives Forschungsprojekt. Öffnen Sie die Registerkarte „Technologie“ (T), um eines auszuwählen."
advisor.research_idle.title,Forschungswarteschlange leer
advisor.sanctions_received.body,Wirtschaftssanktionen beeinträchtigen Ihren Handel. Streben Sie eine diplomatische Lösung an oder suchen Sie sich alternative Handelspartner.
advisor.sanctions_received.title,Verhängte Sanktionen
advisor.settings_desc,Während des Spiels kontextbezogene Tipps anzeigen
advisor.settings_label,Tipps für Berater
advisor.tech_available.body,"Für die Forschung stehen neue Technologien zur Verfügung. Öffne die Registerkarte „Technik“ (T), um festzulegen, welche Bereiche Priorität haben sollen."
advisor.tech_available.title,Verfügbare Forschungsergebnisse
advisor.tech_completed.body,Eine Technologie wurde erforscht! Sieh dir ihre Boni an und wähle dein nächstes Forschungsprojekt aus.
advisor.tech_completed.title,Recherche abgeschlossen!
advisor.trade_deficit.body,"Sie importieren mehr, als Sie exportieren. Zölle, Handelsabkommen oder Investitionen in die Industrie können diese Bilanz verbessern."
advisor.trade_deficit.title,Handelsdefizit
advisor.unsc_vote.body,"Derzeit findet eine Abstimmung im UN-Sicherheitsrat statt. Wenn Sie einen Sitz innehaben, könnte Ihre Stimme das Weltgeschehen beeinflussen."
advisor.unsc_vote.title,Abstimmung im UN-Sicherheitsrat
advisor.war_declared.body,"Du befindest dich nun im Krieg. Setze deine Truppen strategisch ein und erwäge, Verbündete um Unterstützung zu bitten."
advisor.war_declared.title,Kriegserklärung!
armslimitation,Rüstungsbegrenzung
boot.fiction_disclaimer,"Dieses Spiel ist ein fiktionales Werk. Verweise auf reale Länder, Staats- und Regierungschefs, Organisationen und Ereignisse werden im Rahmen einer geopolitischen Simulation mit alternativem Geschichtsverlauf verwendet. Alle dargestellten Handlungen, Entscheidungen und Ergebnisse sind fiktiv und spiegeln nicht das tatsächliche Verhalten, die Ansichten oder Absichten realer Personen, Regierungen oder Institutionen wider."
breakalliance,Allianz auflösen
breakdown.agreement_growth,Wachstum durch Handelsabkommen
breakdown.agreement_priority_delta,Bonus für vorrangige Ressourcen
breakdown.agreement_tariff_delta,Tarif Δ aus Vereinbarungen
breakdown.base_production,Produktionsbasis
breakdown.birth_rate,Geburtenrate (Fruchtbarkeit)
breakdown.building_bonus,Bauprämie
breakdown.building_reduction,Gebäuderückbau
breakdown.current,Aktuell
breakdown.current_fertility,Aktuelle Fruchtbarkeit
breakdown.current_level,Aktuelles Niveau
breakdown.current_rate,Aktueller Kurs
breakdown.current_unrest,Aktuelle Unruhen
breakdown.death_rate,Sterblichkeitsrate (1/Lebensdauer)
breakdown.dev_level,Entwicklungsstand
breakdown.diminishing_returns,Abnehmende Erträge
breakdown.div_12_months,÷ 12 Monate
breakdown.edu_lowers_fertility,↓ Verringert die Fruchtbarkeit
breakdown.edu_minimal,Mindestens
breakdown.education_effect,Bildungseffekt
breakdown.education_level,Bildungsniveau
breakdown.first_month,—
breakdown.gap,Gespräch
breakdown.gdp_base,BIP-Basis
breakdown.gdp_capita,Bruttoinlandsprodukt pro Kopf
breakdown.gdp_capita_effect,Auswirkungen auf das Pro-Kopf-BIP
breakdown.gdp_capita_pull,"BIP pro Kopf (×0,7)"
breakdown.gdp_growth,BIP-Wachstum
breakdown.gdp_penalty,BIP-Einbuße
breakdown.growth_rate,Wachstumsrate
breakdown.healthcare_access,Zugang zur Gesundheitsversorgung
breakdown.healthcare_effect,Auswirkungen auf das Gesundheitswesen
breakdown.improves_lifespan,↑ Verlängert die Lebensdauer
breakdown.inflation_drag,Inflationsdruck
breakdown.infra_budget,Infra-Budget
breakdown.infra_pull,"Infrastruktur-Faktor (×0,3)"
breakdown.infrastructure,Infrastruktur
breakdown.last_month_actual,Ist-Zahlen des letzten Monats
breakdown.last_month_note,Daten des Vormonats
breakdown.military,Militär
breakdown.monthly_change,Veränderung gegenüber dem Vormonat
breakdown.mult_building,× Gebäude bearbeiten
breakdown.mult_infra,× Infrastruktur
breakdown.mult_radiation,× Strahlungsmalus
breakdown.mult_tax_rate,× Steuersatz ({0:F1}%)
breakdown.mult_terrain,× Grundstück
breakdown.mult_terrain_prod,× Geländeproduktivität
breakdown.mult_unrest,× Strafe für Unruhen
breakdown.multilateral_sanction_growth,Multilaterale Sanktionen
breakdown.net_flow,Nettofluss
breakdown.net_growth,Nettozuwachs
breakdown.net_migration,Nettozuwanderung
breakdown.next_slot,Nächster Bauplatz
breakdown.no_buildings,Keine Gebäude
breakdown.no_buildings_effect,Es gibt keine Gebäude mit diesem Effekt
breakdown.population,Bevölkerung
breakdown.poverty_pressure,Armutsdruck
breakdown.refugee_risk,Flüchtlingsrisiko
breakdown.refugee_risk_high,HOCH – Menschen auf der Flucht
breakdown.research,Forschung
breakdown.research_budget,Forschungsbudget
breakdown.reserve,Reserve
breakdown.result_gdp,Bruttoinlandsprodukt
breakdown.result_monthly,= Monatlich
breakdown.result_resource,= Ressourcenausgabe
breakdown.sanctions_effect,Auswirkungen von Sanktionen
breakdown.social,Soziales
breakdown.social_budget,Sozialhaushalt
breakdown.social_decay,Rückgang der Sozialausgaben
breakdown.spending_ratio,Ausgabenquote
breakdown.target_from_edu,Ziel (aus dem Bildungsbereich)
breakdown.total,GESAMT
breakdown.trade_effect,Handelseffekt
breakdown.tradebloc_growth,Wachstum der Handelsblöcke
breakdown.unrest,Unruhen
building.advanced_factory.description,Ein hochmoderner Produktionskomplex für allgemeine Zwecke; hebt das Leistungsniveau aller produzierten Güter in der Provinz auf ein neues Niveau.
building.advanced_factory.name,Fortgeschrittene Fabrik
building.air_defense.description,"Ein Flugabwehrraketen- und Radarnetzwerk, das einen starken Luftschutz gewährleistet."
building.air_defense.name,Luftabwehrsystem
building.aircraft_assembly.description,Endmontagelinie für zivile und militärische Flugzeuge.
building.aircraft_assembly.name,Flugzeugmontage
building.airfield.description,"Militärflugplatz mit Hangars, Start- und Landebahnen sowie Treibstofflagern. Erforderlich, um Luftflotten in einer Provinz zu stationieren. Bietet Luftkapazität für die Stationierung von Flugzeugen."
building.airfield.name,Flugplatz
building.aluminum_smelter.description,Hall-Héroult-Elektrolyseanlage. Enormer Stromverbrauch.
building.aluminum_smelter.name,Aluminiumhütte
building.arms_factory.description,Militärisches Werk zur Herstellung von Waffen und Ausrüstung.
building.arms_factory.name,Waffenfabrik
building.auto_assembly_plant.description,Automobil-Serienfertigungslinie.
building.auto_assembly_plant.name,Automobilwerk
building.barracks.description,"Militärische Ausbildungsstätte, die eine Grundausbildung im Verteidigungsbereich und Beschäftigungsmöglichkeiten bietet."
building.barracks.name,Kaserne
building.battery_gigafactory.description,Großserienfertigung von Lithium-Ionen-Zellen und -Akkupacks.
building.battery_gigafactory.name,Batterie-Gigafabrik
building.bauxite_mine.description,"Minen für Aluminiumvorläufererze, typischerweise tropische Lateritvorkommen."
building.bauxite_mine.name,Bauxitmine
building.bunker_network.description,"Ein unterirdisches Schutzraumsystem, das Schutz bietet und der Bevölkerung Sicherheit vermittelt."
building.bunker_network.name,Bunker-Netzwerk
building.coal_mine.description,Kohleförderung im Tagebau oder im Untertagebau.
building.coal_mine.name,Kohlebergwerk
building.commercial_district.description,"Wirtschaftszentrum, das das BIP in moderatem Umfang ankurbelt und Arbeitsplätze im Dienstleistungssektor schafft."
building.commercial_district.name,Geschäftsviertel
building.copper_mine.description,Kupfererzgewinnung in Provinzen mit latenten Kupfervorkommen.
building.copper_mine.name,Kupfermine
building.counterintel_bureau.description,"Spezielle Einrichtung zur Spionageabwehr. Erhöht die Wahrscheinlichkeit, ausländische Spionage aufzudecken, erheblich und verringert den durch Sabotage verursachten Schaden."
building.counterintel_bureau.name,Amt für Spionageabwehr
building.cyber_ops_center.description,Hochmoderne Einrichtung für offensive und defensive Cyberoperationen. Ermöglicht Cyberspionagemissionen und verbessert die Fähigkeiten zum Technologiediebstahl.
building.cyber_ops_center.name,Cyber-Einsatzzentrale
building.early_warning_radar.description,Fernradaranlage zur frühzeitigen Erkennung anfliegender Raketen. Verbessert die Erfolgsquote bei der Abwehr.
building.early_warning_radar.name,Frühwarnradar
building.electronics_assembly.description,Montage von Unterhaltungs- und Industrieelektronik.
building.electronics_assembly.name,Elektronikmontage
building.factory.description,"Ein Industriekomplex, der das BIP der Provinz ankurbelt und Arbeitsplätze schafft."
building.factory.name,Fabrik
building.farm_complex.description,"Mechanisiertes Ackerland. Je nach den vorhandenen Ressourcen der Provinz werden hier Weizen, Reis, Mais, Sojabohnen, Zucker oder Baumwolle angebaut."
building.farm_complex.name,Landwirtschaftskomplex
building.fertilizer_plant.description,Ammoniak-Harnstoff-/NPK-Anlage. Grundlage für Ernährungssicherheit.
building.fertilizer_plant.name,Düngemittelfabrik
building.fishery.description,Küsten-Trawlerflotte und Verarbeitungshafen.
building.fishery.name,Industriefischerei
building.fortress.description,Große Verteidigungsanlage mit dem höchsten Verteidigungsbonus.
building.fortress.name,Festung
building.gas_field.description,Erdgas-Bohrlochkomplex mit Kompressorstation.
building.gas_field.name,Gasfeld
building.gold_mine.description,Edelmetallgewinnung. Gewinnung von Gold und Silber aus Gebirgsadern.
building.gold_mine.name,Gold- und Silbermine
building.graphite_mine.description,Gewinnung von kristallinem Graphit; Vorprodukt für Batterieanoden.
building.graphite_mine.name,Graphitmine
building.helium_extraction.description,Kryogene Heliumgewinnung – in unmittelbarer Nähe zu Erdgasfeldern.
building.helium_extraction.name,Heliumgewinnungsanlage
building.highway.description,"Ein modernes Straßennetz, das die Infrastruktur erheblich verbessert."
building.highway.name,Autobahn
building.hospital.description,"Eine Gesundheitseinrichtung, die das Bevölkerungswachstum fördert und Unruhen eindämmt."
building.hospital.name,Krankenhaus
building.housing_project.description,"Sozialer Wohnungsbau, der dem Bevölkerungswachstum Rechnung trägt und Arbeitsplätze im Baugewerbe schafft."
building.housing_project.name,Wohnungsbauprojekt
building.intelligence_hq.description,Hauptquartier des nationalen Geheimdienstes. Voraussetzung für alle Spionageoperationen. Bietet grundlegende Fähigkeiten zur Informationsbeschaffung im offensiven und defensiven Bereich.
building.intelligence_hq.name,Hauptquartier des Nachrichtendienstes
building.iron_mine.description,Eisenerzabbau im Tagebau oder Untertagebau.
building.iron_mine.name,Eisenmine
building.library.description,"Ein Wissenszentrum für die Gemeinschaft, das einfache Recherchen ermöglicht und Unruhe abbaut."
building.library.name,Öffentliche Bibliothek
building.livestock_ranch.description,"Rinder-, Schaf- und Milchviehbetriebe. Produziert Vieh und Wolle."
building.livestock_ranch.name,Viehzuchtbetrieb
building.logging_camp.description,Industrielle Holzgewinnung in Provinzen mit latenten Holz- oder Kautschukvorkommen.
building.logging_camp.name,Holzfällercamp
building.machinery_works.description,Herstellung von schweren Industriemaschinen.
building.machinery_works.name,Maschinenbau
building.military_base.description,Große militärische Einrichtung mit erheblicher Verteidigungskapazität.
building.military_base.name,Militärstützpunkt
building.missile_defense_battery.description,Mehrschichtiges Raketenabwehrsystem (THAAD/Patriot-Klasse). Bietet aktive Verteidigung gegen anfliegende ballistische Raketen und Marschflugkörper.
building.missile_defense_battery.name,Raketenabwehrbatterie
building.missile_silo.description,Gepanzerte unterirdische Anlage zur Unterbringung und zum Abschuss von Silo-gestützten ballistischen Raketen (IRBM/ICBM). Kann Ziel feindlicher Angriffe sein.
building.missile_silo.name,Raketensilo-Komplex
building.mobile_launcher_facility.description,Fahrzeugdepot und unterstützende Infrastruktur für Transporter-Erector-Launcher-Einheiten (TEL). Ermöglicht den mobilen Raketeneinsatz.
building.mobile_launcher_facility.name,Anlage für den mobilen Start
building.naval_base.description,"Hafenanlage, die den Bau und den Einsatz von Flotten ermöglicht. Wird benötigt, um Flotteneinheiten zu rekrutieren und anzulegen. Muss in einer Küstenprovinz errichtet werden."
building.naval_base.name,Marinestützpunkt
building.offshore_platform.description,Öl- und Gasförderung in der Tiefsee. Ausschließlich auf dem Küstenkontinentalschelf.
building.offshore_platform.name,Offshore-Plattform
building.oil_rig.description,Ölförderanlage an Land. Erfordert vorhandene Ölvorkommen in der Provinz.
building.oil_rig.name,Bohrinsel
building.palm_estate.description,Palmölplantage am Äquator mit eigener Mühle.
building.palm_estate.name,Palmölplantage
building.petrochemical_complex.description,Integrierter Cracker zur Herstellung von Chemikalien und Kunststoffen.
building.petrochemical_complex.name,Petrochemiekomplex
building.pharma_lab.description,Pharmazeutische Herstellung nach GMP-Standards.
building.pharma_lab.name,Pharmazeutisches Labor
building.phosphate_mine.description,Gewinnung von Rohphosphat für die Düngemittelherstellung.
building.phosphate_mine.name,Phosphatmine
building.plantation.description,"Tropische Plantage für den Exportanbau (Kaffee, Kakao, Zucker, Kautschuk)."
building.plantation.name,Plantage
building.potash_mine.description,Untertage-Kaliumgewinnung; wichtiger Düngemittelbestandteil.
building.potash_mine.name,Kalimine
building.power_plant.description,"Eine Energieerzeugungsanlage, die die Infrastruktur und das BIP stärkt."
building.power_plant.name,Kraftwerk
building.rare_earth_mine.description,Gewinnung von Bastnäsit/Monazit mit Trennung vor Ort. Politisch heikles Thema.
building.rare_earth_mine.name,Seltenerdmine
building.refinery.description,Raffineriekomplex zur Herstellung von Erdölprodukten.
building.refinery.name,Ölraffinerie
building.research_lab.description,Spitzenforschungszentrum mit herausragender Forschungsleistung.
building.research_lab.name,Forschungslabor
building.school.description,"Eine Bildungseinrichtung, die Unruhen verringert und das Bevölkerungswachstum leicht ankurbelt."
building.school.name,Öffentliche Schule
building.semiconductor_fab.description,Hochmoderne Waferfertigungsanlage. Strategischer Standort; sehr kapitalintensiv.
building.semiconductor_fab.name,Halbleiterfabrik
building.shipyard.description,Trockendocks für den Handels- und Marineschiffbau.
building.shipyard.name,Werft
building.solar_panel_factory.description,Produktionslinie für Photovoltaikzellen und -module.
building.solar_panel_factory.name,Solarmodulfabrik
building.steel_mill.description,Integrierte Hochofen- und Sauerstoff-Stahlherstellung.
building.steel_mill.name,Stahlwerk
building.strategic_metals_mine.description,"Spezialbergwerk für Batterie- und Legierungsmetalle (Lithium, Kobalt, Nickel, Mangan, Chrom, Wolfram). Die Fördermenge hängt davon ab, welche Vorkommen die Provinz tatsächlich aufweist."
building.strategic_metals_mine.name,Mine für strategische Metalle
building.submarine_pen.description,"Gefestigte Marineanlage, die das Beladen von U-Boot-Flotten mit SLBMs ermöglicht. Unverzichtbar für die nukleare Abschreckung durch U-Boote."
building.submarine_pen.name,U-Boot-Bunker
building.tech_park.description,"Ein Hightech-Campus, der das BIP und die Forschungsleistung steigert."
building.tech_park.name,Technologiepark
building.telecom_network.description,"Eine Kommunikationsinfrastruktur, die die Vernetzung und die Forschung verbessert."
building.telecom_network.name,Telekommunikationsnetz
building.textile_mill.description,"Integrierte Spinnerei, Weberei und Färberei."
building.textile_mill.name,Textilfabrik
building.tin_mine.description,Kassiteritgewinnung in Provinzen mit latenten Zinnvorkommen.
building.tin_mine.name,Zinnmine
building.trade_port.description,"Eine Handelsanlage an der Küste, die das BIP und die Rohstoffproduktion erheblich steigert."
building.trade_port.name,Handelshafen
building.university.description,"Eine Hochschule, die Forschung vorantreibt und Arbeitsplätze schafft."
building.university.name,Universität
building.uranium_mine.description,Spezialbergwerk für radioaktives Erz. Latente Uranvorkommen erforderlich.
building.uranium_mine.name,Uranmine
building.water_treatment.description,"Eine Trinkwasserversorgungsanlage, die die Infrastruktur verbessert und die Gesundheit der Bevölkerung fördert."
building.water_treatment.name,Wasseraufbereitung
building.wind_turbine_factory.description,Fertigung schwerer Turbinengondeln und -schaufeln.
building.wind_turbine_factory.name,Windkraftanlagenfabrik
cancelnonaggression,Den Nichtangriffspakt aufkündigen
canceltradeagreement,Handelsabkommen kündigen
climateagreement,Klimaschutzabkommen
coalitionwar,Koalitionskrieg
confirm.delete_save.msg,Möchtest du diese Speicherdatei wirklich löschen?
confirm.delete_save.title,SPEICHERDATEI LÖSCHEN
confirm.new_game.msg,Ein neues Spiel starten? Der aktuelle Spielstand geht dabei verloren.
confirm.new_game.title,NEUES SPIEL
confirm.overwrite_save.msg,Es gibt bereits eine Datei mit diesem Namen. Möchtest du sie überschreiben?
confirm.overwrite_save.title,SPEICHERDATEI ÜBERSCHREIBEN
confirm.quit_desktop.msg,Möchtest du wirklich beenden? Nicht gespeicherte Fortschritte gehen verloren.
confirm.quit_desktop.title,ZURÜCK ZUM DESKTOP
confirm.quit_menu.msg,Zurück zum Hauptmenü? Ungespeicherte Fortschritte gehen verloren.
confirm.quit_menu.title,ZURÜCK ZUM MENÜ
country.homeland.ARE,DAS EMIRAT
country.homeland.ARG,LA PATRIA
country.homeland.BRA,DIE HEIMAT
country.homeland.CHN,DIE VOLKSREPUBLIK
country.homeland.DEU,VATERLAND
country.homeland.EGY,DER NIL
country.homeland.ESP,LA PATRIA
country.homeland.FRA,LA PATRIE
country.homeland.GBR,GROSSBRITANNIEN
country.homeland.GRC,DIE HEIMAT
country.homeland.IND,BHARAT
country.homeland.IRN,DIE ISLAMISCHE REPUBLIK
country.homeland.ISR,DAS HEILIGE LAND
country.homeland.ITA,DIE HEIMAT
country.homeland.JPN,NIPPON
country.homeland.KOR,HANGUK
country.homeland.KWT,DAS EMIRAT
country.homeland.MEX,LA PATRIA
country.homeland.POL,OJCZYZNA
country.homeland.PRK,DIE REPUBLIK
country.homeland.QAT,DAS EMIRAT
country.homeland.RUS,MUTTERLAND
country.homeland.SAU,DAS KÖNIGREICH
country.homeland.TUR,VATAN
country.homeland.UKR,UKRAINE
country.homeland.USA,HEIMAT
country.homeland.default,HEIMAT
country.homeland.default.authoritarian,DIE NATION
country.homeland.default.military_junta,DER STAAT
country.homeland.default.monarchy,DAS KÖNIGREICH
country.homeland.default.one_party,DIE REPUBLIK
country.homeland.default.theocracy,DAS HEILIGE LAND
country.homeland.term.bharat,BHARAT
country.homeland.term.britain,GROSSBRITANNIEN
country.homeland.term.fatherland,VATERLAND
country.homeland.term.homeland,HEIMAT
country.homeland.term.la_patrie,LA PATRIE
country.homeland.term.motherland,MUTTERLAND
country.homeland.term.nippon,NIPPON
country.homeland.term.northern_cyprus,NORDZYPERN
country.homeland.term.somaliland,SOMALILAND
country.homeland.term.taiwan,TAIWAN
country.homeland.term.the_holy_land,DAS HEILIGE LAND
country.homeland.term.the_holy_see,DER HEILIGE STUHL
country.homeland.term.the_islamic_republic,DIE ISLAMISCHE REPUBLIK
country.homeland.term.the_kingdom,DAS KÖNIGREICH
country.homeland.term.the_peoples_republic,DIE VOLKSREPUBLIK
country.homeland.term.ukraine,UKRAINE
country.homeland.term.vatan,VATAN
country.homeland.term.western_sahara,WESTSAHARA
country.leader_title.acting_president,Amtierender Präsident
country.leader_title.captains_regent,Regent
country.leader_title.chairman,Vorsitzender
country.leader_title.chancellor,Kanzler
country.leader_title.chief_adviser,Chefberater
country.leader_title.chief_executive,Geschäftsführer
country.leader_title.chief_minister,Ministerpräsident
country.leader_title.crown_prince,Kronprinz
country.leader_title.emir,Emir
country.leader_title.federal_council,Bundesrat
country.leader_title.general_secretary,Generalsekretär
country.leader_title.governor,Gouverneur
country.leader_title.head_of_government,Regierungschef
country.leader_title.king,König
country.leader_title.pope,Papst
country.leader_title.premier,Premier
country.leader_title.president,Präsident
country.leader_title.presidential_council,Präsidialrat
country.leader_title.prime_minister,Ministerpräsident
country.leader_title.prince,Prinz
country.leader_title.sultan,Sultan
country.leader_title.supreme_leader,Oberster Führer
country.leader_title.taoiseach,Taoiseach
country.name.ABW,Aruba
country.name.AFE,Ost- und Südafrika
country.name.AFG,Afghanistan
country.name.AFW,West- und Zentralafrika
country.name.AGO,Angola
country.name.ALB,Albanien
country.name.AND,Andorra
country.name.ARB,Arabische Welt
country.name.ARE,Vereinigte Arabische Emirate
country.name.ARG,Argentinien
country.name.ARM,Armenien
country.name.ASM,Amerikanisch-Samoa
country.name.ATG,Antigua und Barbuda
country.name.AUS,Australien
country.name.AUT,Österreich
country.name.AZE,Aserbaidschan
country.name.BDI,Burundi
country.name.BEL,Belgien
country.name.BEN,Benin
country.name.BFA,Burkina Faso
country.name.BGD,Bangladesch
country.name.BGR,Bulgarien
country.name.BHR,Bahrain
country.name.BHS,Bahamas
country.name.BIH,Bosnien und Herzegowina
country.name.BLR,Weißrussland
country.name.BLZ,Belize
country.name.BMU,Bermuda
country.name.BOL,Bolivien
country.name.BRA,Brasilien
country.name.BRB,Barbados
country.name.BRN,Brunei
country.name.BTN,Bhutan
country.name.BWA,Botswana
country.name.CAF,Zentralafrikanische Republik
country.name.CAN,Kanada
country.name.CEB,Mitteleuropa und das Baltikum
country.name.CHE,Schweiz
country.name.CHI,Kanalinseln
country.name.CHL,Chile
country.name.CHN,China
country.name.CIV,Elfenbeinküste
country.name.CMR,Kamerun
country.name.COD,Demokratische Republik Kongo
country.name.COG,Republik Kongo
country.name.COL,Kolumbien
country.name.COM,Komoren
country.name.CPV,Kap Verde
country.name.CRI,Costa Rica
country.name.CSS,Kleine Staaten der Karibik
country.name.CUB,Kuba
country.name.CUW,Curaçao
country.name.CYM,Kaimaninseln
country.name.CYN,Nordzypern
country.name.CYP,Republik Zypern
country.name.CZE,Tschechische Republik
country.name.DEU,Deutschland
country.name.DJI,Dschibuti
country.name.DMA,Dominica
country.name.DNK,Dänemark
country.name.DOM,Dominikanische Republik
country.name.DZA,Algerien
country.name.EAP,Ostasien und Pazifikraum
country.name.EAR,Frühe demografische Dividende
country.name.EAS,Ostasien und Pazifikraum (ohne Länder mit hohem Einkommen)
country.name.ECA,Europa und Zentralasien
country.name.ECS,Europa und Zentralasien (ohne Länder mit hohem Einkommen)
country.name.ECU,Ecuador
country.name.EGY,Ägypten
country.name.EMU,Eurozone
country.name.ERI,Eritrea
country.name.ESP,Spanien
country.name.EST,Estland
country.name.ETH,Äthiopien
country.name.EUU,Europäische Union
country.name.FCS,Fragile und von Konflikten betroffene Situationen
country.name.FIN,Finnland
country.name.FJI,Fidschi
country.name.FRA,Frankreich
country.name.FRO,Färöer
country.name.FSM,Mikronesien
country.name.GAB,Gabun
country.name.GBR,Vereinigtes Königreich
country.name.GEO,Georgien
country.name.GHA,Ghana
country.name.GIB,Gibraltar
country.name.GIN,Guinea
country.name.GMB,Gambia
country.name.GNB,Guinea-Bissau
country.name.GNQ,Äquatorialguinea
country.name.GRC,Griechenland
country.name.GRD,Grenada
country.name.GRL,Grönland
country.name.GTM,Guatemala
country.name.GUM,Guam
country.name.GUY,Guyana
country.name.HKG,Hongkong
country.name.HND,Honduras
country.name.HPC,Hochverschuldete arme Länder (HIPC)
country.name.HRV,Kroatien
country.name.HTI,Haiti
country.name.HUN,Ungarn
country.name.IBD,IBRD-Länder
country.name.IBT,IDA und IBRD insgesamt
country.name.IDA,IDA-Länder
country.name.IDB,IDA-Mischländer
country.name.IDN,Indonesien
country.name.IDX,Nur IDA-Länder
country.name.IMN,Isle of Man
country.name.IND,Indien
country.name.IRL,Irland
country.name.IRN,Iran
country.name.IRQ,Irak
country.name.ISL,Island
country.name.ISR,Israel
country.name.ITA,Italien
country.name.JAM,Jamaika
country.name.JOR,Jordanien
country.name.JPN,Japan
country.name.KAZ,Kasachstan
country.name.KEN,Kenia
country.name.KGZ,Kirgisistan
country.name.KHM,Kambodscha
country.name.KIR,Kiribati
country.name.KNA,St. Kitts und Nevis
country.name.KOR,Südkorea
country.name.KWT,Kuwait
country.name.LAC,Lateinamerika und die Karibik
country.name.LAO,Laos
country.name.LBN,Libanon
country.name.LBR,Liberia
country.name.LBY,Libyen
country.name.LCA,St. Lucia
country.name.LCN,Lateinamerika und die Karibik (ohne Länder mit hohem Einkommen)
country.name.LDC,Am wenigsten entwickelte Länder
country.name.LIE,Liechtenstein
country.name.LKA,Sri Lanka
country.name.LMY,Länder mit niedrigem und mittlerem Einkommen
country.name.LSO,Lesotho
country.name.LTE,Späte demografische Dividende
country.name.LTU,Litauen
country.name.LUX,Luxemburg
country.name.LVA,Lettland
country.name.MAC,Macau
country.name.MAF,Saint Martin
country.name.MAR,Marokko
country.name.MCO,Monaco
country.name.MDA,Moldawien
country.name.MDG,Madagaskar
country.name.MDV,Malediven
country.name.MEA,Naher Osten und Nordafrika
country.name.MEX,Mexiko
country.name.MHL,Marshallinseln
country.name.MIC,Länder mit mittlerem Einkommen
country.name.MKD,Nordmazedonien
country.name.MLI,Mali
country.name.MLT,Malta
country.name.MMR,Myanmar
country.name.MNA,Naher Osten und Nordafrika (ohne Länder mit hohem Einkommen)
country.name.MNE,Montenegro
country.name.MNG,Mongolei
country.name.MNP,Nördliche Marianen
country.name.MOZ,Mosambik
country.name.MRT,Mauretanien
country.name.MUS,Mauritius
country.name.MWI,Malawi
country.name.MYS,Malaysia
country.name.NAC,Nordamerika
country.name.NAM,Namibia
country.name.NCL,Neukaledonien
country.name.NER,Niger
country.name.NGA,Nigeria
country.name.NIC,Nicaragua
country.name.NLD,Niederlande
country.name.NOR,Norwegen
country.name.NPL,Nepal
country.name.NRU,Nauru
country.name.NZL,Neuseeland
country.name.OED,OECD-Länder
country.name.OMN,Oman
country.name.OSS,Andere Kleinstaaten
country.name.PAK,Pakistan
country.name.PAN,Panama
country.name.PER,Peru
country.name.PHL,Philippinen
country.name.PLW,Palau
country.name.PNG,Papua-Neuguinea
country.name.POL,Polen
country.name.PRE,Vor der demografischen Dividende
country.name.PRI,Puerto Rico
country.name.PRK,Nordkorea
country.name.PRT,Portugal
country.name.PRY,Paraguay
country.name.PSE,Palästina
country.name.PSS,Kleine Inselstaaten im Pazifik
country.name.PST,Die Zeit nach der demografischen Dividende
country.name.PYF,Französisch-Polynesien
country.name.QAT,Katar
country.name.ROU,Rumänien
country.name.RUS,Russland
country.name.RWA,Ruanda
country.name.SAH,Westsahara
country.name.SAS,Südasien
country.name.SAU,Saudi-Arabien
country.name.SDN,Sudan
country.name.SEN,Senegal
country.name.SGP,Singapur
country.name.SLB,Salomonen
country.name.SLE,Sierra Leone
country.name.SLV,El Salvador
country.name.SMR,San Marino
country.name.SOL,Somaliland
country.name.SOM,Somalia
country.name.SRB,Serbien
country.name.SSA,Subsahara-Afrika
country.name.SSD,Südsudan
country.name.SSF,Subsahara-Afrika (ohne Länder mit hohem Einkommen)
country.name.SST,Kleine Staaten
country.name.STP,São Tomé und Príncipe
country.name.SUR,Suriname
country.name.SVK,Slowakei
country.name.SVN,Slowenien
country.name.SWE,Schweden
country.name.SWZ,Eswatini
country.name.SXM,Sint Maarten
country.name.SYC,Seychellen
country.name.SYR,Syrien
country.name.TCA,Turks- und Caicosinseln
country.name.TCD,Tschad
country.name.TEA,Ostasien und Pazifikraum (IDA und IBRD)
country.name.TEC,Europa und Zentralasien (IDA und IBRD)
country.name.TGO,Togo
country.name.THA,Thailand
country.name.TJK,Tadschikistan
country.name.TKM,Turkmenistan
country.name.TLA,Lateinamerika und die Karibik (IDA und IBRD)
country.name.TLS,Osttimor
country.name.TMN,Naher Osten und Nordafrika (IDA und IBRD)
country.name.TON,Tonga
country.name.TSA,Südasien (IDA und IBRD)
country.name.TSS,Subsahara-Afrika (IDA und IBRD)
country.name.TTO,Trinidad und Tobago
country.name.TUN,Tunesien
country.name.TUR,Türkei
country.name.TUV,Tuvalu
country.name.TWN,Taiwan
country.name.TZA,Tansania
country.name.UGA,Uganda
country.name.UKR,Ukraine
country.name.URY,Uruguay
country.name.USA,Vereinigte Staaten
country.name.UZB,Usbekistan
country.name.VAT,Vatikanstadt
country.name.VCT,St. Vincent und die Grenadinen
country.name.VEN,Venezuela
country.name.VGB,Britische Jungferninseln
country.name.VIR,Amerikanische Jungferninseln
country.name.VNM,Vietnam
country.name.VUT,Vanuatu
country.name.WLD,Welt
country.name.WSM,Samoa
country.name.XKX,Kosovo
country.name.YEM,Jemen
country.name.ZAF,Südafrika
country.name.ZMB,Sambia
country.name.ZWE,Simbabwe
credits.attributions_title,— QUELLENANGABEN VON DRITTANBIETERN —
credits.close_hint,"Klicken Sie auf eine beliebige Stelle oder drücken Sie die ESC-Taste, um das Fenster zu schließen"
credits.disclaimer_body,"„Global Protocol: New World Order“ ist ein fiktionales Werk. Verweise auf reale Länder, Staats- und Regierungschefs, Organisationen und Ereignisse werden im Rahmen einer geopolitischen Simulation mit alternativem Geschichtsverlauf verwendet. Alle dargestellten Handlungen, Entscheidungen, Äußerungen und Ergebnisse sind rein fiktiv und spiegeln nicht das tatsächliche Verhalten, die Ansichten oder Absichten einer realen Person, Regierung oder Institution wider. Das Spiel enthält keine fotografischen Abbildungen, Sprachaufnahmen oder wörtlichen Zitate lebender Personen. Dieses Werk ist als künstlerischer Ausdruck gemäß Artikel 5 Absatz 3 des deutschen Grundgesetzes (Kunstfreiheit) und entsprechenden Schutzbestimmungen zur Meinungsfreiheit geschützt."
credits.disclaimer_title,— HAFTUNGSAUSSCHLUSS FÜR FIKTIVE INHALTE —
credits.footer,© 2026 Dorlion Interactive. Alle Rechte vorbehalten.
credits.name_lead,Dorlion Interactive
credits.role_lead,LEITENDER ENTWICKLER
credits.team_title,— ENTWICKLUNG —
credits.version_format,Version {0} — Erstellt {1}
date.day_month_year,{0} {1} {2}
date.in_days,in {0} Tagen
date.month.1,Jan
date.month.10,Okt
date.month.11,Nov
date.month.12,Dez
date.month.2,Feb
date.month.3,Mar
date.month.4,Apr
date.month.5,Mai
date.month.6,Jun
date.month.7,Jul
date.month.8,Aug
date.month.9,Sep
date.on_month_year,auf {0} {1}
declarewar,Den Krieg erklären
defense,Verteidigung
defensepact,Verteidigungsabkommen
defensive,Defensiv
difficulty.easy,EINFACH
difficulty.easy.desc,"Geringere Aggressivität der KI, wirtschaftliche Boni, schnellere Forschung."
difficulty.expert,EXPERTE
difficulty.expert.desc,Eine echte Herausforderung. Nur für erfahrene Spieler.
difficulty.hard,ANSPRUCHSVOLL
difficulty.hard.desc,"Aggressive KI, wirtschaftliche Sanktionen, verlangsamte Forschung."
difficulty.normal,NORMAL
difficulty.normal.desc,Das klassische Spielerlebnis. So ist das Spiel gedacht.
difficulty.title,SCHWIERIGKEITSGRAD
effect.defense,VERTEIDIGUNG
effect.gdp,Bruttoinlandsprodukt
effect.infra,INFRA
effect.pop_growth,BEVÖLKERUNGSWACHSTUM
effect.research,FORSCHUNG
effect.resource,RESSOURCE
effect.utility,Praktischer Nutzen
enum.AllianceType.DefensePact,Verteidigungsabkommen
enum.AllianceType.Economic,Wirtschaftsunion
enum.AllianceType.InternationalOrg,Internationale Organisation
enum.AllianceType.Military,Militärbündnis
enum.AllianceType.Political,Politisches Bündnis
enum.AllianceType.TradeAgreement,Handelsabkommen
enum.Continent.Africa,Afrika
enum.Continent.Americas,Amerika
enum.Continent.Antarctica,Antarktis
enum.Continent.Asia,Asien
enum.Continent.Europe,Europa
enum.Continent.Oceania,Ozeanien
enum.Continent.Unknown,Unbekannt
enum.GovernmentSubtype.AbsoluteMonarchy,Absolute Monarchie
enum.GovernmentSubtype.Anarchy,Anarchie
enum.GovernmentSubtype.Despotic,despotisch
enum.GovernmentSubtype.FederalRepublic,Bundesrepublik
enum.GovernmentSubtype.IlliberalDemocracy,Illiberale Demokratie
enum.GovernmentSubtype.LiberalDemocracy,Liberale Demokratie
enum.GovernmentSubtype.MilitaryDictatorship,Militärdiktatur
enum.GovernmentSubtype.None,Keine
enum.GovernmentSubtype.OnePartyState,Einparteienstaat
enum.GovernmentSubtype.ParliamentaryMonarchy,parlamentarische Monarchie
enum.GovernmentSubtype.SocialistRepublic,Sozialistische Republik
enum.GovernmentSubtype.Stratocracy,Stratokratie
enum.GovernmentSubtype.Theocracy,Theokratie
enum.GovernmentSubtype.Transitional,Übergangs-
enum.GovernmentType.Authoritarian,autoritär
enum.GovernmentType.CommunistState,kommunistischer Staat
enum.GovernmentType.Democracy,Demokratie
enum.GovernmentType.Hybrid,Hybridmodell
enum.GovernmentType.MilitaryJunta,Militärjunta
enum.GovernmentType.Monarchy,Monarchie
enum.GovernmentType.OneParty,Einparteienstaat
enum.GovernmentType.Theocracy,Theokratie
enum.GovernmentType.Transitional,Übergangs-
enum.GovernmentType.Unknown,Unbekannt
enum.Ideology.Communist,Kommunist
enum.Ideology.Conservative,konservativ
enum.Ideology.Fascist,Faschist
enum.Ideology.Islamist,islamistisch
enum.Ideology.Liberal,liberal
enum.Ideology.Libertarian,libertär
enum.Ideology.Mixed,Gemischt
enum.Ideology.Nationalist,Nationalist
enum.Ideology.Socialist,Sozialist
enum.Ideology.Unknown,Unbekannt
enum.Resource.Agriculture,Landwirtschaft
enum.Resource.Aircraft,Flugzeug
enum.Resource.Aluminum,Aluminium
enum.Resource.Automobiles,Automobile
enum.Resource.Batteries,Batterien
enum.Resource.Bauxite,Bauxit
enum.Resource.Chemicals,Chemikalien
enum.Resource.Chromium,Chrom
enum.Resource.Coal,Kohle
enum.Resource.Cobalt,Kobalt
enum.Resource.Cocoa,Kakao
enum.Resource.Coffee,Kaffee
enum.Resource.Copper,Kupfer
enum.Resource.Corn,Mais
enum.Resource.Cotton,Baumwolle
enum.Resource.Electronics,Elektronik
enum.Resource.Fertilizer,Dünger
enum.Resource.Financials,Finanzdaten
enum.Resource.Fish,Fisch
enum.Resource.Gold,Gold
enum.Resource.Graphite,Graphit
enum.Resource.Helium,Helium
enum.Resource.Iron,Eisen
enum.Resource.Lithium,Lithium
enum.Resource.Livestock,Vieh
enum.Resource.Machinery,Maschinen
enum.Resource.Manganese,Mangan
enum.Resource.NaturalGas,Erdgas
enum.Resource.Nickel,Nickel
enum.Resource.None,Keine
enum.Resource.Oil,Öl
enum.Resource.PalmOil,Palmöl
enum.Resource.Pharmaceuticals,Arzneimittel
enum.Resource.Phosphate,Phosphat
enum.Resource.Plastics,Kunststoffe
enum.Resource.Potash,Kaliumkarbonat
enum.Resource.RareEarths,Seltene Erden
enum.Resource.RefinedPetroleum,Raffinerieprodukte
enum.Resource.Rice,Reis
enum.Resource.Rubber,Gummi
enum.Resource.Semiconductors,Halbleiter
enum.Resource.Services,Dienstleistungen
enum.Resource.Ships,Schiffe
enum.Resource.Silver,Silber
enum.Resource.SolarPanels,Sonnenkollektoren
enum.Resource.Soybeans,Sojabohnen
enum.Resource.Steel,Stiel
enum.Resource.Sugar,Zucker
enum.Resource.Technology,Technologie
enum.Resource.Textiles,Textilien
enum.Resource.Timber,Holz
enum.Resource.Tin,Nachrichten
enum.Resource.Tungsten,Wolfram
enum.Resource.Uranium,Uran
enum.Resource.Wheat,Weizen
enum.Resource.WindTurbines,Windkraftanlagen
enum.Resource.Wool,Wolle
enum.WorldRegion.AustraliaNewZealand,Australien und Neuseeland
enum.WorldRegion.CentralAsia,Zentralasien
enum.WorldRegion.EastAsia,Ostasien
enum.WorldRegion.EasternEurope,Osteuropa
enum.WorldRegion.LatinAmericaCaribbean,Lateinamerika und Karibik
enum.WorldRegion.Melanesia,Melanesien
enum.WorldRegion.Micronesia,Mikronesien
enum.WorldRegion.NorthernAfrica,Nordafrika
enum.WorldRegion.NorthernAmerica,Nordamerika
enum.WorldRegion.NorthernEurope,Nordeuropa
enum.WorldRegion.Polynesia,Polynesien
enum.WorldRegion.SouthAsia,Südasien
enum.WorldRegion.SoutheastAsia,Südostasien
enum.WorldRegion.SouthernEurope,Südeuropa
enum.WorldRegion.SubSaharanAfrica,Subsahara-Afrika
enum.WorldRegion.Unknown,Unbekannt
enum.WorldRegion.WesternAsia,Westasien
enum.WorldRegion.WesternEurope,Westeuropa
envoy.archetype.economic_hitman,Wirtschaftskiller
envoy.archetype.political_architect,Politischer Architekt
envoy.archetype.shadow_operator,Schattenoperator
envoy.archetype.tech_scout,Tech Scout
envoy.op.covert_sabotage,Verdeckte Sabotage
envoy.op.debt_diplomacy,Schulden-Diplomatie
envoy.op.election_interference,Einmischung in Wahlen
envoy.op.regime_change_setup,Vorbereitung für einen Regimewechsel
envoy.op.relation_cultivation,Beziehungspflege
envoy.op.research_acceleration,Beschleunigung der Forschung
envoy.op.tech_acquisition,Übernahme im Technologiebereich
envoy.op.trade_port_leverage,Handelshafen-Hebelwirkung
envoy.opdesc.covert_sabotage,"Führt Sabotageakte durch, die man leugnen kann, um sofortigen Druck auszuüben, wobei das Risiko, bloßgestellt zu werden, bei einem Fehlschlag drastisch steigt."
envoy.opdesc.debt_diplomacy,"Versuche, das Ziel in finanzielle Abhängigkeit zu bringen, wobei man Beziehungsschäden in Kauf nimmt, um größere wirtschaftliche Vorteile zu erzielen."
envoy.opdesc.election_interference,"Mischt sich unter Inanspruchnahme von Einflussmöglichkeiten in den innenpolitischen Prozess des Ziellandes ein, wobei ein echtes diplomatisches Risiko und das Risiko einer öffentlichen Bloßstellung bestehen."
envoy.opdesc.regime_change_setup,Errichtet ein Destabilisierungsnetzwerk mit dem höchsten Ertrag und den härtesten Strafen bei Misserfolg.
envoy.opdesc.relation_cultivation,"Pflegt Kontakte zur Elite, um schrittweise Zugang zum Wirtschaftsleben zu erlangen und bei Erfolg positive Auswirkungen auf die Beziehungen zu erzielen."
envoy.opdesc.research_acceleration,Verwandelt den Zugang aus dem Ausland in eine sicherere Beschleunigung der Forschung mit moderaten diplomatischen Folgen.
envoy.opdesc.tech_acquisition,"Nutzt technisches Know-how, um ausländische Investitionen in Staatskasse und BIP-Wachstum umzuwandeln."
envoy.opdesc.trade_port_leverage,"Übt Druck auf das Handelsnetzwerk des Ziels aus, um direkt Geld abzuschöpfen und die heimische Wirtschaft anzukurbeln."
envoy.phase.deep_state,Deep State
envoy.phase.established,Gegründet
envoy.phase.infiltration,Infiltration
event.agricultural_surplus.description,"Ideale Anbaubedingungen und Fortschritte in der Agrartechnologie haben zu einer Rekordernte geführt. Die Getreidesilos sind voll ausgelastet, und die Einnahmen aus dem Lebensmittelexport werden voraussichtlich deutlich über den Prognosen liegen.\\n\\nDie landwirtschaftlichen Gemeinden verzeichnen die höchsten Einkommen seit einer Generation, und die Zufriedenheit der Landbevölkerung mit der Regierung ist stark gestiegen."
event.agricultural_surplus.option1.text,Den Überschuss zu Spitzenpreisen exportieren
event.agricultural_surplus.option1.tooltip,Kurzfristige Einnahmen maximieren
event.agricultural_surplus.option2.text,Strategische Nahrungsmittelreserven anlegen
event.agricultural_surplus.option2.tooltip,"Geringerer unmittelbarer Ertrag, verbessert jedoch die Ernährungssicherheit"
event.agricultural_surplus.option3.text,Einen Teil als internationale Nahrungsmittelhilfe spenden
event.agricultural_surplus.option3.tooltip,Diplomatisches Ansehen gewinnen
event.agricultural_surplus.title,Rekordernte und Exportüberschuss
event.ai_breakthrough.description,"Ein großes Technologieunternehmen hat einen Durchbruch im Bereich der allgemeinen künstlichen Intelligenz verkündet. Die Technologie verspricht, Industrie, Kriegsführung und Staatsführung zu revolutionieren – birgt jedoch auch existenzielle Risiken."
event.ai_breakthrough.option1.text,Massiv in die KI-Entwicklung investieren – die Führung übernehmen
event.ai_breakthrough.option2.text,Forderung nach einer internationalen Regulierung der KI
event.ai_breakthrough.option3.text,KI-Forschung verbieten – Arbeitsplätze schützen
event.ai_breakthrough.title,Durchbruch in der KI – Allgemeine Künstliche Intelligenz
event.amazon_tipping_point.description,"Wissenschaftler haben erklärt, dass der Amazonas-Regenwald einen unumkehrbaren Wendepunkt erreicht hat. Große Teile verwandeln sich in Savanne, wodurch riesige Mengen an Kohlenstoff freigesetzt werden und die globalen Klimasysteme bedroht sind.\\n\\nDer internationale Druck auf Brasilien nimmt zu, wobei einige Nationen eine „Internationalisierung“ des Amazonas fordern."
event.amazon_tipping_point.option1.text,Wir machen unseren Anspruch geltend – die Verwaltung des Amazonasgebiets liegt in unserer Hand
event.amazon_tipping_point.option2.text,Internationale Klimafinanzierung für den Naturschutz annehmen
event.amazon_tipping_point.title,Der Wendepunkt des Amazonas-Regenwaldes
event.anti_corruption_reform.description,"Eine konsequente Antikorruptionskampagne hat zu hochkarätigen Strafverfahren geführt und mehrere tief verwurzelte Vetternwirtschaftsnetzwerke zerschlagen. Das Vertrauen der Öffentlichkeit in die Institutionen nimmt zu, und das Vertrauen der internationalen Wirtschaft in die Rechtsstaatlichkeit hat sich deutlich verbessert.\\n\\nDie Weltbank hat die Governance-Indikatoren des Landes angehoben, und eine Welle von Investoren, die zuvor gezögert hatten, überdenkt nun ihre Haltung."
event.anti_corruption_reform.option1.text,Die Reform vorantreiben – eine unabhängige Justiz und transparente Auftragsvergabe
event.anti_corruption_reform.option1.tooltip,Strukturwandel; nachhaltige Verbesserung
event.anti_corruption_reform.option2.text,"Die Erfolge bekannt machen, um das Vertrauen in die Institution wiederherzustellen"
event.anti_corruption_reform.option2.tooltip,Ein großer Stabilitätsschub durch das wiedergewonnene Vertrauen der Öffentlichkeit
event.anti_corruption_reform.option3.text,"Die verbesserte Reputation nutzen, um ausländische Investitionen anzuziehen"
event.anti_corruption_reform.option3.tooltip,Vorteile der guten Regierungsführung in wirtschaftliche Erträge umwandeln
event.anti_corruption_reform.title,Antikorruptionskampagne erfolgreich
event.arctic_resource_race.description,"Das schmelzende arktische Eis hat riesige Mineral- und Energievorkommen freigelegt. Russland, Kanada, Norwegen, Dänemark und die USA konkurrieren im Rahmen des Seerechtsübereinkommens der Vereinten Nationen (UNCLOS) um die Hoheitsrechte. Die Spannungen nehmen zu."
event.arctic_resource_race.option1.text,Arktische Ansprüche aggressiv geltend machen
event.arctic_resource_race.option2.text,Einen Arktis-Vertrag für eine gemeinsame Entwicklung vorschlagen
event.arctic_resource_race.option3.text,Schwerpunkt Umweltschutz
event.arctic_resource_race.title,Der Ansturm auf die Ressourcen der Arktis
event.australian_mega_bushfire.description,"Australien erlebt derzeit die schlimmste Buschfeuersaison seit 2019/20. In New South Wales, Victoria und Queensland brennen Millionen Hektar Land. Die wirtschaftlichen Schäden nehmen zu, da ganze Städte evakuiert werden."
event.australian_mega_bushfire.option1.text,Den nationalen Klimanotstand ausrufen und den ökologischen Wandel beschleunigen
event.australian_mega_bushfire.option2.text,Konzentration auf die unmittelbare Brandbekämpfung und den Wiederaufbau
event.australian_mega_bushfire.title,Rekordverdächtige Buschfeuersaison in Australien
event.brics_expansion.description,"Die BRICS-Staaten schlagen vor, den Block um weitere Mitglieder zu erweitern, wodurch möglicherweise ein Konkurrent zur G7 entstehen könnte. Zu den neuen Bewerbern zählen Indonesien, Nigeria und die Türkei."
event.brics_expansion.option1.text,Unterstützen Sie die Erweiterung der BRICS-Staaten und treten Sie dem Bündnis bei
event.brics_expansion.option2.text,Abschwächung und Stärkung der Beziehungen zum Westen
event.brics_expansion.option3.text,Als Beobachter teilnehmen – sich absichern
event.brics_expansion.title,BRICS-Gipfel zur Erweiterung
event.climate_summit_failure.description,"Der jährliche COP-Gipfel ist ohne Einigung zu Ende gegangen. Die größten Emittenten lehnen verbindliche Verpflichtungen ab, und Klimaaktivisten kritisieren die Staats- und Regierungschefs der Welt. Inselstaaten warnen vor einer existenziellen Bedrohung."
event.climate_summit_failure.option1.text,Einseitige CO₂-Reduktionsziele verkünden
event.climate_summit_failure.option2.text,Anderen Ländern die Schuld geben und Verpflichtungen ablehnen
event.climate_summit_failure.option3.text,Einen Fonds für Klimareparationen vorschlagen
event.climate_summit_failure.title,Scheitern des UN-Klimagipfels
event.cultural_export_boom.description,"Eine Welle international gefeierter Filme, Musik, Küche und Mode aus diesem Land hat einen weltweiten Kulturboom ausgelöst. Streaming-Plattformen verzeichnen Rekordzuschauerzahlen bei einheimischen Inhalten, und die Zahl der Sprachkursanmeldungen an Universitäten weltweit ist sprunghaft angestiegen.\\n\\nDie Tourismusanfragen steigen rasant an, und die weltweite Markenbekanntheit des Landes war noch nie so hoch wie heute."
event.cultural_export_boom.option1.text,In Programme zur Kulturdiplomatie investieren
event.cultural_export_boom.option1.tooltip,Soft Power in formelle Beziehungen umsetzen
event.cultural_export_boom.option2.text,Den Export kultureller Güter kommerziell fördern
event.cultural_export_boom.option2.tooltip,Den Moment durch Inhalte und Tourismus gewinnbringend nutzen
event.cultural_export_boom.option3.text,Ausbau der Kulturinstitute und Sprachschulen im Ausland
event.cultural_export_boom.option3.tooltip,Langfristige Infrastruktur für Soft Power
event.cultural_export_boom.title,Ein Moment kultureller Soft Power
event.currency_collapse.description,"Die Landeswährung hat innerhalb weniger Wochen 40 % ihres Wertes verloren. Die Inflation steigt rasant an, die Lebensmittelpreise schießen in die Höhe, und die Bürger tauschen ihre Ersparnisse in Fremdwährung oder Kryptowährung um."
event.currency_collapse.option1.text,Kapitalkontrollen und Währungsbindungen einführen
event.currency_collapse.option2.text,Beantragung eines IWF-Rettungskredits
event.currency_collapse.option3.text,Die Wirtschaft auf den Dollar umstellen
event.currency_collapse.title,Währungszusammenbruch
event.cyber_attack_infrastructure.description,"Ein ausgeklügelter, staatlich geförderter Cyberangriff hat das nationale Stromnetz und die Finanzsysteme lahmgelegt. Der Angriff wird einem feindlich gesinnten Nationalstaat zugeschrieben. Die Wiederherstellung könnte Monate dauern."
event.cyber_attack_infrastructure.option1.text,Mit Cyber-Gegenmaßnahmen zurückschlagen
event.cyber_attack_infrastructure.option2.text,In Cyberabwehr und Widerstandsfähigkeit investieren
event.cyber_attack_infrastructure.option3.text,Fordern Sie eine internationale Untersuchung
event.cyber_attack_infrastructure.title,Großer Cyberangriff auf kritische Infrastruktur
event.demographic_dividend.description,"Jahrzehntelange Investitionen in Bildung und Gesundheitswesen haben eine große, junge und hochqualifizierte Erwerbsbevölkerung hervorgebracht, die gerade ihren produktivsten Lebensabschnitt erreicht. Die Abhängigkeitsquote hat den günstigsten Stand in der jüngeren Geschichte des Landes erreicht.\\n\\nÖkonomen prognostizieren einen anhaltenden, mehrjährigen Wachstumsvorsprung, da diese Bevölkerungsgruppe Konsum, Innovation und Unternehmertum vorantreibt."
event.demographic_dividend.option1.text,"In die Hochschulbildung und Forschung und Entwicklung investieren, um die Produktivität zu maximieren"
event.demographic_dividend.option1.tooltip,Den Qualitätsvorteil der Belegschaft noch verstärken
event.demographic_dividend.option2.text,"Die Arbeitsmärkte liberalisieren, um Arbeitskräfte aufzunehmen"
event.demographic_dividend.option2.tooltip,Schnelles Wachstum bei wettbewerbsfähigen Löhnen
event.demographic_dividend.option3.text,Mit dem Talentpool multinationale Technologieunternehmen anziehen
event.demographic_dividend.option3.tooltip,Ausländische Direktinvestitionen mit Humankapital als Verkaufsargument anziehen
event.demographic_dividend.title,Die demografische Dividende wird freigesetzt
event.eastern_congo_escalation.description,"Von Ruanda unterstützte M23-Rebellen haben wichtige Städte im Osten der Demokratischen Republik Kongo eingenommen. Millionen Menschen sind auf der Flucht, und humanitäre Organisationen bezeichnen die Lage als katastrophal."
event.eastern_congo_escalation.option1.text,Forderung nach einer umfassenden militärischen Intervention der AU
event.eastern_congo_escalation.option2.text,"Eine Militäroffensive starten, um verlorenes Gebiet zurückzuerobern"
event.eastern_congo_escalation.option3.text,Mit Rebellengruppen verhandeln
event.eastern_congo_escalation.title,Eskalation des Krieges im Ostkongo
event.election_upheaval.description,"Eine wichtige Wahl hat zu umstrittenen Ergebnissen geführt. Anhänger der Opposition strömen auf die Straßen, und internationale Beobachter stellen die Legitimität des Wahlverfahrens in Frage. Die amtierende Regierung muss entscheiden, wie sie darauf reagieren soll."
event.election_upheaval.option1.text,Hart gegen Proteste vorgehen und den Notstand ausrufen
event.election_upheaval.option2.text,Eine Nachzählung und internationale Beobachtung akzeptieren
event.election_upheaval.option3.text,Eine Vereinbarung zur Machtteilung aushandeln
event.election_upheaval.title,Umstrittene Wahlergebnisse
event.ethiopian_drought_famine.description,"Ostafrika wurde von der schlimmsten Dürre seit 40 Jahren heimgesucht, wobei {country} von einer möglichen Hungersnot bedroht ist. Millionen Menschen sind vom Hungertod bedroht, und die Reaktion der Regierung steht unter internationaler Beobachtung."
event.ethiopian_drought_famine.option1.text,Den nationalen Notstand ausrufen und um internationale Hilfe bitten
event.ethiopian_drought_famine.option2.text,Das sollten wir intern regeln – wir brauchen keine Einmischung von außen
event.ethiopian_drought_famine.title,Verheerende Dürre am Horn von Afrika
event.eu_defense_summit.description,"Die europäischen Staats- und Regierungschefs sind zusammengekommen, um über die Schaffung einer gemeinsamen europäischen Verteidigungsstreitmacht zu beraten. Französische und deutsche Vorschläge sehen eine gemeinsame Kommandostruktur vor, die unabhängig von der NATO ist."
event.eu_defense_summit.option1.text,Sich für die EU-Verteidigungsstreitkräfte einsetzen
event.eu_defense_summit.option2.text,Auf einer führenden Rolle der NATO bestehen
event.eu_defense_summit.option3.text,Einen zweigleisigen Ansatz vorschlagen
event.eu_defense_summit.title,EU-Gipfel zur gemeinsamen Verteidigung
event.falklands_diplomatic_crisis.description,Argentinien hat seine Souveränitätsansprüche auf die Falklandinseln vor den Vereinten Nationen verschärft und dabei erhebliche Unterstützung aus Lateinamerika erhalten. Großbritannien muss darauf reagieren.
event.falklands_diplomatic_crisis.option1.text,Die Garnison auf den Falklandinseln verstärken
event.falklands_diplomatic_crisis.option2.text,Eine Vereinbarung über gemeinsame Souveränität vorschlagen
event.falklands_diplomatic_crisis.option3.text,Die Vorwürfe vor der UNO zurückweisen
event.falklands_diplomatic_crisis.title,Die diplomatische Krise um die Falklandinseln/Malvinas
event.foreign_investment_surge.description,"Internationale Investoren haben das Land als eines der bevorzugten Ziele für Kapitalinvestitionen identifiziert. Eine stabile Regierungsführung, qualifizierte Arbeitskräfte und ein wachsender Verbrauchermarkt haben zu einem sprunghaften Anstieg der ausländischen Direktinvestitionen geführt.\\n\\nGroße multinationale Konzerne kündigen die Eröffnung neuer Fabriken, die Verlegung regionaler Hauptsitze und langfristige Infrastrukturpartnerschaften an."
event.foreign_investment_surge.option1.text,Rollt den roten Teppich aus – baut Zugangsbarrieren ab
event.foreign_investment_surge.option1.tooltip,Mit steuerlichen Anreizen Kapitalzuflüsse maximieren
event.foreign_investment_surge.option2.text,Direktinvestitionen in vorrangige Branchen
event.foreign_investment_surge.option2.tooltip,Gezieltes Wachstum in strategischen Sektoren
event.foreign_investment_surge.option3.text,"Nutzen Sie Ihren Verhandlungsspielraum, um einen Technologietransfer auszuhandeln"
event.foreign_investment_surge.option3.tooltip,"Geringerer Zustrom, aber Ausbau der inländischen Kapazitäten"
event.foreign_investment_surge.title,Anstieg der Auslandsinvestitionen
event.global_food_price_spike.description,"Eine Kombination aus extremen Wetterereignissen, Exportbeschränkungen und Störungen in der Lieferkette hat zu einem Anstieg der weltweiten Lebensmittelpreise um 40 % geführt. Die Preise für Weizen, Reis und Speiseöl haben historische Höchststände erreicht.\\n\\nEntwicklungsländer sind besonders stark betroffen; aus mehreren Ländern wird von Lebensmittelunruhen berichtet. Das Welternährungsprogramm der Vereinten Nationen hat den Notfall der Stufe 3 ausgerufen."
event.global_food_price_spike.option1.text,Beschränkungen für den Lebensmittelexport einführen
event.global_food_price_spike.option1.tooltip,"Die heimische Versorgung sichern, aber die globale Krise verschärfen"
event.global_food_price_spike.option2.text,Strategische Nahrungsmittelreserven freigeben und Grundnahrungsmittel subventionieren
event.global_food_price_spike.option2.tooltip,"Sofortige Erleichterung, aber finanzielle Belastungen"
event.global_food_price_spike.option3.text,Koordinierung der internationalen Hilfsmaßnahmen über die Vereinten Nationen
event.global_food_price_spike.option3.tooltip,"Multilateraler Ansatz – langsam, aber nachhaltig"
event.global_food_price_spike.title,Weltweite Nahrungsmittelpreiskrise
event.global_oil_shock.description,"Eine plötzliche Unterbrechung der weltweiten Ölversorgung hat zu einem Anstieg der Rohölpreise um 40 % geführt. Die Spannungen in der Straße von Hormus und die Förderkürzungen der OPEC haben zusammen eine Energiekrise ausgelöst, wie sie seit 1973 nicht mehr zu beobachten war."
event.global_oil_shock.option1.text,Strategische Erdölreserven freigeben
event.global_oil_shock.option2.text,Die Energiewende vorantreiben
event.global_oil_shock.option3.text,Direkt mit der OPEC über eine Produktionssteigerung verhandeln
event.global_oil_shock.title,Weltweiter Ölpreisschock
event.global_oil_shock_iran_strikes.description,"Die US-amerikanisch-israelischen Angriffe auf den Iran haben den stärksten Ölpreisanstieg seit dem Embargo von 1973 ausgelöst. Der Preis für Brent-Rohöl ist auf über 180 Dollar pro Barrel gestiegen, da die Märkte mit anhaltenden Störungen des Schiffsverkehrs im Persischen Golf rechnen.\\n\\nDie Krisensitzungen der OPEC+ konnten die Märkte nicht beruhigen, und Regierungen weltweit geben strategische Ölreserven frei."
event.global_oil_shock_iran_strikes.option1.text,Strategische Erdölreserven freigeben
event.global_oil_shock_iran_strikes.option1.tooltip,"Vorübergehende Entlastung, die jedoch die Reserven erschöpft"
event.global_oil_shock_iran_strikes.option2.text,Notfallpreisregulierungen und Rationierungen einführen
event.global_oil_shock_iran_strikes.option2.tooltip,"Preise regulieren, aber Marktverzerrungen riskieren"
event.global_oil_shock_iran_strikes.option3.text,Den Übergang zu erneuerbaren Energien beschleunigen
event.global_oil_shock_iran_strikes.option3.tooltip,"Eine langfristige Lösung, aber kurzfristige wirtschaftliche Einbußen"
event.global_oil_shock_iran_strikes.title,Weltweiter Ölpreisschock
event.global_pandemic_outbreak.description,"In mehreren Ländern wurde ein neuartiger, hochansteckender Erreger nachgewiesen. Ersten Berichten zufolge ist mit einer erheblichen Krankheitslast zu rechnen. Die Gesundheitssysteme weltweit bereiten sich auf die Folgen vor."
event.global_pandemic_outbreak.option1.text,Strenge Grenzschließungen und Ausgangssperren verhängen
event.global_pandemic_outbreak.option2.text,Schwerpunkt auf Impfstoffentwicklung und medizinische Maßnahmen
event.global_pandemic_outbreak.option3.text,Die Gefahr herunterspielen und die Wirtschaft offen halten
event.global_pandemic_outbreak.title,Ausbruch eines neuartigen Krankheitserregers
event.green_energy_transition.description,"Die jahrelangen Investitionen in erneuerbare Energien haben einen Wendepunkt erreicht. Das Land deckt mittlerweile den Großteil seines Strombedarfs aus Solar-, Wind- und Wasserkraft, und die Energiekosten im Inland sind drastisch gesunken.\\n\\nKohlenstoffintensive Wettbewerber sehen sich mit einer Energieinflation konfrontiert, während die heimische Industrie von einem strukturellen Kostenvorteil profitiert. Die internationale Anerkennung dieses Wandels zieht grüne Investitionen und höhere Exporterlöse nach sich."
event.green_energy_transition.option1.text,Grüne Energietechnologie weltweit exportieren
event.green_energy_transition.option1.tooltip,Eine führende Marktposition einnehmen und Exporteinnahmen generieren
event.green_energy_transition.option2.text,Die durch Energieeinsparungen erzielten Mittel in die Reindustrialisierung des Landes investieren
event.green_energy_transition.option2.tooltip,"Nutzen Sie diesen Vorteil, um die Produktion wieder aufzubauen"
event.green_energy_transition.option3.text,"Die Führungsrolle im Klimaschutz nutzen, um multilaterale Beziehungen zu stärken"
event.green_energy_transition.option3.tooltip,Diplomatische Vorteile durch das Engagement als Vorreiter im Umweltschutz
event.green_energy_transition.title,Die Energiewende zahlt sich aus
event.gulf_water_crisis.description,"Entsalzungsanlagen in den Golfstaaten wurden vermutlich durch einen Cyberangriff beschädigt. Saudi-Arabien, die Vereinigten Arabischen Emirate und Katar sind mit akuter Wasserknappheit konfrontiert. Der Iran gilt als Hauptverdächtiger."
event.gulf_water_crisis.option1.text,Mit Cyberangriffen gegen den Iran zurückschlagen
event.gulf_water_crisis.option2.text,Ersuchen um eine Untersuchung durch die USA und militärischen Schutz
event.gulf_water_crisis.option3.text,Direkte Verhandlungen mit Teheran aufnehmen
event.gulf_water_crisis.title,Befürchtungen vor einem Wasserkrieg am Persischen Golf
event.housing_crisis_urban.description,"Die Erschwinglichkeit von Wohnraum hat in den Großstädten einen kritischen Punkt erreicht. Es kommt zu Protesten, da junge Berufstätige sich den Erwerb von Wohneigentum überhaupt nicht mehr leisten können. In den Innenstädten entstehen Zeltlager, und der politische Druck nimmt zu.\\n\\nVerbände der Bauindustrie machen die Regulierung dafür verantwortlich, während Aktivisten Mietpreisbindungen und Investitionen in den sozialen Wohnungsbau fordern."
event.housing_crisis_urban.option1.text,Mietpreisbindungen und Mieterschutzmaßnahmen einführen
event.housing_crisis_urban.option1.tooltip,"Beliebt bei Mietern, könnte aber das Wohnungsangebot verringern"
event.housing_crisis_urban.option2.text,Den Bausektor deregulieren und Anreize für das Bauen schaffen
event.housing_crisis_urban.option2.tooltip,"Marktorientierte Lösung – langsam, aber nachhaltig"
event.housing_crisis_urban.option3.text,Ein umfangreiches Programm zum Bau von Sozialwohnungen auflegen
event.housing_crisis_urban.option3.tooltip,"Direkte staatliche Eingriffe – kostspielig, aber wirksam"
event.housing_crisis_urban.title,Wohnungskrise in den Städten
event.india_china_border_clash.description,Indische und chinesische Truppen sind entlang der tatsächlichen Kontrolllinie in Ladakh aufeinandergetroffen. Bei dem schwersten Grenzkonflikt seit Jahrzehnten sind mehrere Soldaten auf beiden Seiten ums Leben gekommen.\\n\\nBeide Atommächte verlegen Verstärkung an die umstrittene Hochgebirgsgrenze.
event.india_china_border_clash.option1.text,Die Armee mobilisieren und alle Grenzposten verstärken
event.india_china_border_clash.option2.text,Eine diplomatische Lösung über inoffizielle Kanäle anstreben
event.india_china_border_clash.title,LAC-Grenzkonflikt
event.indonesian_capital_move.description,"Indonesien hat „Nusantara“, seine neue Hauptstadt in Ostkalimantan, offiziell eingeweiht, die das zunehmend versinkende Jakarta ablöst. Das 35-Milliarden-Dollar-Projekt ist das ehrgeizigste Stadtentwicklungsprojekt in der Geschichte Südostasiens."
event.indonesian_capital_move.option1.text,Den Umzug beschleunigen – Nusantara voll in Betrieb nehmen
event.indonesian_capital_move.option2.text,Reduzierung und Beibehaltung der beiden Hauptstädte
event.indonesian_capital_move.title,Nusantara: Indonesiens neue Hauptstadt wird eröffnet
event.infrastructure_boom.description,"Ein Jahrzehnt nachhaltiger Infrastrukturinvestitionen hat nun seine Früchte getragen. Neue Hochgeschwindigkeitsbahnstrecken, modernisierte Häfen, ausgebaute Breitbandnetze und modernisierte Stromnetze sorgen für Produktivitätssteigerungen in der gesamten Wirtschaft.\\n\\nDie Logistikkosten sind stark gesunken, regionale Ungleichheiten verringern sich, und das Land hat in den globalen Wettbewerbsrankings deutlich an Boden gewonnen."
event.infrastructure_boom.option1.text,Die nächste Phase der Infrastrukturinvestitionen ankündigen
event.infrastructure_boom.option1.tooltip,Zinseszins-Effekt durch anhaltendes Engagement
event.infrastructure_boom.option2.text,Öffnung der Infrastruktur für die Nachbarn in der Region
event.infrastructure_boom.option2.tooltip,"Die Gewinne teilen, um diplomatische und wirtschaftliche Vorteile zu erzielen"
event.infrastructure_boom.option3.text,Infrastruktur-Know-how international exportieren
event.infrastructure_boom.option3.tooltip,Werden Sie Partner für regionale Entwicklung
event.infrastructure_boom.title,Infrastrukturinvestitionen zahlen sich aus
event.international_aid_windfall.description,"Das Land hat sich durch seinen beständigen Beitrag zu internationalen Friedenssicherungseinsätzen, Katastrophenhilfe und Entwicklungshilfe breite Anerkennung als vorbildlicher internationaler Partner erworben.\\n\\nIm Rahmen einer großen internationalen Geberkonferenz wurden umfangreiche Finanzmittel und technische Hilfe für Programme in Zusammenarbeit mit dem Land bereitgestellt, was sowohl die Wirtschaft als auch das Ansehen des Landes auf internationaler Ebene gestärkt hat."
event.international_aid_windfall.option1.text,Mittel in nationale Entwicklungsprogramme lenken
event.international_aid_windfall.option1.tooltip,Deutliche Fortschritte bei Stabilität und Wohlstand
event.international_aid_windfall.option2.text,"Nutzen Sie das Ansehen, um regionale Abkommen auszuhandeln"
event.international_aid_windfall.option2.tooltip,Gutes Ansehen in diplomatischen Einfluss umwandeln
event.international_aid_windfall.option3.text,Unsere Verpflichtungen im Bereich der internationalen Hilfe ausweiten
event.international_aid_windfall.option3.tooltip,Partnerschaften vertiefen und langfristigen Einfluss ausbauen
event.international_aid_windfall.title,Anerkennung für humanitäres Engagement
event.iran_nuclear_threshold.description,"IAEO-Inspektoren berichten, dass der Iran Uran auf eine Reinheit von 90 % angereichert hat, was waffenfähiger Qualität entspricht. Geheimdienste schätzen, dass der Iran innerhalb weniger Monate eine Atombombe bauen könnte. Die internationale Gemeinschaft steht vor einer entscheidenden Entscheidung."
event.iran_nuclear_threshold.option1.text,Der Welt die nukleare Schlagkraft verkünden
event.iran_nuclear_threshold.option1.tooltip,Die zehnte Atommacht werden – weitreichende diplomatische Folgen
event.iran_nuclear_threshold.option2.text,Zweideutigkeit wahren – weder bestätigen noch dementieren
event.iran_nuclear_threshold.option3.text,Angebot zur Aushandlung eines neuen JCPOA-Abkommens
event.iran_nuclear_threshold.title,Iran steht kurz vor der nuklearen Schwelle
event.iran_proxy_war_escalation.description,"Das Netzwerk der iranischen Stellvertreter hat in der gesamten Region seine Aktivitäten verstärkt. Die Houthi-Kräfte intensivieren ihre Angriffe auf die Schifffahrt im Roten Meer, die Hisbollah hat Raketen auf Nordisrael abgefeuert, und irakische schiitische Milizen haben US-Stützpunkte in Al-Asad und Erbil angegriffen.\\n\\nDer Konflikt droht, die gesamte Region in einen Krieg an mehreren Fronten zu stürzen."
event.iran_proxy_war_escalation.option1.text,Eine Bodenoffensive im Südlibanon starten
event.iran_proxy_war_escalation.option1.tooltip,"Die Bedrohung durch die Hisbollah beseitigen, aber dabei einen Sumpf riskieren"
event.iran_proxy_war_escalation.option2.text,Schwerpunkt auf Luft- und Seeverteidigung
event.iran_proxy_war_escalation.option2.tooltip,"Die Grenzen verteidigen, ohne Bodentruppen einzusetzen"
event.iran_proxy_war_escalation.option3.text,Die Verbündeten um kollektive Verteidigung im Sinne von Artikel 5 des NATO-Vertrags bitten
event.iran_proxy_war_escalation.option3.tooltip,"Den Konflikt internationalisieren, aber die Unterstützung der Verbündeten gewinnen"
event.iran_proxy_war_escalation.title,Eskalation des Stellvertreterkriegs im Nahen Osten
event.iran_retaliation_options.description,"Der IRGC hat nach den US-amerikanisch-israelischen Angriffen die vollständige Mobilisierung abgeschlossen. Die iranischen Raketentruppen befinden sich in höchster Alarmbereitschaft, und schnelle Angriffsboote der Marine sind in der Straße von Hormus stationiert. Die Welt hält den Atem an, während der Iran ankündigt, mit „entschiedener Gewalt“ zu reagieren.\\n\\nDer internationale Schiffsverkehr durch den Persischen Golf ist fast vollständig zum Erliegen gekommen, und die Ölpreise haben sich über Nacht verdoppelt."
event.iran_retaliation_options.option1.text,Die Straße von Hormus sperren
event.iran_retaliation_options.option1.tooltip,Die weltweite Ölversorgung blockieren – eine wirtschaftliche Massenvernichtungswaffe
event.iran_retaliation_options.option2.text,Israelische Städte mit ballistischen Raketen angreifen
event.iran_retaliation_options.option2.tooltip,Direkte Angriffe auf Ballungszentren – Gefahr eines totalen Krieges
event.iran_retaliation_options.option3.text,Zeige Zurückhaltung und verhandle aus der Opferrolle heraus
event.iran_retaliation_options.option3.tooltip,"Internationale Sympathie gewinnen, militärische Ressourcen für später schonen"
event.iran_retaliation_options.title,Die militärische Reaktion des Iran
event.israeli_response_iran_nuclear.description,"Geheimdienstinformationen bestätigen Irans Fortschritte im Nuklearbereich. Das israelische Kabinett beruft eine Sondersitzung ein, um militärische Optionen zu erörtern."
event.israeli_response_iran_nuclear.option1.text,Angriff auf iranische Nuklearanlagen
event.israeli_response_iran_nuclear.option2.text,Raketenabwehrsysteme vorantreiben
event.israeli_response_iran_nuclear.option3.text,Eine von den USA angeführte diplomatische Lösung anstreben
event.israeli_response_iran_nuclear.title,Die israelische Reaktion auf das iranische Atomprogramm
event.japanese_article9_reform.description,Das japanische Parlament hat die erforderliche Zweidrittelmehrheit für eine Änderung von Artikel 9 der Verfassung erreicht. Ein nationales Referendum über die Streichung der Pazifikklausel ist geplant.\\n\\nDiese Entscheidung wird Japans Rolle in der asiatischen Sicherheitspolitik grundlegend neu gestalten.
event.japanese_article9_reform.option1.text,Lasst das Referendum stattfinden – das Volk wird entscheiden
event.japanese_article9_reform.option2.text,Reformen verschieben – der Zeitpunkt ist noch nicht günstig
event.japanese_article9_reform.title,Die Reform von Artikel 9 der japanischen Verfassung
event.kashmir_border_skirmish.description,Entlang der Kontrolllinie in Kaschmir sind Schüsse gefallen. Sowohl Indien als auch Pakistan mobilisieren Truppen in der Region. Von beiden Seiten wird von Opfern berichtet.
event.kashmir_border_skirmish.option1.text,"Einen grenzüberschreitenden Angriff starten, um den Angreifer zu bestrafen"
event.kashmir_border_skirmish.option2.text,"Die Stellungen an der Grenze verstärken, aber nicht schießen"
event.kashmir_border_skirmish.option3.text,Bilaterale Gespräche zur Deeskalation vorschlagen
event.kashmir_border_skirmish.title,Grenzscharmützel in Kaschmir
event.korean_peninsula_provocation.description,"Nordkorea hat eine Interkontinentalrakete getestet, die direkt über Japan flog, bevor sie im Pazifik ins Meer stürzte. Es wird angenommen, dass die Rakete das US-Festland erreichen kann.\\n\\nDer UN-Sicherheitsrat hat eine Dringlichkeitssitzung einberufen."
event.korean_peninsula_provocation.option1.text,Eine vollständige Wirtschaftsblockade gegen Nordkorea verhängen
event.korean_peninsula_provocation.option2.text,Weitere THAAD-Batterien in Südkorea stationieren
event.korean_peninsula_provocation.option3.text,Direkte Verhandlungen mit Pjöngjang anbieten
event.korean_peninsula_provocation.title,Start einer nordkoreanischen Interkontinentalrakete in der Nähe von Japan
event.korean_peninsula_tensions.description,"Nordkorea hat eine Interkontinentalrakete abgefeuert, die über Japan hinwegflog und im Pazifischen Ozean einschlug. Der Abschuss zeugt von einer erhöhten Reichweite und Genauigkeit. Eine Sondersitzung der UNO wurde beantragt."
event.korean_peninsula_tensions.option1.text,Beantragung des Einsatzes weiterer US-amerikanischer THAAD-Systeme
event.korean_peninsula_tensions.option2.text,Direkte Gespräche mit Pjöngjang vorschlagen
event.korean_peninsula_tensions.option3.text,Als Reaktion darauf gemeinsame Militärübungen durchführen
event.korean_peninsula_tensions.title,Raketentest Nordkoreas
event.major_earthquake.description,"Ein Erdbeben der Stärke 7,5 hat die Region erschüttert und weitreichende Zerstörungen verursacht. Gebäude sind eingestürzt, die Infrastruktur ist beschädigt, und Tausende werden vermisst. Internationale Hilfslieferungen treffen in großer Zahl ein."
event.major_earthquake.option1.text,Alle Hilfsleistungen aus dem Ausland annehmen und die Grenzen für Rettungskräfte öffnen
event.major_earthquake.option2.text,Die Lage im Inland bewältigen – nationale Stärke demonstrieren
event.major_earthquake.title,Verheerendes Erdbeben
event.mass_migration_wave.description,Der steigende Meeresspiegel und extreme Wetterereignisse haben Millionen Menschen aus gefährdeten Küstenregionen vertrieben. Benachbarte und wohlhabende Länder sehen sich einem beispiellosen Migrationsdruck ausgesetzt.
event.mass_migration_wave.option1.text,Ein Programm zur Neuansiedlung von Klimaflüchtlingen ins Leben rufen
event.mass_migration_wave.option2.text,Die Grenzkontrollen verstärken
event.mass_migration_wave.option3.text,Internationale Anpassungsprogramme finanzieren
event.mass_migration_wave.title,Massenmigration aufgrund der Klimakrise
event.mexican_cartel_crisis.description,"Die Gewalt durch die Kartelle hat in {country} ein noch nie dagewesenes Ausmaß erreicht. Mehrere Bundesstaaten sind faktisch unter die Kontrolle der Kartelle geraten, und die US-Regierung droht mit einer direkten Intervention.\\n\\nDer Präsident muss entscheiden, wie er auf diese Sicherheitskrise reagieren soll, die die nationale Souveränität bedroht."
event.mexican_cartel_crisis.option1.text,Eine umfassende Militäroffensive gegen die Kartelle starten
event.mexican_cartel_crisis.option2.text,Die Sicherheitshilfe der USA annehmen
event.mexican_cartel_crisis.option3.text,Mit den Anführern des Kartells verhandeln
event.mexican_cartel_crisis.option3.tooltip,"Risikobehaftet, könnte aber die Gewalt verringern"
event.mexican_cartel_crisis.title,Ausnahmezustand im mexikanischen Kartellstaat
event.military_coup_attempt.description,"Teile des Militärs haben in einer Operation im Morgengrauen versucht, die Macht zu ergreifen. In der Hauptstadt wurden Panzer gesichtet, und die Kommunikationsnetze sind teilweise unterbrochen.\\n\\nDie Lage ist weiterhin unübersichtlich – es ist unklar, ob die zivile Regierung oder die Putschisten die Kontrolle haben. Die internationale Verurteilung lässt nicht lange auf sich warten."
event.military_coup_attempt.option1.text,Mobilisiere treue Militäreinheiten und schlage den Putsch nieder
event.military_coup_attempt.option1.tooltip,Zivile Autorität durchsetzen – Gefahr von Gewalt
event.military_coup_attempt.option2.text,Mit den Putschisten über eine Vereinbarung zur Machtteilung verhandeln
event.military_coup_attempt.option2.tooltip,"Blutvergießen vermeiden, aber eine militärische Intervention legitimieren"
event.military_coup_attempt.option3.text,Das Land verlassen und um internationale Intervention bitten
event.military_coup_attempt.option3.tooltip,"Die persönliche Sicherheit wird gewahrt, doch die Legitimität im Inland geht verloren"
event.military_coup_attempt.title,Versuch eines Militärputsches
event.nigerian_election_crisis.description,"Die Präsidentschaftswahlen in Nigeria sind im Chaos versunken. Oppositionsparteien werfen massiven Wahlbetrug vor, und in Lagos, Abuja und im Süden des Landes sind gewalttätige Proteste ausgebrochen.\\n\\nDas Militär warnt vor einer möglichen Intervention, um „die Ordnung wiederherzustellen“."
event.nigerian_election_crisis.option1.text,"Das Militär einsetzen, um Proteste niederzuschlagen"
event.nigerian_election_crisis.option2.text,Eine Neuauszählung unter Aufsicht internationaler Beobachter zulassen
event.nigerian_election_crisis.option3.text,einer Vereinbarung zur Machtteilung zustimmen
event.nigerian_election_crisis.title,Umstrittene Wahlen in Nigeria
event.nile_dam_crisis.description,"Äthiopien hat damit begonnen, den Grand Ethiopian Renaissance Dam ohne Zustimmung der flussabwärts gelegenen Länder zu befüllen. Ägypten warnt, dass dies seine Wasserversorgungssicherheit und das Überleben seiner Landwirtschaft gefährde."
event.nile_dam_crisis.option1.text,Militärische Angriffe auf den Damm genehmigen
event.nile_dam_crisis.option1.tooltip,Eine extreme Option – könnte einen regionalen Krieg auslösen
event.nile_dam_crisis.option2.text,An den UN-Sicherheitsrat weiterleiten
event.nile_dam_crisis.option3.text,Eine Vereinbarung über die gemeinsame Wassernutzung aushandeln
event.nile_dam_crisis.title,Krise um den Nil-Staudamm – Streit um den GERD
event.peace_dividend.description,"Eine anhaltende Phase regionaler Stabilität und die Beilegung mehrerer langjähriger Konflikte haben zu spürbaren Friedensdividenden geführt. Der Druck auf die Verteidigungsausgaben hat nachgelassen, der grenzüberschreitende Handel boomt, und das Vertrauen der Investoren in die Region ist so hoch wie seit zehn Jahren nicht mehr.\\n\\nDie Bürger zeigen sich optimistischer in Bezug auf die Zukunft, und die Abwanderungsraten sind stark zurückgegangen."
event.peace_dividend.option1.text,Einsparungen im Verteidigungsbereich in die Infrastruktur umleiten
event.peace_dividend.option1.tooltip,Frieden in dauerhafte wirtschaftliche Vorteile umwandeln
event.peace_dividend.option2.text,"Die Stabilität nutzen, um mutige innenpolitische Reformen voranzutreiben"
event.peace_dividend.option2.tooltip,"Strukturelle Probleme angehen, solange das Vertrauen der Öffentlichkeit groß ist"
event.peace_dividend.option3.text,Regionale Integrationsabkommen stärken
event.peace_dividend.option3.tooltip,Dauerhafte institutionelle Beziehungen aufbauen
event.peace_dividend.title,Regionale Friedensdividende
event.polish_belarus_border_crisis.description,"Weißrussland hat eine massive Migrationswelle aus dem Nahen Osten und Afrika in Richtung der polnischen Grenze inszeniert. Tausende campieren bei eisigen Temperaturen, und Polen hat das Militär entsandt.\\n\\nDie NATO berät derzeit darüber, ob dies einen Fall nach Artikel 5 darstellt."
event.polish_belarus_border_crisis.option1.text,Die Grenze mit militärischer Gewalt vollständig abriegeln
event.polish_belarus_border_crisis.option2.text,Konsultationen gemäß Artikel 4 des NATO-Vertrags einleiten
event.polish_belarus_border_crisis.title,Hybride Kriegsführung an der polnisch-weißrussischen Grenze
event.refugee_crisis.description,"Eine humanitäre Krise hat Millionen Menschen vertrieben, und Flüchtlinge strömen in Scharen in die Nachbarländer. Die Anrainerstaaten stehen unter dem Druck, den Zustrom entweder aufzunehmen oder abzuweisen."
event.refugee_crisis.option1.text,Offene Grenzen und Aufnahme von Flüchtlingen
event.refugee_crisis.option2.text,Eine begrenzte Anzahl von Bewerbern nach strenger Prüfung zulassen
event.refugee_crisis.option3.text,Die Grenzen schließen und die Grenze militarisieren
event.refugee_crisis.title,Massenflüchtlingskrise
event.resource_discovery.description,"Geologische Untersuchungen haben die Entdeckung bedeutender Vorkommen an Erdöl, Erdgas oder Seltenerdmetallen auf dem Staatsgebiet bestätigt. Ersten Schätzungen zufolge belaufen sich die Reserven in den kommenden Jahrzehnten auf mehrere Billionen. \\n\\nInternationale Energieunternehmen bemühen sich bereits um Partnerschaften zur Förderung, und die Börse hat auf diese Nachricht hin einen Kursanstieg verzeichnet."
event.resource_discovery.option1.text,Verstaatlichung der Rohstoffgewinnung – Maximierung der staatlichen Einnahmen
event.resource_discovery.option1.tooltip,Hohe langfristige Gewinne; längerer Entwicklungszeitraum
event.resource_discovery.option2.text,Arbeiten Sie mit internationalen Energieunternehmen zusammen
event.resource_discovery.option2.tooltip,"Schnelle Entwicklung, beträchtliche Auslandsumsätze"
event.resource_discovery.option3.text,Zunächst sollte ein Staatsfonds eingerichtet werden
event.resource_discovery.option3.tooltip,Disziplinierter Ansatz; Schutz vor dem Ressourcenfluch
event.resource_discovery.title,Bedeutende Entdeckung von Bodenschätzen
event.sahara_recognition.description,"Marokko fordert die internationale Anerkennung seiner Souveränität über die Westsahara. Algerien droht jedem Staat, der dem nachkommt, mit dem Abbruch der diplomatischen Beziehungen."
event.sahara_recognition.option1.text,Die Souveränität Marokkos anerkennen
event.sahara_recognition.option2.text,Unterstützen Sie ein UN-Referendum
event.sahara_recognition.option3.text,Nehmen Sie in dieser Frage eine neutrale Haltung ein
event.sahara_recognition.title,Debatte um die Anerkennung der Westsahara
event.sahel_coup_wave.description,"In einem Land der Sahelzone hat eine Militärjunta die Macht übernommen, französische Truppen des Landes verwiesen und sich mit der von Russland unterstützten Wagner-Gruppe verbündet. Die Stabilität in der Region verschlechtert sich zunehmend."
event.sahel_coup_wave.option1.text,Den Putsch verurteilen und Sanktionen verhängen
event.sahel_coup_wave.option2.text,Zieht alle Truppen ab und akzeptiert die neue Realität
event.sahel_coup_wave.option3.text,Auf diplomatischem Wege mit der Junta in Kontakt treten
event.sahel_coup_wave.title,Militärputsch in der Sahelzone
event.semiconductor_shortage.description,"Ein akuter Mangel an hochmodernen Halbleitern lähmt die weltweite Industrie. Automobilhersteller, Elektronikunternehmen und Rüstungsfirmen müssen mit monatelangen Verzögerungen rechnen. Die Staaten bemühen sich verzweifelt um Nachschub."
event.semiconductor_shortage.option1.text,Massiv in die heimische Chipherstellung investieren
event.semiconductor_shortage.option2.text,Exklusive Lieferverträge mit Taiwan und Südkorea abschließen
event.semiconductor_shortage.option3.text,Die Engpässe akzeptieren und die Produktion anpassen
event.semiconductor_shortage.title,Weltweite Halbleiterknappheit
event.south_africa_power_collapse.description,"Eskom hat katastrophal versagt. Südafrika leidet unter täglichen 16-stündigen Stromausfällen, einem Einbruch der Industrieproduktion und einer sich ausbreitenden Massenarbeitslosigkeit. Die Wirtschaft befindet sich im freien Fall."
event.south_africa_power_collapse.option1.text,Eskom privatisieren und ausländische Investoren einladen
event.south_africa_power_collapse.option2.text,Energie-Notstand ausrufen und den Ausbau erneuerbarer Energien beschleunigen
event.south_africa_power_collapse.option3.text,Chinesische Infrastrukturkredite für neue Kraftwerke annehmen
event.south_africa_power_collapse.title,Der Zusammenbruch des südafrikanischen Stromnetzes
event.south_china_sea_crisis.description,"Im Südchinesischen Meer haben sich die Spannungen verschärft, da {aggressor} zusätzliche Marineeinheiten in der Nähe der umstrittenen Spratly-Inseln stationiert hat. Internationale Beobachter warnen vor einer möglichen bewaffneten Konfrontation.\\n\\n{defender} hat daraufhin Kampfflugzeuge in die Luft geschickt, und der Schiffsverkehr durch die Meerenge wurde unterbrochen."
event.south_china_sea_crisis.option1.text,Unsere maritimen Ansprüche mit Gewalt durchsetzen
event.south_china_sea_crisis.option1.tooltip,Riskieren Sie einen Krieg mit den ASEAN-Staaten und den Vereinigten Staaten
event.south_china_sea_crisis.option2.text,Eine gemeinsame Entwicklung mit den Nachbarländern vorschlagen
event.south_china_sea_crisis.option2.tooltip,"Beziehungen verbessern, Ressourcen teilen"
event.south_china_sea_crisis.option3.text,"Sich zurückziehen, um die Situation zu entschärfen"
event.south_china_sea_crisis.option3.tooltip,"Im Inland das Gesicht verlieren, aber Konflikte vermeiden"
event.south_china_sea_crisis.title,Eskalation im Südchinesischen Meer
event.sovereign_debt_crisis.description,"Steigende Zinsen und Währungsabwertungen haben {country} an den Rand der Staatsinsolvenz getrieben. Die Anleiherenditen sind auf ein untragbares Niveau gestiegen, und die Zentralbank zehrt die Devisenreserven in rasantem Tempo auf.\\n\\nDer IWF hat ein Team entsandt, um die Lage zu beurteilen, während die Ratingagenturen die Staatsanleihen des Landes auf Ramschstatus herabgestuft haben."
event.sovereign_debt_crisis.option1.text,Das IWF-Rettungspaket unter der Bedingung von Strukturreformen annehmen
event.sovereign_debt_crisis.option1.tooltip,"Die Finanzen stabilisieren, aber schmerzhafte Sparmaßnahmen hinnehmen"
event.sovereign_debt_crisis.option2.text,Zahlungsausfall bei Auslandsschulden
event.sovereign_debt_crisis.option2.tooltip,Gläubiger abweisen – schwerwiegende langfristige Folgen
event.sovereign_debt_crisis.option3.text,Mit den Gläubigern eine Umschuldung aushandeln
event.sovereign_debt_crisis.option3.tooltip,Zeit gewinnen und gleichzeitig einen gewissen Marktzugang sichern
event.sovereign_debt_crisis.title,Staatsschuldenkrise
event.space_race_2030.description,"Zahlreiche Nationen wetteifern darum, dauerhafte Mondstationen zu errichten. Die strategischen und wirtschaftlichen Auswirkungen der Kontrolle über Weltraumressourcen werden immer deutlicher."
event.space_race_2030.option1.text,Unser Raumfahrtprogramm vorantreiben
event.space_race_2030.option2.text,Schließen Sie sich einer internationalen Weltraumkoalition an
event.space_race_2030.option3.text,Ressourcen auf vorrangige Aufgaben auf der Erde konzentrieren
event.space_race_2030.title,Neuer Weltraumwettlauf – Wettstreit um die Mondbasis
event.suez_canal_blockage.description,"Ein riesiger Tanker ist im Suezkanal auf Grund gelaufen und hat damit zum zweiten Mal den weltweiten Schiffsverkehr lahmgelegt. Ägypten drohen Einnahmeverluste in Milliardenhöhe, und die globalen Lieferketten geraten erneut ins Chaos."
event.suez_canal_blockage.option1.text,Den Handel um das Kap der Guten Hoffnung herum umleiten
event.suez_canal_blockage.option2.text,In alternative Handelskorridore investieren
event.suez_canal_blockage.title,Suezkanal erneut blockiert
event.taiwan_strait_crisis.description,"China hat groß angelegte Militärübungen rund um Taiwan begonnen, darunter Schießübungen mit scharfer Munition und Raketentests. Die Vereinigten Staaten haben Flugzeugträgerkampfgruppen in die Region entsandt. Die Welt hält den Atem an."
event.taiwan_strait_crisis.option1.text,Eine Seeblockade gegen Taiwan verhängen
event.taiwan_strait_crisis.option1.tooltip,Eskalation hin zu einer gewaltsamen Wiedervereinigung – hohes Risiko einer Intervention der USA
event.taiwan_strait_crisis.option2.text,Wirtschaftliche Integration als Weg zum Frieden anbieten
event.taiwan_strait_crisis.option3.text,"Die Manöver absagen, um Spannungen abzubauen"
event.taiwan_strait_crisis.title,Taiwan-Krise
event.tech_regulation_crackdown.description,"Eine Welle neuer technologischer Vorschriften rollt über die großen Volkswirtschaften hinweg. Die Regierungen nehmen KI-Unternehmen, Social-Media-Plattformen und Kryptowährungsbörsen ins Visier und erlassen strenge neue Vorschriften in den Bereichen Datenschutz, Transparenz von Algorithmen und Kartellrecht.\\n\\nFührende Vertreter der Tech-Branche warnen vor einem „Innovationswinter“, während Verbraucherschützer dies begrüßen."
event.tech_regulation_crackdown.option1.text,Strenge Vorschriften einführen
event.tech_regulation_crackdown.option1.tooltip,Umfassende Compliance-Anforderungen – können Innovationen bremsen
event.tech_regulation_crackdown.option2.text,einen zurückhaltenden Regulierungsansatz verfolgen
event.tech_regulation_crackdown.option2.tooltip,Selbstregulierung der Branche unter staatlicher Aufsicht
event.tech_regulation_crackdown.option3.text,Bestimmte Technologien vollständig verbieten
event.tech_regulation_crackdown.option3.tooltip,"Dramatische Action – im Inland beliebt, läuft jedoch Gefahr, den Anschluss zu verlieren"
event.tech_regulation_crackdown.title,Verschärfte Regulierung der Tech-Branche
event.tourism_boom.description,"Eine Kombination aus viralen Reiseinhalten, großen internationalen Veranstaltungen und günstigen Flugpreisen hat einen Tourismusboom ausgelöst. Die Besucherzahlen sind stark gestiegen, die Hotels sind ausgebucht, und die Umsätze der Tourismusbranche brechen alle Rekorde.\\n\\nLokale Unternehmen in historischen Städten und Küstenregionen berichten von der besten Saison seit Menschengedenken."
event.tourism_boom.option1.text,In die touristische Infrastruktur und das Marketing investieren
event.tourism_boom.option1.tooltip,Den Aufschwung durch langfristige Investitionen sichern
event.tourism_boom.option2.text,Ausweitung der Visumbefreiungsabkommen mit Herkunftsländern
event.tourism_boom.option2.tooltip,Besucherzahlen maximieren
event.tourism_boom.option3.text,Fokus auf hochwertigen Luxustourismus mit geringen Besucherzahlen
event.tourism_boom.option3.tooltip,"Die Umwelt schützen, den Umsatz pro Besucher maximieren"
event.tourism_boom.title,Das goldene Zeitalter des Tourismus
event.trade_agreement_windfall.description,"Jahrelange behutsame diplomatische Bemühungen haben zu einem bahnbrechenden Handelsabkommen geführt, das wichtige neue Exportmärkte erschließt. Das Vertrauen der Wirtschaft steigt rasant an, und es gehen zahlreiche Anfragen nach ausländischen Investitionen ein.\\n\\nWirtschaftswissenschaftler prognostizieren ein nachhaltiges Wachstum, da Zollschranken fallen und sich die Lieferketten zugunsten einheimischer Produzenten neu ausrichten."
event.trade_agreement_windfall.option1.text,Das Abkommen voll und ganz umsetzen – die Integration maximieren
event.trade_agreement_windfall.option1.tooltip,Starker Wachstumsschub; einige heimische Branchen sehen sich dem Wettbewerb ausgesetzt
event.trade_agreement_windfall.option2.text,Ratifizieren mit schrittweisen Zollsenkungen
event.trade_agreement_windfall.option2.tooltip,Ausgewogenes Wachstum mit Schutzmaßnahmen für einzelne Sektoren
event.trade_agreement_windfall.option3.text,"Nutzen Sie das Abkommen, um ausländische Direktinvestitionen anzuziehen"
event.trade_agreement_windfall.option3.tooltip,Ausländische Direktinvestitionen sollten Vorrang vor dem Handelsvolumen haben
event.trade_agreement_windfall.title,Historisches Handelsabkommen eröffnet neue Märkte
event.trade_war_escalation.description,Die eskalierenden Zollstreitigkeiten haben zu einem ausgewachsenen Handelskrieg geführt. Die großen Volkswirtschaften verhängen Vergeltungszölle auf Waren im Wert von Hunderten von Milliarden Dollar und stören damit die globalen Lieferketten.\\n\\nDie WTO hat die Situation als „die schwerwiegendste Bedrohung für das multilaterale Handelssystem seit Jahrzehnten“ bezeichnet.
event.trade_war_escalation.option1.text,Vergeltungszölle verhängen
event.trade_war_escalation.option1.tooltip,Tarif gegen Tarif – Eskalation des Streits
event.trade_war_escalation.option2.text,Ein bilaterales Handelsabkommen anstreben
event.trade_war_escalation.option2.tooltip,"Direkt verhandeln, um Spannungen abzubauen"
event.trade_war_escalation.option3.text,Ausrichtung auf regionale Handelsblöcke
event.trade_war_escalation.option3.tooltip,Handelsbeziehungen nicht ausschließlich auf Gegner ausrichten
event.trade_war_escalation.title,Eskalation des globalen Handelskriegs
event.turkish_earthquake.description,"Ein gewaltiges Erdbeben der Stärke 7,8 hat den Südosten der Türkei erschüttert, Tausende Menschen getötet und Millionen obdachlos gemacht. Die Katastrophe hat die Rettungsdienste überfordert, und es könnte Jahre dauern, bis sich die Wirtschaft von den Verwüstungen erholt hat."
event.turkish_earthquake.option1.text,Ein umfangreiches Programm zum Wiederaufbau im Inland auf den Weg bringen
event.turkish_earthquake.option2.text,Internationale Hilfe annehmen und die Grenzen für Hilfsmaßnahmen öffnen
event.turkish_earthquake.title,Verheerendes Erdbeben erschüttert die Türkei
event.turkish_syria_operation.description,"Die Türkei hat im Norden Syriens eine groß angelegte Militäroperation gestartet, die sich gegen Stellungen kurdischer Milizen richtet. Die Operation droht, den brüchigen Waffenstillstand in der Region zu destabilisieren."
event.turkish_syria_operation.option1.text,Ausweitung der Operation zur Einrichtung einer 30 km breiten Sicherheitszone
event.turkish_syria_operation.option2.text,Die Maßnahmen auf Grenzgebiete beschränken
event.turkish_syria_operation.option3.text,Die Operationen aussetzen und mit Damaskus verhandeln
event.turkish_syria_operation.title,Türkische Militäroperation in Syrien
event.ukraine_peace_talks.description,"Es hat ein bedeutendes internationales Gipfeltreffen stattgefunden, um einen Rahmen für dauerhaften Frieden in der Ukraine zu erörtern. Die Großmächte müssen entscheiden, in welchem Umfang sie sich engagieren und welche Zugeständnisse sie zu unterstützen bereit sind."
event.ukraine_peace_talks.option1.text,Sich für einen territorialen Kompromiss einsetzen
event.ukraine_peace_talks.option2.text,Fordern Sie die vollständige Wiederherstellung der Grenzen der Ukraine
event.ukraine_peace_talks.option3.text,Sich der Stimme enthalten und sich auf innenpolitische Themen konzentrieren
event.ukraine_peace_talks.title,Friedensgipfel zur Ukraine
event.un_security_council_session_scs.description,"Der Sicherheitsrat der Vereinten Nationen hat eine Dringlichkeitssitzung einberufen, um sich mit der eskalierenden Krise im Südchinesischen Meer zu befassen."
event.un_security_council_session_scs.option1.text,Abstimmung über eine Verurteilung der aggressiven Marineausweitung
event.un_security_council_session_scs.option2.text,Aufruf zur gegenseitigen Deeskalation
event.un_security_council_session_scs.option3.text,sich der Stimme enthalten
event.un_security_council_session_scs.title,Sondersitzung des UN-Sicherheitsrats – Südchinesisches Meer
event.us_israel_iran_strikes.description,"In einer koordinierten Operation haben die Vereinigten Staaten und Israel umfangreiche Luftangriffe auf iranische Nuklearanlagen, Raketenproduktionsstätten und Luftabwehrnetze gestartet. Die Angriffe richten sich gegen Anlagen in Natanz, Isfahan und Fordow sowie gegen Kommandozentralen der IRGC.\\n\\nDie Operation stellt die bedeutendste direkte Militäraktion gegen den Iran in der jüngeren Geschichte dar. Die weltweiten Ölmärkte sind in die Höhe geschossen, und der UN-Sicherheitsrat hat eine Dringlichkeitssitzung einberufen."
event.us_israel_iran_strikes.option1.text,Den IRGC mobilisieren und totale Vergeltung schwören
event.us_israel_iran_strikes.option1.tooltip,Vollständige militärische Mobilmachung – Gefahr eines regionalen Krieges
event.us_israel_iran_strikes.option2.text,Vergeltungsraketenangriffe auf US-Stützpunkte in der Region starten
event.us_israel_iran_strikes.option2.tooltip,Angriff auf US-Streitkräfte im Irak und in den Golfstaaten – extreme Eskalation
event.us_israel_iran_strikes.option3.text,An die UNO appellieren und eine diplomatische Lösung anstreben
event.us_israel_iran_strikes.option3.tooltip,Sich für internationale Legitimität und Sanktionen gegen die Angreifer einsetzen
event.us_israel_iran_strikes.option4.text,Proxy-Netzwerke im gesamten Nahen Osten aktivieren
event.us_israel_iran_strikes.option4.tooltip,"Hezbollah, Houthis und irakische Milizen für asymmetrische Vergeltungsmaßnahmen einsetzen"
event.us_israel_iran_strikes.title,US-amerikanisch-israelische Luftangriffe auf den Iran
event.us_response_taiwan.description,"Der Präsident muss entscheiden, wie er auf Chinas militärische Aktivitäten in der Nähe von Taiwan reagieren soll. Die Verbündeten beobachten die Lage aufmerksam."
event.us_response_taiwan.option1.text,"Entsenden Sie Flugzeugträgerkampfgruppen, um die Blockade zu durchbrechen"
event.us_response_taiwan.option2.text,Verhängung möglichst strenger Wirtschaftssanktionen gegen China
event.us_response_taiwan.option3.text,Aufruf zu einer diplomatischen Lösung bei den Vereinten Nationen
event.us_response_taiwan.title,Reaktion der USA auf die Taiwan-Krise
event.venezuela_guyana_essequibo.description,Venezuela hat Truppen nahe der Grenze zum Essequibo-Gebiet stationiert und erhebt Anspruch auf das ölreiche Gebiet. Guyana bittet die CARICOM und das Vereinigte Königreich um Unterstützung.
event.venezuela_guyana_essequibo.option1.text,die Essequibo-Region mit Gewalt annektieren
event.venezuela_guyana_essequibo.option2.text,"Den militärischen Druck aufrechterhalten, aber verhandeln"
event.venezuela_guyana_essequibo.option3.text,Das Schiedsverfahren vor dem Internationalen Gerichtshof anerkennen
event.venezuela_guyana_essequibo.title,Krise zwischen Venezuela und Guyana um das Essequibo-Gebiet
event.venezuelan_migration_wave.description,"Der wirtschaftliche Zusammenbruch in Venezuela hat die größte Flüchtlingskrise auf dem amerikanischen Kontinent ausgelöst. Über zwei Millionen neue Flüchtlinge strömen nach Kolumbien, Brasilien und Peru und überfordern die Sozialsysteme."
event.venezuelan_migration_wave.option1.text,Grenzen öffnen und humanitäre Hilfe leisten
event.venezuelan_migration_wave.option2.text,Einreise beschränken und mit Venezuela verhandeln
event.venezuelan_migration_wave.title,Massenflucht aus Venezuela
formalliance,Allianz bilden
format.month_year,{0} {1}
gov.change.ally_desc,"{0} (Verbündeter): {1} übernimmt die Macht – {2}, {3}"
gov.change.coup_desc,{0} hat durch einen Militärputsch die Macht ergriffen. {1} steht nun unter der Herrschaft von {2}.
gov.change.coup_title,Militärputsch
gov.change.death_desc,Die Nation trauert um ihren Staatschef. {0} hat als Oberhaupt von {1} die Macht übernommen.
gov.change.death_title,Führungskraft verstorben
gov.change.election_desc,Nach den Wahlen hat {0} als Leiter von {1} und {2} die Macht übernommen.
gov.change.election_title,Wahlergebnisse
gov.change.foreign_desc,"{0}: {1} übernimmt die Führung – {2}, {3}"
gov.change.foreign_toast,{0}: {1} übernimmt die Macht
gov.change.ideology_communist,Kommunist
gov.change.ideology_conservative,konservativ
gov.change.ideology_dir.coalition,auf einer breiten politischen Koalition aufbauend
gov.change.ideology_dir.moderate_communist,mit einer kommunistisch geprägten Agenda
gov.change.ideology_dir.moderate_conservative,mit einer gemäßigt konservativen Agenda
gov.change.ideology_dir.moderate_fascist,mit einer autoritär-nationalistischen Agenda
gov.change.ideology_dir.moderate_islamist,mit einer islamistischen Agenda
gov.change.ideology_dir.moderate_liberal,mit einer gemäßigt liberalen Agenda
gov.change.ideology_dir.moderate_libertarian,mit einer libertären Agenda
gov.change.ideology_dir.moderate_nationalist,mit einer nationalistischen Agenda
gov.change.ideology_dir.moderate_socialist,mit einer sozialistisch geprägten Agenda
gov.change.ideology_dir.slight_communist,zu einer zentralen Planung neigend
gov.change.ideology_dir.slight_conservative,eher konservativ
gov.change.ideology_dir.slight_fascist,mit gewissen autoritären Tendenzen
gov.change.ideology_dir.slight_islamist,mit einigen islamistisch geprägten politischen Maßnahmen
gov.change.ideology_dir.slight_liberal,eher liberal
gov.change.ideology_dir.slight_libertarian,eher libertär
gov.change.ideology_dir.slight_nationalist,leicht nationalistisch geprägt
gov.change.ideology_dir.slight_socialist,leicht sozialistisch geprägt
gov.change.ideology_dir.strong_communist,mit einer entschieden kommunistischen Agenda
gov.change.ideology_dir.strong_conservative,mit einer streng konservativen Agenda
gov.change.ideology_dir.strong_fascist,mit einer entschieden autoritären Agenda
gov.change.ideology_dir.strong_islamist,mit einer entschieden islamistischen Agenda
gov.change.ideology_dir.strong_liberal,mit einer konsequent liberalen Agenda
gov.change.ideology_dir.strong_libertarian,mit einer stark libertären Agenda
gov.change.ideology_dir.strong_nationalist,mit einer stark nationalistischen Agenda
gov.change.ideology_dir.strong_socialist,mit einer konsequent sozialistischen Agenda
gov.change.ideology_dir.unknown,mit einer ungewissen politischen Ausrichtung
gov.change.ideology_fascist,Faschist
gov.change.ideology_islamist,islamistisch
gov.change.ideology_liberal,liberal
gov.change.ideology_libertarian,libertär
gov.change.ideology_mixed,Gemischt
gov.change.ideology_nationalist,Nationalist
gov.change.ideology_socialist,Sozialist
gov.change.ideology_unknown,Unbekannt
gov.change.log.context,In {0} trat {1} sein Amt als Leiter von {2} und {3} an.
gov.change.log.impact_foreign,Das außenpolitische Verhalten dieses Landes könnte sich ändern; beobachten Sie die Haltung der Bündnisse und die regionalen Spannungen.
gov.change.log.impact_player,Ihre Modifikatoren und Ihre diplomatische Haltung können sich ändern; überprüfen Sie die Bereiche „Diplomatie“ und „Stabilität“ der Regierung.
gov.change.log.why_coup,Staatsstreiche können die regionalen Beziehungen destabilisieren und die militärische Lage rasch verändern.
gov.change.log.why_death,Eine unerwartete Nachfolge kann die Regierungsstrategie und die Qualität kurzfristiger Entscheidungen beeinflussen.
gov.change.log.why_default,Politische Umbrüche können die Ausrichtung der Bündnispolitik und das strategische Verhalten neu gestalten.
gov.change.log.why_election,Wahlergebnisse können zu einer Neuausrichtung der diplomatischen Prioritäten und der langfristigen politischen Ausrichtung führen.
gov.change.log.why_revolution,Revolutionen führen oft zu anhaltender innenpolitischer Instabilität und strategischen Neuausrichtungen.
gov.change.next_election,Nächste Wahl: {0} Monate
gov.change.partner_desc,"{0} (Partner): {1} übernimmt die Leitung – {2}, {3}"
gov.change.peaceful_desc,Nach einer Phase der Reformen hat {0} das Amt von {1} übernommen. Der Übergang verlief friedlich.
gov.change.peaceful_title,Verwaltungsreform
gov.change.revolution_desc,Eine Volksrevolution hat das Land erfasst. {0} steht an der Spitze der neuen Regierung {1}.
gov.change.revolution_title,Revolution
gov.change.rival_desc,"{0} (Rival): {1} übernimmt die Macht – {2}, {3}"
help.agenda.body,"Prüfen Sie die Verbindungen zwischen den Aufgaben der Route und den nationalen Zielen im Rahmen der aktuellen strategischen Agenda des Landes. Nutzen Sie diese, um zu erkennen, welche kurzfristigen Maßnahmen die langfristigen staatlichen Ziele stärken."
help.agenda.title,Tagesordnung – Podiumsdiskussion
help.diplomacy.body,"Pflege die Beziehungen zu anderen Nationen, schließe Bündnisse und führe Verhandlungen. Klicke auf ein Land, um die bilateralen Details anzuzeigen."
help.diplomacy.stability.body,"Geringe Stabilität und Kriegsmüdigkeit können sich schnell verstärken. Verringere die Intensität von Konflikten, stütze die soziale Ordnung und bewältige den Druck von außen, bevor sich die Nachteile durch Unruhen auf die Provinzen ausbreiten."
help.diplomacy.stability.title,Stabilitätsdruck
help.diplomacy.title,Podiumsdiskussion zum Thema Diplomatie
help.diplomatic_requests.body,"Jede Anfrage ist mit Opportunitätskosten verbunden. Nimm sie nur an, wenn sie deinen aktuellen Zielen, deiner militärischen Lage und deiner Wirtschaft dient; lehne Vereinbarungen ab oder verschiebe sie, wenn sie neue Fronten eröffnen oder Ressourcen binden."
help.diplomatic_requests.title,Diplomatische Ersuchen
help.economy.body,"Verwalten Sie Ihren Staatshaushalt, verfolgen Sie die Entwicklung des BIP, passen Sie Steuersätze und Ausgabenprioritäten an. Ihr Haushaltssaldo hängt von der Differenz zwischen Einnahmen und Ausgaben ab."
help.economy.budget.inf.alloc,Infrastrukturzuweisung
help.economy.budget.inf.alloc.fx,Erhöht die Infrastruktur der Provinz (0–100) und verdoppelt das lokale BIP um bis zu das Zweifache. Alle 20 Infrastrukturstufen wird ein zusätzlicher Bauplatz freigeschaltet. Die Effekte verstärken sich langsam über viele Monate hinweg.
help.economy.budget.intro,Wie sich die einzelnen Ausgabenkategorien auf Ihr Land auswirken.
help.economy.budget.mil.alloc,Militärische Zuweisung
help.economy.budget.mil.alloc.fx,"Skaliert die Personalnachwuchsquote zwischen 0,5× (unterfinanziert) und 1,5× (gut finanziert). Hält die Unterhaltskosten der Einheiten aufrecht – Defizite führen zu einer Verschlechterung der Armeen. Hinweis: Das Budget erhöht den Kampfschaden nicht direkt; Technologie-Freischaltungen und Einheitentyp bestimmen die Schadensleistung."
help.economy.budget.mil.tax,Steuersatz
help.economy.budget.mil.tax.fx,Ermittelt den monatlichen Gesamtumsatz. Jeder Prozentpunkt fließt proportional in alle Ausgabenkategorien.
help.economy.budget.res.alloc,Forschungsmittel
help.economy.budget.res.alloc.fx,"Erzeugt jeden Monat Forschungspunkte (in etwa proportional zur Höhe des Budgets). Je mehr Punkte gesammelt werden, desto schneller werden Technologien freigeschaltet. Jede Technologie kann Boni in den Bereichen Kampf, Produktion oder Diplomatie gewähren – diese Effekte treten in der Regel in den folgenden Monaten ein."
help.economy.budget.rsv.alloc,Zuweisung von Rücklagen
help.economy.budget.rsv.alloc.fx,"Ein Teil der Einnahmen wird als Liquiditätsreserve einbehalten, anstatt sofort ausgegeben zu werden. Eine größere Liquiditätsreserve ermöglicht Währungsinterventionen gegen Inflationsschübe. Dies bekämpft die Inflation nicht automatisch – nutze bei Bedarf die Schaltfläche „Intervention“ im Abschnitt „Geldpolitik“."
help.economy.budget.s_infra,INFRASTRUKTUR
help.economy.budget.s_military,MILITÄRAUSGABEN
help.economy.budget.s_research,FORSCHUNG
help.economy.budget.s_reserve,KASSE & RESERVE
help.economy.budget.s_social,SOZIALES
help.economy.budget.soc.alloc,Soziale Verteilung
help.economy.budget.soc.alloc.fx,"Verbessert den Zugang zur Gesundheitsversorgung, erhöht die Lebenserwartung und fördert das Bevölkerungswachstum. Ein höherer HDI führt zu einer allmählichen Verringerung der Unruhen in der Provinz – was wiederum negative Auswirkungen auf das BIP verhindert. Die Auswirkungen sind über mehrere Monate hinweg sichtbar."
help.economy.budget.title,Mittelzuweisung
help.economy.debt.body,"Die Verschuldung hat ein kritisches Niveau überschritten. Der Haushalt sollte auf einen Primärüberschuss ausgerichtet werden, wichtige Wachstumsbereiche müssen geschützt werden, und es gilt, Zinsspiralen durch anhaltende Notfallausgaben zu vermeiden."
help.economy.debt.title,Schuldenmanagement
help.economy.deficit.body,"Ihr Monatssaldo ist negativ. Gehen Sie wie folgt vor, um die Lage zu stabilisieren: Reduzieren Sie Ausgaben mit geringer Priorität, steigern Sie die Einnahmen und sichern Sie anschließend die für das Wachstum entscheidenden Mittel (Forschung/Infrastruktur), um eine langfristige Stagnation zu vermeiden."
help.economy.deficit.title,Maßnahmen gegen das Haushaltsdefizit
help.economy.inflation.body,"Die Inflation liegt über dem Zielwert. Zunächst eine offene Geldpolitik: Den Leitzins über dem neutralen Niveau halten, bis sich die Inflationsdynamik abschwächt, und anschließend durch Reserveninterventionen Inflationsspitzen auffangen, ohne das Wachstum übermäßig zu bremsen."
help.economy.inflation.intro,Wie der Leitzins und der Mindestreserveschutz Inflation und Wachstum steuern.
help.economy.inflation.note.lag,Reaktionsverzögerung
help.economy.inflation.note.lag.fx,Die Inflation reagiert innerhalb von drei bis sechs Monaten auf politische Kursänderungen. Die durch eine Zinsstraffung verursachten Einbußen beim BIP-Wachstum machen sich auf Jahresbasis sofort bemerkbar.
help.economy.inflation.note.pull,Bedarfsorientierte Basislinie
help.economy.inflation.note.pull.fx,"Eine strukturelle Inflationsrate von etwa 0,3 % pro Monat, die sich aus dem BIP-Wachstum ergibt, ist normal und zu erwarten. Die Geldpolitik dämpft lediglich die über diese Basislinie hinausgehenden Ausschläge – sie kann die Inflation in einer wachsenden Wirtschaft nicht auf null senken."
help.economy.inflation.rate.gap,Bewertung vs. Neutral
help.economy.inflation.rate.gap.fx,"Die Differenz zwischen Ihrem Zinssatz und dem neutralen Zinssatz (~4 %) bestimmt alle Auswirkungen. Jedes Prozent über dem neutralen Zinssatz senkt die Inflation um etwa 0,17 % pro Monat, verringert jedoch das jährliche BIP-Wachstum um etwa 0,45 %. Der Zielkonflikt ist symmetrisch: Eine Lockerung um 1 % kurbelt das Wachstum an, erhöht aber die Inflation um denselben Prozentsatz."
help.economy.inflation.rate.stance,Politische Ausrichtung
help.economy.inflation.rate.stance.fx,"Straffung: senkt die Inflation auf Kosten des BIP-Wachstums. Neutrale Politik: minimale Eingriffe. Lockerung: kurbelt das Wachstum an, erhöht aber langfristig das Inflationsrisiko."
help.economy.inflation.rsv.auto,Automatische Ausgabquote
help.economy.inflation.rsv.auto.fx,Jede Überschreitung des oberen Inflationsziels um 1 % führt zu einer monatlichen Entnahme von etwa 2 % der Reserve. Dies wird vom System gesteuert – Sie können die Entnahmerate nicht manuell festlegen. Eine stärkere Überschreitung löst eine aggressivere Entnahme aus.
help.economy.inflation.rsv.shield,Stabilisierungsreserve
help.economy.inflation.rsv.shield.fx,"Ein separater Pool, der automatisch Mittel ausgibt, sobald die Inflation Ihr oberes Ziel überschreitet. Füllen Sie ihn über die Schaltfläche „Reserveintervention“ auf (kostet Staatsmittel). Wenn er aktiv ist, sorgt er für eine Inflationssenkung von bis zu 0,5 % pro Monat."
help.economy.inflation.s_notes,ANMERKUNGEN
help.economy.inflation.s_rate,POLITISCHER ZINSSATZ
help.economy.inflation.s_reserve,RESERVESCHILD
help.economy.inflation.s_target,INFLATIONSZIELBAND
help.economy.inflation.tgt.band,Unter- bzw. Obergrenzen
help.economy.inflation.tgt.band.fx,"Legt die Zielbandbreite Ihrer Zentralbank fest. Das System korrigiert automatisch in Richtung dieser Bandbreite durch Mean Reversion: eine sanfte Korrektur bei Unterschreitung der Bandbreite und eine sich quadratisch beschleunigende Korrektur bei Überschreitung (je weiter die Überschreitung, desto schneller die Rückführung). Die Zielwerte dienen dem System als Orientierung – sie werden nicht sofort durchgesetzt."
help.economy.inflation.title,Geldpolitik
help.economy.resources.body,"Strategische Engpässe führen derzeit zu Produktionsrückgängen. Identifizieren Sie zunächst die blockierten Ressourcenzeilen, sichern Sie sich Importe oder Handelszugänge und gleichen Sie anschließend Bau- und Rekrutierungsaktivitäten wieder aus, bis sich die Versorgungseffizienz erholt hat."
help.economy.resources.title,Maßnahmen bei Ressourcenknappheit
help.economy.title,Wirtschaftsforum
help.envoy.body,"Rekrutieren Sie Spezialisten in Ihrem eigenen Land. Um sie einzusetzen, wechseln Sie zur Länderübersicht eines anderen Landes und klicken Sie auf „Einsetzen“. Die Option „Zurückrufen“ wird nur für bereits eingesetzte Spezialisten angezeigt."
help.envoy.title,Expertengremium
help.events.body,"Ereignisse sind strategische Weggabelungen: Lies dir den Text zu den Auswirkungen durch, bevor du eine Entscheidung triffst, gib Optionen den Vorrang, die die Finanzlage und die Stabilität sichern, und zögere gegebenenfalls, bevor du risikoreiche Entscheidungen bestätigst."
help.events.title,Veranstaltungshinweise
help.intelligence.body,"Führe Spionagemissionen durch, leite deinen Geheimdienst und beobachte Aktivitäten im Ausland."
help.intelligence.title,Ausschuss für Nachrichtendienste
help.military.body,"Sehen Sie sich Ihre Streitkräfte an, entsenden Sie Armeen und verwalten Sie die Verteidigungsausgaben. Hier werden die Ausrüstungszahlen und der Nuklearstatus angezeigt."
help.military.defcon.body,"Ihre Bedrohungslage hat sich verschärft. Überprüfen Sie die Einsatzbereitschaft Ihrer Streitkräfte, vermeiden Sie eine versehentliche Überlastung und passen Sie die DEFCON-Stufe an das tatsächliche Kriegsrisiko an, damit der Wartungs- und Eskalationsdruck überschaubar bleibt."
help.military.defcon.title,DEFCON-Warnung
help.military.title,Militärgremium
help.overview.body,"Ein Überblick über Ihr Land: die wichtigsten Kennzahlen, aktuelle Ereignisse und die aktuelle Lage auf einen Blick."
help.overview.title,Übersichtsbereich
help.recruitment.body,"Neue Militäreinheiten ausbilden und mobilisieren. Die Dauer und die Kosten der Rekrutierung hängen von deiner Wirtschaft, deinen personellen Ressourcen und den geltenden Mobilisierungsgesetzen ab."
help.recruitment.title,Einstellungsgremium
help.technology.body,"Erforsche neue Technologien, um Boni freizuschalten. Die Dauer der Forschung hängt von deinem Forschungsbudget und deinen Punkten ab."
help.technology.title,Technologie-Podiumsdiskussion
honorguarantee,Ehrengarantie
hud.agenda.activate_goal,Aktives Ziel festlegen
hud.agenda.active_goal_label,AKTIVES ZIEL
hud.agenda.active_goal_tag,AKTIV
hud.agenda.active_tasks_header,Aktive Zielaufgaben
hud.agenda.active_tasks_subtitle,Aktuelle Zielpipeline für: {0}
hud.agenda.empty,Für dieses Land sind keine Termindaten konfiguriert.
hud.agenda.goal.afg_taliban_consolidation.description,"Die Herrschaft der Taliban stabilisieren, internationale Anerkennung erlangen und die Rohstoffindustrie ausbauen."
hud.agenda.goal.afg_taliban_consolidation.title,Konsolidierung des Taliban-Staates
hud.agenda.goal.ago_oil_diversification.description,"Die Wirtschaft sollte diversifiziert und von der Abhängigkeit vom Öl weg hin zu Landwirtschaft, Bergbau und Dienstleistungen ausgerichtet werden."
hud.agenda.goal.ago_oil_diversification.title,Jenseits des Öls
hud.agenda.goal.are_economic_diversification.description,Den Übergang zu einer Wissens- und Dienstleistungswirtschaft über Dubai und Abu Dhabi als globale Finanz- und Tourismuszentren vollziehen.
hud.agenda.goal.are_economic_diversification.title,Post-Öl-Wirtschaft
hud.agenda.goal.are_regional_mediator.description,Die Vereinigten Arabischen Emirate als neutralen diplomatischen Vermittler und Konfliktvermittler im Nahen Osten positionieren.
hud.agenda.goal.are_regional_mediator.title,Regionaler Mediator
hud.agenda.goal.arg_agricultural_powerhouse.description,Die Position als weltweit führender Exporteur von Soja und Rindfleisch behaupten.
hud.agenda.goal.arg_agricultural_powerhouse.title,Agrarexporte
hud.agenda.goal.arg_antarctic_claims.description,Argentiniens territoriale Ansprüche in der Antarktis geltend machen.
hud.agenda.goal.arg_antarctic_claims.title,Gebietsansprüche in der Antarktis
hud.agenda.goal.arg_economic_recovery.description,"Die Hyperinflation eindämmen, den Peso an den Dollar binden oder stabilisieren und im Rahmen liberaler Reformen ausländische Investitionen anziehen."
hud.agenda.goal.arg_economic_recovery.title,Wirtschaftliche Stabilisierung
hud.agenda.goal.arg_falklands_malvinas.description,Die Souveränität über die Falklandinseln durch diplomatischen Druck und den Aufbau einer internationalen Koalition zurückgewinnen.
hud.agenda.goal.arg_falklands_malvinas.title,Die Malvinas zurückerobern
hud.agenda.goal.arg_imf_independence.description,Die Schulden beim IWF zurückzahlen und den Kreislauf der Auflagen durchbrechen.
hud.agenda.goal.arg_imf_independence.title,Ausstieg aus der IWF-Schuldenhilfe
hud.agenda.goal.arg_lithium_triangle.description,Die riesigen Lithiumvorkommen für die Lieferketten von Elektrofahrzeugbatterien nutzen.
hud.agenda.goal.arg_lithium_triangle.title,Dominanz im Lithiumexport
hud.agenda.goal.arg_mercosur_leadership.description,Eine führende Rolle im südamerikanischen Handelsblock und bei der wirtschaftlichen Integration übernehmen.
hud.agenda.goal.arg_mercosur_leadership.title,Führung des MERCOSUR
hud.agenda.goal.arg_regional_military_leader.description,Argentiniens Stellung als führende Militärmacht Südamerikas bewahren.
hud.agenda.goal.arg_regional_military_leader.title,Regionale Militärmacht
hud.agenda.goal.arg_tech_hub.description,"Das Potenzial hochqualifizierter Arbeitskräfte nutzen, um ein Ökosystem für Technologie-Start-ups aufzubauen."
hud.agenda.goal.arg_tech_hub.title,Lateinamerikanischer Tech-Hub
hud.agenda.goal.arg_vaca_muerta_shale.description,Die riesigen Schieferöl- und -gasvorkommen von Vaca Muerta zur Sicherung der Energieunabhängigkeit nutzen.
hud.agenda.goal.arg_vaca_muerta_shale.title,Erschließung der Schiefervorkommen in Vaca Muerta
hud.agenda.goal.arm_security_reorientation.description,Nach der Niederlage in Karabach: Abkehr von der Abhängigkeit von Russland hin zu Sicherheitspartnerschaften mit dem Westen bzw. der EU.
hud.agenda.goal.arm_security_reorientation.title,Neuausrichtung der westlichen Sicherheitspolitik
hud.agenda.goal.aus_climate_leadership.description,"Bei den weltweiten Klimaschutzmaßnahmen eine Vorreiterrolle übernehmen, trotz der heimischen Kohle- und Gasindustrie."
hud.agenda.goal.aus_climate_leadership.title,Vorreiter im Klimaschutz
hud.agenda.goal.aus_cyber_security.description,Schaffen Sie eine erstklassige Cyberabwehr gegen staatlich geförderte Angriffe.
hud.agenda.goal.aus_cyber_security.title,Exzellenz in der Cybersicherheit
hud.agenda.goal.aus_defense_modernization.description,Eine glaubwürdige militärische Abschreckungspräsenz im indopazifischen Raum aufbauen.
hud.agenda.goal.aus_defense_modernization.title,Modernisierung des Verteidigungswesens
hud.agenda.goal.aus_economic_diversification.description,Die Abhängigkeit von chinesischen Handels- und Bergbauexporten verringern.
hud.agenda.goal.aus_economic_diversification.title,Wirtschaftliche Diversifizierung
hud.agenda.goal.aus_five_eyes.description,Eine wichtige Rolle im Geheimdienstbündnis „Five Eyes“ beibehalten.
hud.agenda.goal.aus_five_eyes.title,Führung der „Five Eyes“-Geheimdienste
hud.agenda.goal.aus_indo_pacific_security.description,"Die nuklearen U-Boot-Kapazitäten von AUKUS ausbauen und die QUAD stärken, um der chinesischen Expansion entgegenzuwirken."
hud.agenda.goal.aus_indo_pacific_security.title,Sicherheitsarchitektur im indopazifischen Raum
hud.agenda.goal.aus_pacific_islands.description,Dem chinesischen Einfluss in den Pazifikstaaten entgegenwirken.
hud.agenda.goal.aus_pacific_islands.title,Sicherheit auf den Pazifikinseln
hud.agenda.goal.aus_quad_leadership.description,"Die QUAD (USA, Japan, Indien, Australien) als demokratisches Bündnis im indopazifischen Raum stärken."
hud.agenda.goal.aus_quad_leadership.title,QUAD-Partnerschaft
hud.agenda.goal.aus_resource_exports.description,"Die Exporte von Eisenerz, Lithium und Seltenen Erden als wirtschaftliches und strategisches Druckmittel nutzen."
hud.agenda.goal.aus_resource_exports.title,Supermacht für kritische Mineralien
hud.agenda.goal.aus_space_capabilities.description,Aufbau eigener Kapazitäten für Weltraumstarts und Satellitentechnik.
hud.agenda.goal.aus_space_capabilities.title,Raumfahrtkapazitäten
hud.agenda.goal.aze_karabakh_consolidation.description,Die nach der Militäroperation von 2023 zurückeroberte Region Bergkarabach vollständig wieder integrieren.
hud.agenda.goal.aze_karabakh_consolidation.title,Karabach konsolidieren
hud.agenda.goal.aze_zangezur_corridor.description,"Einen Landkorridor durch Südarmenien sichern, der Aserbaidschan mit Nachitschewan und der Türkei verbindet."
hud.agenda.goal.aze_zangezur_corridor.title,Zangezur-Korridor
hud.agenda.goal.basic_anti_corruption.description,"Korruption in staatlichen Institutionen durch Prüfungen, Durchsetzungsmaßnahmen und Reformen zur Förderung der Transparenz bekämpfen, um das Vertrauen der Öffentlichkeit und die Leistungsfähigkeit der Regierung wiederherzustellen."
hud.agenda.goal.basic_anti_corruption.title,Kampagne gegen Korruption
hud.agenda.goal.basic_constitutional_reform.description,"Modernisierung des rechtlichen und politischen Rahmens durch Strukturreformen, die die Institutionen stärken, die Zuständigkeiten klären und die Legitimität der Regierungsführung verbessern."
hud.agenda.goal.basic_constitutional_reform.title,Verfassungsreform
hud.agenda.goal.basic_diplomatic_standing.description,"Positive Beziehungen zu den Nachbarn aufbauen, regionalen Bündnissen beitreten oder diese stärken und mindestens ein strategisches Handelsabkommen abschließen."
hud.agenda.goal.basic_diplomatic_standing.title,Diplomatischer Status
hud.agenda.goal.basic_economic_foundation.description,"Stabilisieren Sie Ihre Staatsfinanzen, sorgen Sie für ein kontinuierliches Wachstum und bauen Sie die notwendige wirtschaftliche Infrastruktur auf, um alle zukünftigen Vorhaben zu finanzieren."
hud.agenda.goal.basic_economic_foundation.title,Wirtschaftsstiftung
hud.agenda.goal.basic_economic_stability.description,"Die Inflation eindämmen, die Verschuldung abbauen und Finanzreserven aufbauen, um eine stabile wirtschaftliche Grundlage zu schaffen, die gegenüber externen Schocks widerstandsfähig ist."
hud.agenda.goal.basic_economic_stability.title,Wirtschaftliche Stabilisierung
hud.agenda.goal.basic_intelligence_network.description,"Aufbau einer Spionageabdeckung in Nachbarstaaten, Bekämpfung ausländischer nachrichtendienstlicher Operationen und Aufbau zuverlässiger Kapazitäten für verdeckte Operationen."
hud.agenda.goal.basic_intelligence_network.title,Nachrichtennetzwerk
hud.agenda.goal.basic_military_readiness.description,"Eine ausgewogene ständige Truppe aufstellen, eine angemessene Besetzung der Grenzgarnisonen sicherstellen und die Einsatzbereitschaft in allen Teilstreitkräften aufrechterhalten."
hud.agenda.goal.basic_military_readiness.title,Militärische Einsatzbereitschaft
hud.agenda.goal.basic_national_consensus.description,"Überbrücken Sie politische und gesellschaftliche Gräben durch Dialog, Vereinbarungen zur Machtteilung und Initiativen zur nationalen Einheit, die die Polarisierung verringern."
hud.agenda.goal.basic_national_consensus.title,Nationaler Konsens
hud.agenda.goal.basic_provincial_development.description,"Errichten Sie in den wichtigsten Provinzen Infrastruktur – Fabriken, Häfen und Rohstoffförderanlagen –, um die Produktionskapazität und die Bevölkerungsaufnahmefähigkeit zu steigern."
hud.agenda.goal.basic_provincial_development.title,Provinzielle Entwicklung
hud.agenda.goal.basic_public_health.description,"In die Gesundheitsinfrastruktur und in Programme zur Krankheitsprävention investieren, um die Gesundheitsergebnisse der Bevölkerung und die langfristige Produktivität zu verbessern."
hud.agenda.goal.basic_public_health.title,Öffentliches Gesundheitswesen
hud.agenda.goal.basic_tech_advancement.description,"In die Forschung investieren, um die nächste Stufe ziviler und militärischer Technologien zu erschließen. Die technologische Wettbewerbsfähigkeit gegenüber regionalen Konkurrenten aufrechterhalten."
hud.agenda.goal.basic_tech_advancement.title,Technologischer Fortschritt
hud.agenda.goal.basic_welfare_state.description,"Sozialprogramme und öffentliche Dienstleistungen ausbauen, um das Wohlergehen der Bürger zu verbessern, Ungleichheit abzubauen und die Unterstützung der Bevölkerung für die Regierung zu stärken."
hud.agenda.goal.basic_welfare_state.title,Sozialstaat
hud.agenda.goal.bgd_climate_adaptation.description,"Die Klimaresilienz stärken, um dem Anstieg des Meeresspiegels entgegenzuwirken, der Millionen Menschen von der Vertreibung bedroht."
hud.agenda.goal.bgd_climate_adaptation.title,Klimaanpassung
hud.agenda.goal.bgd_garment_dominance.description,Die führende Stellung Bangladeschs in der weltweiten Textil- und Bekleidungsindustrie sichern und ausbauen.
hud.agenda.goal.bgd_garment_dominance.title,Weltweite Bekleidungshauptstadt
hud.agenda.goal.blr_lukashenko_survival.description,Das Lukaschenko-Regime durch russische Militärhilfe und interne Repressionen am Leben erhalten.
hud.agenda.goal.blr_lukashenko_survival.title,Überleben des Regimes
hud.agenda.goal.bra_agricultural_superpower.description,"Die Position als weltweit führender Exporteur von Soja, Rindfleisch, Kaffee und Zucker behaupten."
hud.agenda.goal.bra_agricultural_superpower.title,Agrarsupermacht
hud.agenda.goal.bra_amazon_sovereignty.description,Dem internationalen Druck wegen der Abholzung des Amazonas-Regenwaldes standhalten und gleichzeitig die wirtschaftliche Entwicklung der Region vorantreiben.
hud.agenda.goal.bra_amazon_sovereignty.title,Amazon-Souveränität
hud.agenda.goal.bra_brics_leadership.description,Brasilien durch die Erweiterung der BRICS-Staaten und multilaterale Diplomatie als führende Stimme des Globalen Südens zu positionieren.
hud.agenda.goal.bra_brics_leadership.title,BRICS-Führung
hud.agenda.goal.bra_economic_growth.description,Die wirtschaftliche Stagnation überwinden und wieder auf einen Wachstumskurs zurückkehren.
hud.agenda.goal.bra_economic_growth.title,Wiederbelebung des Wirtschaftswachstums
hud.agenda.goal.bra_energy_independence.description,Nutzung von Ölreserven unter dem Pre-Salt-Schicht und von Biokraftstoffen zur Sicherung der Energieunabhängigkeit.
hud.agenda.goal.bra_energy_independence.title,Energieautarkie
hud.agenda.goal.bra_green_transition.description,"Mit Biokraftstoffen, Wasserkraft und dem Schutz des Amazonasgebiets eine Vorreiterrolle beim globalen ökologischen Wandel übernehmen."
hud.agenda.goal.bra_green_transition.title,Vorreiter im Bereich der grünen Wirtschaft
hud.agenda.goal.bra_military_modernization.description,"Die Streitkräfte modernisieren, um die militärische Überlegenheit in der Region zu sichern."
hud.agenda.goal.bra_military_modernization.title,Modernisierung des Militärs
hud.agenda.goal.bra_regional_hegemony.description,Brasiliens natürliche Führungsrolle in Südamerika bekräftigen.
hud.agenda.goal.bra_regional_hegemony.title,Führungsrolle Südamerikas
hud.agenda.goal.bra_tech_innovation.description,Schaffen Sie Lateinamerikas führendes Ökosystem für technologische Innovationen.
hud.agenda.goal.bra_tech_innovation.title,Technologiezentrum
hud.agenda.goal.bra_un_security_council.description,Kampagne für einen ständigen Sitz im UN-Sicherheitsrat als Vertreter Lateinamerikas.
hud.agenda.goal.bra_un_security_council.title,Sitz im UN-Sicherheitsrat
hud.agenda.goal.chl_lithium_superpower.description,"Lithiumvorkommen verstaatlichen und erschließen, um die weltweite Lieferkette für Elektrofahrzeugbatterien zu beherrschen."
hud.agenda.goal.chl_lithium_superpower.title,Lithium-Supermacht
hud.agenda.goal.chn_anti_us_coalition.description,"Eine globale Allianz von Staaten bilden, die sich der amerikanischen Vorherrschaft widersetzen."
hud.agenda.goal.chn_anti_us_coalition.title,Anti-US-Koalition
hud.agenda.goal.chn_asia_pacific_hegemony.description,Den amerikanischen Einfluss in Asien durch wirtschaftliche Integration und militärische Machtentfaltung durch chinesische Vorherrschaft ersetzen.
hud.agenda.goal.chn_asia_pacific_hegemony.title,Hegemonie im asiatisch-pazifischen Raum
hud.agenda.goal.chn_belt_and_road.description,"Durch Infrastrukturinvestitionen und Schuldendiplomatie wirtschaftliche Abhängigkeiten in Zentralasien, Afrika und Südostasien schaffen."
hud.agenda.goal.chn_belt_and_road.title,Die Vorherrschaft der „Belt and Road“-Initiative
hud.agenda.goal.chn_brics_leadership.description,Die Erweiterung der BRICS-Staaten als Alternative zu den vom Westen dominierten Institutionen vorantreiben.
hud.agenda.goal.chn_brics_leadership.title,BRICS-Führung
hud.agenda.goal.chn_manufacturing_dominance.description,Die Position als „Werkstatt der Welt“ mit einem Anteil von über 30 % an der weltweiten Produktionsleistung behaupten.
hud.agenda.goal.chn_manufacturing_dominance.title,Weltweite Marktführerschaft in der Fertigungsindustrie
hud.agenda.goal.chn_military_modernization.description,"Die Volksbefreiungsarmee zu einer Streitmacht von Weltklasse umzugestalten, die in der Lage ist, Kriege im Informationszeitalter zu gewinnen."
hud.agenda.goal.chn_military_modernization.title,Modernisierung des Militärs
hud.agenda.goal.chn_resource_security.description,"Durch Investitionen und den Ausbau von Häfen den langfristigen Zugang zu afrikanischem Öl, Mineralien und Seltenen Erden sichern."
hud.agenda.goal.chn_resource_security.title,Ressourcensicherheit in Afrika
hud.agenda.goal.chn_reunify_taiwan.description,"Taiwan durch politischen Druck, wirtschaftliche Zwangsmaßnahmen oder militärische Aktionen wieder in die Volksrepublik China eingliedern."
hud.agenda.goal.chn_reunify_taiwan.title,Taiwan wiedervereinigen
hud.agenda.goal.chn_semiconductor_sufficiency.description,Das westliche Monopol auf hochmoderne Chips durch die Etablierung einer heimischen Produktion von Halbleitern mit einer Strukturbreite unter 7 nm brechen.
hud.agenda.goal.chn_semiconductor_sufficiency.title,Selbstversorgung mit Halbleitern
hud.agenda.goal.chn_south_china_sea.description,Die Ansprüche auf die Neun-Striche-Linie durchsetzen und die militärische Vorherrschaft über das Südchinesische Meer erlangen.
hud.agenda.goal.chn_south_china_sea.title,Hoheitsrechte im Südchinesischen Meer
hud.agenda.goal.chn_space_leadership.description,"Eine permanente Mondbasis errichten und die weltweite Weltraumforschung anführen, wobei die NASA übertroffen wird."
hud.agenda.goal.chn_space_leadership.title,Führung des Raumfahrtprogramms
hud.agenda.goal.chn_surveillance_state.description,"Perfekte, KI-gestützte Massenüberwachungs- und Sozialkreditsysteme für die innerstaatliche Kontrolle und den Export."
hud.agenda.goal.chn_surveillance_state.title,Vorherrschaft der digitalen Überwachung
hud.agenda.goal.chn_tech_giant_dominance.description,"Sicherstellen, dass chinesische Technologieunternehmen (Huawei, Alibaba, Tencent) die globalen Märkte in den Bereichen 5G, Cloud und KI dominieren."
hud.agenda.goal.chn_tech_giant_dominance.title,Die weltweite Vorherrschaft der Technologiegiganten
hud.agenda.goal.chn_yuan_internationalization.description,"Die Vorherrschaft des Dollars in Frage stellen, indem der Yuan zu einer globalen Reservewährung gemacht wird."
hud.agenda.goal.chn_yuan_internationalization.title,Die Internationalisierung des Yuan
hud.agenda.goal.cod_eastern_security.description,Die M23-Rebellen und die von Ruanda unterstützten Truppen aus den östlichen Provinzen vertreiben.
hud.agenda.goal.cod_eastern_security.title,Sicherheit im Ostkongo
hud.agenda.goal.col_regional_stability.description,Die venezolanische Flüchtlingskrise bewältigen und die Grenze vor Aktivitäten bewaffneter Gruppen sichern.
hud.agenda.goal.col_regional_stability.title,Die Grenze stabilisieren
hud.agenda.goal.col_total_peace.description,"Mit den verbleibenden Guerillagruppen und kriminellen Organisationen Friedensverhandlungen führen, um den seit 60 Jahren andauernden Bürgerkrieg zu beenden."
hud.agenda.goal.col_total_peace.title,Umfassender Friedensprozess
hud.agenda.goal.cub_lift_embargo.description,"Sicherstellen, dass das US-Handelsembargo auf diplomatischem Wege aufgehoben wird."
hud.agenda.goal.cub_lift_embargo.title,Beendigung des US-Embargos
hud.agenda.goal.cub_regime_survival.description,Das kommunistische System aufrechterhalten und gleichzeitig die Wirtschaftskrise sowie wachsende interne Unruhen bewältigen.
hud.agenda.goal.cub_regime_survival.title,Das Überleben des kommunistischen Regimes
hud.agenda.goal.cyp_air_defense.description,"Moderne Luftabwehrsysteme anschaffen, um den zyprischen Luftraum vor türkischen Überflügen zu schützen."
hud.agenda.goal.cyp_air_defense.title,Luftabwehrschild
hud.agenda.goal.cyp_coastal_defense.description,Aufbau einer glaubwürdigen Küstenverteidigung zur Abwehr amphibischer Invasionen.
hud.agenda.goal.cyp_coastal_defense.title,Inselfestung
hud.agenda.goal.cyp_eu_leverage.description,"Die EU-Mitgliedschaft Zyperns nutzen, um den EU-Beitritt der Türkei zu blockieren und Zugeständnisse in der Zypernfrage zu erwirken."
hud.agenda.goal.cyp_eu_leverage.title,EU-Druckmittel gegenüber der Türkei
hud.agenda.goal.cyp_gas_extraction.description,"Die riesigen Offshore-Erdgasvorkommen in der zyprischen AWZ erschließen, um die nationale Wirtschaft zu transformieren."
hud.agenda.goal.cyp_gas_extraction.title,Gasbonanza im östlichen Mittelmeerraum
hud.agenda.goal.cyp_greek_solidarity.description,"Die besonderen Beziehungen zu Griechenland in den Bereichen Verteidigung, Wirtschaft und kulturelle Identität weiter vertiefen."
hud.agenda.goal.cyp_greek_solidarity.title,Griechische Einheit
hud.agenda.goal.cyp_intelligence_ops.description,"Einen leistungsfähigen Nachrichtendienst aufbauen, um die militärischen Aktivitäten der Türkei zu überwachen und die nationale Sicherheit zu gewährleisten."
hud.agenda.goal.cyp_intelligence_ops.title,CIS-Nachrichtennetzwerk
hud.agenda.goal.cyp_offshore_finance.description,Die Position Zyperns als bedeutendes internationales Finanzzentrum und Steueroase stärken.
hud.agenda.goal.cyp_offshore_finance.title,Offshore-Finanzzentrum
hud.agenda.goal.cyp_reunification.description,"Verhandlungen führen oder Nordzypern zurückerobern, um die zyprische Souveränität über die gesamte Insel wiederherzustellen."
hud.agenda.goal.cyp_reunification.title,Zypern wiedervereinigen
hud.agenda.goal.cyp_shipping_industry.description,Das zyprische Schiffsregister zu einem der weltweit größten auszubauen und damit erhebliche Einnahmen zu generieren.
hud.agenda.goal.cyp_shipping_industry.title,Versandregister-Funktionen
hud.agenda.goal.cyp_tech_advancement.description,"Zypern als Zentrum für Tech-Start-ups positionieren, indem EU-Fördermittel und die strategisch günstige Lage genutzt werden."
hud.agenda.goal.cyp_tech_advancement.title,Zentrum für Technologie und Innovation
hud.agenda.goal.cyp_tourism_hub.description,"Eine Tourismusinfrastruktur von Weltklasse aufbauen, um jährlich Millionen von Besuchern anzulocken."
hud.agenda.goal.cyp_tourism_hub.title,Drehscheibe für den Mittelmeertourismus
hud.agenda.goal.cyp_turkish_withdrawal.description,"Üben Sie diplomatischen und militärischen Druck auf die Türkei aus, damit sie ihre Truppen aus Nordzypern abzieht."
hud.agenda.goal.cyp_turkish_withdrawal.title,Beendet die türkische Besatzung
hud.agenda.goal.cyp_un_resolution.description,"Sich für die Umsetzung bestehender UN-Resolutionen einsetzen, die den Abzug ausländischer Truppen aus Zypern fordern."
hud.agenda.goal.cyp_un_resolution.title,Durchsetzung von UN-Resolutionen
hud.agenda.goal.deu_auto_industry.description,Den weltweiten Übergang zu Elektrofahrzeugen vorantreiben und gleichzeitig die Führungsposition der deutschen Automobilindustrie sichern.
hud.agenda.goal.deu_auto_industry.title,Führende Rolle in der Automobilindustrie
hud.agenda.goal.deu_economic_powerhouse.description,Die Position als Europas größte Volkswirtschaft und industrielles Kraftzentrum behaupten.
hud.agenda.goal.deu_economic_powerhouse.title,Europäischer Wirtschaftsmotor
hud.agenda.goal.deu_energy_independence.description,"Den Ausstieg aus russischen fossilen Brennstoffen durch erneuerbare Energien, LNG-Importe und eine Neugestaltung der Atompolitik vollziehen."
hud.agenda.goal.deu_energy_independence.title,Energieunabhängigkeit von Russland
hud.agenda.goal.deu_eu_integration.description,Sich für eine weitere politische und fiskalische Integration der Europäischen Union einsetzen.
hud.agenda.goal.deu_eu_integration.title,Die EU-Integration vertiefen
hud.agenda.goal.deu_eu_military_leader.description,Die Schaffung einer europäischen Verteidigungsstreitmacht vorantreiben und das NATO-Ausgabenziel von 2 % erreichen sowie darüber hinausgehen.
hud.agenda.goal.deu_eu_military_leader.title,Führungsrolle der EU im Verteidigungsbereich
hud.agenda.goal.deu_franco_german_axis.description,Die Partnerschaft mit Frankreich als Kernstück der europäischen Integration stärken.
hud.agenda.goal.deu_franco_german_axis.title,Deutsch-französische Achse
hud.agenda.goal.deu_green_transition.description,Die Energiewende in Deutschland bis 2035 auf 100 % erneuerbare Energien abschließen.
hud.agenda.goal.deu_green_transition.title,Abschluss der Energiewende
hud.agenda.goal.deu_nato_commitment.description,"Truppen an der Ostflanke der NATO stationieren, um russische Aggressionen abzuschrecken."
hud.agenda.goal.deu_nato_commitment.title,Ostflanke der NATO
hud.agenda.goal.deu_support_ukraine.description,Der Ukraine militärische und wirtschaftliche Hilfe gegen die russische Aggression leisten.
hud.agenda.goal.deu_support_ukraine.title,Unterstützt die Ukraine
hud.agenda.goal.deu_tech_sovereignty.description,Die Abhängigkeit von US-amerikanischer und chinesischer Technologie durch eine eigene Chip-Produktion und Cloud-Infrastruktur verringern.
hud.agenda.goal.deu_tech_sovereignty.title,Technologische Souveränität
hud.agenda.goal.dza_gas_exports.description,"Die Erdgasexporte nach Europa ausweiten, um die russischen Lieferungen zu ersetzen, und so zu einem wichtigen Energiepartner werden."
hud.agenda.goal.dza_gas_exports.title,Europäischer Gasversorger
hud.agenda.goal.dza_sahara_sovereignty.description,Unterstützen Sie die Polisario-Front und verhindern Sie die internationale Anerkennung der marokkanischen Souveränität über die Westsahara.
hud.agenda.goal.dza_sahara_sovereignty.title,Marokkanische Ansprüche auf die Sahara zurückweisen
hud.agenda.goal.egy_arab_leadership.description,Ägyptens traditionelle Rolle als politischer und kultureller Vorreiter der arabischen Welt wieder stärken.
hud.agenda.goal.egy_arab_leadership.title,Führungsrolle der arabischen Welt
hud.agenda.goal.egy_counter_terrorism.description,IS-nahe Aufständische auf der Sinai-Halbinsel ausschalten.
hud.agenda.goal.egy_counter_terrorism.title,Den Aufstand im Sinai niederschlagen
hud.agenda.goal.egy_economic_recovery.description,Die Schuldenkrise überwinden und das Wirtschaftswachstum trotz der Auflagen des IWF wieder ankurbeln.
hud.agenda.goal.egy_economic_recovery.title,Wirtschaftlicher Aufschwung
hud.agenda.goal.egy_gas_exporter.description,"Die Gasfelder im Mittelmeerraum erschließen, um zum regionalen Energieexporteur zu werden."
hud.agenda.goal.egy_gas_exporter.title,Erdgas-Umschlagplatz
hud.agenda.goal.egy_gcc_balance.description,Die Beziehungen zu Saudi-Arabien und den Vereinigten Arabischen Emiraten gestalten und dabei die Unabhängigkeit wahren.
hud.agenda.goal.egy_gcc_balance.title,Die Mächte am Golf im Gleichgewicht
hud.agenda.goal.egy_military_modernization.description,"Die Streitkräfte modernisieren, um die regionale Militärmacht zu bleiben."
hud.agenda.goal.egy_military_modernization.title,Modernisierung des Militärs
hud.agenda.goal.egy_new_administrative_capital.description,Das ehrgeizige Projekt zum Bau einer neuen Hauptstadt östlich von Kairo zum Abschluss bringen.
hud.agenda.goal.egy_new_administrative_capital.title,Neue Verwaltungshauptstadt
hud.agenda.goal.egy_nile_security.description,"Es muss verhindert werden, dass der GERD-Staudamm in Äthiopien den Anteil Ägyptens am Nilwasser verringert – eine Frage der existenziellen Wasserversorgungssicherheit."
hud.agenda.goal.egy_nile_security.title,Wassersicherheit am Nil
hud.agenda.goal.egy_suez_canal_revenue.description,Maximierung der Einnahmen aus dem Suezkanal durch den Ausbau der Häfen und die Verbesserung der Sicherheit.
hud.agenda.goal.egy_suez_canal_revenue.title,Optimierung des Suezkanals
hud.agenda.goal.egy_us_relations.description,"Seit den Camp-David-Abkommen wird das US-Militärhilfepaket in Höhe von jährlich 1,3 Milliarden Dollar beibehalten."
hud.agenda.goal.egy_us_relations.title,Militärhilfe der USA
hud.agenda.goal.eth_gerd_completion.description,Den Grand Ethiopian Renaissance Dam trotz des Widerstands Ägyptens und des Sudans fertigzustellen und mit voller Kapazität in Betrieb zu nehmen.
hud.agenda.goal.eth_gerd_completion.title,Kompletter GERD-Damm
hud.agenda.goal.eth_horn_hegemony.description,Die äthiopische Vorherrschaft über das Horn von Afrika mit militärischen und wirtschaftlichen Mitteln durchsetzen.
hud.agenda.goal.eth_horn_hegemony.title,Hegemonie am Horn von Afrika
hud.agenda.goal.fra_africa_influence.description,Der Expansion Wagners und Russlands in der Sahelzone entgegenwirken und die wirtschaftlichen Beziehungen im Rahmen von „Françafrique“ aufrechterhalten.
hud.agenda.goal.fra_africa_influence.title,Den afrikanischen Einfluss wiederherstellen
hud.agenda.goal.fra_carrier_group.description,Unterhaltung von Flugzeugträgerkampfgruppen zur Machtprojektion im Mittelmeer und im Indischen Ozean.
hud.agenda.goal.fra_carrier_group.title,Projektion von Seemacht
hud.agenda.goal.fra_climate_leadership.description,Mit Kernenergie und grüner Technologie weltweit eine Vorreiterrolle im Klimaschutz übernehmen.
hud.agenda.goal.fra_climate_leadership.title,Vorreiterrolle im Klimaschutz
hud.agenda.goal.fra_economic_leadership.description,Die Position als zweitgrößte Volkswirtschaft Europas behaupten.
hud.agenda.goal.fra_economic_leadership.title,Wirtschaftsmacht
hud.agenda.goal.fra_eu_leadership.description,"Die EU auf dem Weg zu strategischer Unabhängigkeit von den Vereinigten Staaten in den Bereichen Verteidigung, Technologie und Außenpolitik führen."
hud.agenda.goal.fra_eu_leadership.title,Europäische strategische Autonomie
hud.agenda.goal.fra_franco_german_axis.description,Die Partnerschaft mit Deutschland als Kernstück der europäischen Integration pflegen.
hud.agenda.goal.fra_franco_german_axis.title,Deutsch-französische Partnerschaft
hud.agenda.goal.fra_military_exports.description,"Die weltweite Führungsposition im Rüstungsexport durch Rafale, U-Boote und fortschrittliche Systeme behaupten."
hud.agenda.goal.fra_military_exports.title,Spitzenunternehmen der Verteidigungsindustrie
hud.agenda.goal.fra_nuclear_deterrent.description,Das unabhängige Atomwaffenarsenal und die U-Boot-Flotte Frankreichs erhalten.
hud.agenda.goal.fra_nuclear_deterrent.title,Unabhängige nukleare Abschreckung
hud.agenda.goal.fra_space_program.description,Leitung des europäischen Raumfahrtprogramms durch das CNES und die Ariane-Raketen.
hud.agenda.goal.fra_space_program.title,Führung des Raumfahrtprogramms
hud.agenda.goal.fra_tech_champions.description,"Europäische Technologieführer aufbauen, die es mit den US-amerikanischen Big-Tech-Unternehmen und den chinesischen Giganten aufnehmen können."
hud.agenda.goal.fra_tech_champions.title,Technologie-Vorreiter
hud.agenda.goal.gbr_commonwealth_leadership.description,"Die Beziehungen zu den Commonwealth-Staaten stärken, um den Handel und den diplomatischen Einfluss auszubauen."
hud.agenda.goal.gbr_commonwealth_leadership.title,Führung im Commonwealth
hud.agenda.goal.gbr_falklands_sovereignty.description,Die Souveränität über die Falklandinseln gegenüber den Ansprüchen Argentiniens wahren.
hud.agenda.goal.gbr_falklands_sovereignty.title,Verteidigung der Souveränität der Falklandinseln
hud.agenda.goal.gbr_financial_center.description,London trotz des Brexits als weltweit führendes Finanzzentrum erhalten.
hud.agenda.goal.gbr_financial_center.title,Globales Finanzzentrum
hud.agenda.goal.gbr_global_britain.description,"Aufbau eines Netzwerks bilateraler Freihandelsabkommen mit Staaten im indopazifischen Raum, im Commonwealth und in der Golfregion nach dem Brexit."
hud.agenda.goal.gbr_global_britain.title,Global Britain Handelsnetzwerk
hud.agenda.goal.gbr_green_transition.description,Den weltweiten Übergang zur Netto-Null-Emissionswirtschaft durch Offshore-Windenergie und Kernkraft vorantreiben.
hud.agenda.goal.gbr_green_transition.title,Wende zur grünen Energie
hud.agenda.goal.gbr_intelligence_network.description,Den MI6 und das GCHQ als weltweit führende Geheimdienste erhalten.
hud.agenda.goal.gbr_intelligence_network.title,Überlegenheit im Bereich der Nachrichtendienste
hud.agenda.goal.gbr_nato_commitment.description,Eine führende Rolle bei den europäischen NATO-Beiträgen übernehmen und die Ukraine im Kampf gegen die russische Aggression unterstützen.
hud.agenda.goal.gbr_nato_commitment.title,Verpflichtung der NATO
hud.agenda.goal.gbr_royal_navy.description,Eine glaubwürdige Seemacht mit Flugzeugträgerkampfgruppen und Atom-U-Booten aufrechterhalten.
hud.agenda.goal.gbr_royal_navy.title,Modernisierung der Royal Navy
hud.agenda.goal.gbr_special_relationship.description,Ein engstes Bündnis mit den Vereinigten Staaten im Hinblick auf den Austausch von Geheimdienstinformationen und die Zusammenarbeit im Verteidigungsbereich pflegen.
hud.agenda.goal.gbr_special_relationship.title,Besondere Beziehungen zu den USA
hud.agenda.goal.gbr_tech_innovation.description,"Großbritannien als europäischer Marktführer in den Bereichen KI, Fintech und Biotechnologie etablieren."
hud.agenda.goal.gbr_tech_innovation.title,Zentrum für Technologie und Innovation
hud.agenda.goal.geo_western_integration.description,Der EU und der NATO beitreten und gleichzeitig Abchasien und Südossetien aus der russischen Besatzung befreien.
hud.agenda.goal.geo_western_integration.title,Integration in den Westen
hud.agenda.goal.grc_aegean_sovereignty.description,Die griechische Souveränität über die Ägäischen Inseln und die Hoheitsgewässer gegen türkische Ansprüche verteidigen.
hud.agenda.goal.grc_aegean_sovereignty.title,Souveränität im Ägäischen Meer
hud.agenda.goal.hun_magyar_minorities.description,"Die ethnischen ungarischen Minderheiten in Rumänien, der Slowakei, Serbien und der Ukraine durch diplomatischen Druck zu schützen."
hud.agenda.goal.hun_magyar_minorities.title,Schutz der ungarischen Minderheiten
hud.agenda.goal.idn_asean_hegemon.description,Indonesiens Rolle als de facto führende Kraft der ASEAN und als wichtige Stimme in der Diplomatie des Globalen Südens bekräftigen.
hud.agenda.goal.idn_asean_hegemon.title,Der natürliche Anführer der ASEAN
hud.agenda.goal.idn_capital_relocation.description,Das ehrgeizige Projekt zum Bau einer neuen Hauptstadt in Ostkalimantan zum Abschluss bringen.
hud.agenda.goal.idn_capital_relocation.title,Neue Hauptstadt: Nusantara
hud.agenda.goal.idn_economic_growth.description,"Ein nachhaltig hohes Wachstum erzielen, um zu den fünf größten Volkswirtschaften der Welt zu gehören."
hud.agenda.goal.idn_economic_growth.title,Aufstrebende Wirtschaftsmacht
hud.agenda.goal.idn_green_economy.description,"Die riesigen Nickelvorkommen nutzen, um zum globalen Zentrum für die Herstellung von Batterien für Elektrofahrzeuge zu werden."
hud.agenda.goal.idn_green_economy.title,Green Nickel & EV-Hub
hud.agenda.goal.idn_infrastructure_development.description,"Baue Straßen, Häfen und Brücken, um mehr als 17.000 Inseln miteinander zu verbinden."
hud.agenda.goal.idn_infrastructure_development.title,Infrastruktur und Konnektivität
hud.agenda.goal.idn_islamic_leadership.description,Indonesien als Vorbild für einen gemäßigten Islam und als demokratische muslimische Nation positionieren.
hud.agenda.goal.idn_islamic_leadership.title,Gemäßigte islamische Führung
hud.agenda.goal.idn_maritime_security.description,Den größten Archipel der Welt vor Piraterie und territorialen Übergriffen schützen.
hud.agenda.goal.idn_maritime_security.title,Maritime Sicherheit und Verteidigung von Inselgruppen
hud.agenda.goal.idn_palm_oil_dominance.description,Die weltweite Vorherrschaft bei der Palmölproduktion trotz Umweltkritik aufrechterhalten.
hud.agenda.goal.idn_palm_oil_dominance.title,Die Dominanz von Palmöl
hud.agenda.goal.idn_south_china_sea.description,Die ausschließliche Wirtschaftszone der Natuna-Inseln gegen chinesische Übergriffe verteidigen.
hud.agenda.goal.idn_south_china_sea.title,Hoheitsrechte im Südchinesischen Meer
hud.agenda.goal.idn_tech_hub.description,Aufbau einer digitalen Wirtschaft und eines Ökosystems für Technologie-Start-ups.
hud.agenda.goal.idn_tech_hub.title,Technologiezentrum Südostasiens
hud.agenda.goal.ind_global_south_leadership.description,"Die Entwicklungsländer im Rahmen der G20 und der BRICS-Staaten anführen, um der westlichen Vorherrschaft entgegenzutreten."
hud.agenda.goal.ind_global_south_leadership.title,Führungsrolle des Globalen Südens
hud.agenda.goal.ind_kashmir_consolidation.description,Jammu und Kaschmir vollständig integrieren und den pakistanischen/chinesischen Ansprüchen auf das Gebiet entgegenwirken.
hud.agenda.goal.ind_kashmir_consolidation.title,Konsolidierung in Kaschmir
hud.agenda.goal.ind_manufacturing_hub.description,Durch die Initiative „Make in India“ die aus China abwandernde Produktion anziehen.
hud.agenda.goal.ind_manufacturing_hub.title,Produktionszentrum „China+1“
hud.agenda.goal.ind_military_modernization.description,"Die indischen Streitkräfte in ein modernes, technologisch fortschrittliches Militär umwandeln, das in der Lage ist, einen Zweifrontenkrieg zu führen."
hud.agenda.goal.ind_military_modernization.title,Modernisierung des Militärs
hud.agenda.goal.ind_pakistan_rivalry.description,Die militärische Überlegenheit gegenüber Pakistan aufrechterhalten und dessen nukleare Abschreckung neutralisieren.
hud.agenda.goal.ind_pakistan_rivalry.title,Gegen Pakistan
hud.agenda.goal.ind_quad_partnership.description,"Die Sicherheitszusammenarbeit mit den USA, Japan und Australien verstärken, um China entgegenzuwirken."
hud.agenda.goal.ind_quad_partnership.title,QUAD-Indo-Pazifik-Partnerschaft
hud.agenda.goal.ind_renewable_energy.description,Durch massive Investitionen in Solar- und Windenergie den weltweiten Übergang zu erneuerbaren Energien vorantreiben.
hud.agenda.goal.ind_renewable_energy.title,Wende zu erneuerbaren Energien
hud.agenda.goal.ind_space_program.description,"Einführung des bemannten Raumfahrtprogramms „Gaganyaan“ und von Mondmissionen, um mit China zu konkurrieren."
hud.agenda.goal.ind_space_program.title,Führung des Raumfahrtprogramms
hud.agenda.goal.ind_surpass_china_gdp.description,"Durch Wachstum im verarbeitenden Gewerbe, Investitionen in Technologie und den demografischen Vorteil zur zweitgrößten Volkswirtschaft der Welt aufsteigen."
hud.agenda.goal.ind_surpass_china_gdp.title,Chinas BIP übertreffen
hud.agenda.goal.ind_tech_powerhouse.description,"Indien als weltweit führendes Land in den Bereichen IT-Dienstleistungen, KI und Halbleiterfertigung etablieren."
hud.agenda.goal.ind_tech_powerhouse.title,Weltweit führendes Technologieunternehmen
hud.agenda.goal.ind_unsc_permanent.description,"Indien einen ständigen Sitz im Sicherheitsrat der Vereinten Nationen sichern, der seiner globalen Bedeutung gerecht wird."
hud.agenda.goal.ind_unsc_permanent.title,Ständiger Sitz im UN-Sicherheitsrat
hud.agenda.goal.irn_anti_saudi_rivalry.description,Saudi-Arabien um die regionale Führungsrolle und die Vorherrschaft zwischen Sunniten und Schiiten herausfordern.
hud.agenda.goal.irn_anti_saudi_rivalry.title,Dem saudischen Einfluss entgegenwirken
hud.agenda.goal.irn_axis_of_resistance.description,"Das Netzwerk der schiitischen Stellvertreterkräfte im Irak, in Syrien, im Libanon und im Jemen aufrechterhalten und ausbauen."
hud.agenda.goal.irn_axis_of_resistance.title,Achse des Widerstands
hud.agenda.goal.irn_ballistic_missile_program.description,"Ein Arsenale an ballistischen Raketen und Marschflugkörpern aufbauen, das im Nahen Osten seinesgleichen sucht."
hud.agenda.goal.irn_ballistic_missile_program.title,Überlegenheit bei ballistischen Raketen
hud.agenda.goal.irn_counter_us_presence.description,"Den Abzug der amerikanischen Truppen aus dem Irak, Syrien und den Golfstaaten erzwingen."
hud.agenda.goal.irn_counter_us_presence.title,Die USA aus der Region vertreiben
hud.agenda.goal.irn_cyber_warfare.description,"Entwicklung asymmetrischer Fähigkeiten zur Cyberkriegsführung, um die Infrastruktur der USA und Israels anzugreifen."
hud.agenda.goal.irn_cyber_warfare.title,Fähigkeiten im Bereich der Cyberkriegsführung
hud.agenda.goal.irn_destroy_israel.description,"Unterstützung der Bemühungen, Israel durch Stellvertreterkriege und letztendlich durch eine direkte Konfrontation zu vernichten."
hud.agenda.goal.irn_destroy_israel.title,Beseitigung der zionistischen Entität
hud.agenda.goal.irn_nuclear_capability.description,"Aufbau von Nuklearwaffenkapazitäten, um das Überleben des Regimes zu sichern und israelische bzw. amerikanische Aggressionen abzuschrecken."
hud.agenda.goal.irn_nuclear_capability.title,Nukleare Abschreckung
hud.agenda.goal.irn_oil_revenue_restoration.description,Die Ölförderung wieder auf das Niveau vor den Sanktionen bringen und neue Exportmärkte in Asien erschließen.
hud.agenda.goal.irn_oil_revenue_restoration.title,Öleinnahmen wiederherstellen
hud.agenda.goal.irn_persian_gulf_dominance.description,Die Kontrolle über die Straße von Hormus erlangen und die Seeherrschaft im Persischen Golf sichern.
hud.agenda.goal.irn_persian_gulf_dominance.title,Vorherrschaft am Persischen Golf
hud.agenda.goal.irn_sanctions_evasion.description,"Aufbau alternativer Handelsnetzwerke mit China, Russland und Indien, um westliche Sanktionen zu umgehen."
hud.agenda.goal.irn_sanctions_evasion.title,Das Sanktionsregime durchbrechen
hud.agenda.goal.irn_shia_crescent.description,Einen zusammenhängenden Korridor schiitischen Einflusses von Teheran bis Beirut schaffen.
hud.agenda.goal.irn_shia_crescent.title,Den schiitischen Halbmond vervollständigen
hud.agenda.goal.isr_annex_west_bank.description,"Gebiet C des Westjordanlands schrittweise annektieren und die Siedlungen ausweiten, wodurch die territoriale Kontinuität der Palästinenser eingeschränkt wird."
hud.agenda.goal.isr_annex_west_bank.title,Anhang: Westjordanland
hud.agenda.goal.isr_arab_normalization.description,Die Beziehungen zu Saudi-Arabien und anderen Golfstaaten normalisieren und eine Anti-Iran-Koalition aufbauen.
hud.agenda.goal.isr_arab_normalization.title,Die Abraham-Abkommen ausweiten
hud.agenda.goal.isr_gaza_control.description,"Eine dauerhafte militärische Kontrolle über den Gazastreifen etablieren, um ein Wiederaufleben der Hamas zu verhindern."
hud.agenda.goal.isr_gaza_control.title,Dauerhafte Kontrolle über den Gazastreifen
hud.agenda.goal.isr_intelligence_dominance.description,Aufrechterhaltung weltweit führender nachrichtendienstlicher Fähigkeiten für die Terrorismusbekämpfung und verdeckte Operationen.
hud.agenda.goal.isr_intelligence_dominance.title,Die Vorherrschaft des Mossad im Geheimdienstbereich
hud.agenda.goal.isr_iron_dome.description,"Die Systeme „Iron Dome“, „David’s Sling“ und „Arrow“ sollen gegen alle Bedrohungen gewartet und ausgebaut werden."
hud.agenda.goal.isr_iron_dome.title,Mehrschichtige Verteidigungssysteme
hud.agenda.goal.isr_mediterranean_gas.description,Die Gasfelder Leviathan und Tamar zur Sicherung der Energieunabhängigkeit und zur Erzielung von Exporteinnahmen erschließen.
hud.agenda.goal.isr_mediterranean_gas.title,Gasvorkommen im Mittelmeerraum
hud.agenda.goal.isr_neutralize_iran.description,"Das iranische Atomprogramm zerschlagen und sein Netzwerk von Stellvertretern (Hisbollah, Hamas, Houthis) schwächen."
hud.agenda.goal.isr_neutralize_iran.title,Die iranische Bedrohung entschärfen
hud.agenda.goal.isr_regional_military_supremacy.description,Eine überwältigende militärische Überlegenheit gegenüber allen potenziellen regionalen Gegnern zusammen aufrechterhalten.
hud.agenda.goal.isr_regional_military_supremacy.title,Regionale militärische Vorherrschaft
hud.agenda.goal.isr_tech_startup_nation.description,"Die weltweite Führungsposition in den Bereichen Cybersicherheit, Verteidigungstechnologie und KI-Start-ups behaupten."
hud.agenda.goal.isr_tech_startup_nation.title,Tech-Startup-Nation
hud.agenda.goal.isr_us_alliance.description,"Eine besondere Beziehung zu den Vereinigten Staaten pflegen, um militärische Hilfe und diplomatische Rückendeckung zu sichern."
hud.agenda.goal.isr_us_alliance.title,Das Bündnis mit den USA stärken
hud.agenda.goal.isr_water_security.description,Wassersouveränität durch Entsalzungs- und Wasserrecyclingtechnologien erreichen.
hud.agenda.goal.isr_water_security.title,Wassersicherheit und Meerwasserentsalzung
hud.agenda.goal.jpn_counter_china.description,"Eine regionale Koalition anführen, um der chinesischen Militarisierung und den territorialen Ansprüchen entgegenzuwirken."
hud.agenda.goal.jpn_counter_china.title,Der chinesischen Expansion entgegenwirken
hud.agenda.goal.jpn_economic_growth.description,Durch Strukturreformen und Innovation die jahrzehntelange Stagnation überwinden.
hud.agenda.goal.jpn_economic_growth.title,Wirtschaftliche Wiederbelebung
hud.agenda.goal.jpn_green_transition.description,Bis 2050 Klimaneutralität durch erneuerbare Energien und Wasserstoffenergie erreichen.
hud.agenda.goal.jpn_green_transition.title,Klimaneutralität
hud.agenda.goal.jpn_kuril_islands.description,Durch beharrlichen diplomatischen Druck die Rückgabe der Kurilen-Inseln durch Russland aushandeln.
hud.agenda.goal.jpn_kuril_islands.title,Die Northern Territories zurückgewinnen
hud.agenda.goal.jpn_quad_partnership.description,"Die Zusammenarbeit im Sicherheitsbereich mit den USA, Indien und Australien verstärken."
hud.agenda.goal.jpn_quad_partnership.title,QUAD-Allianz
hud.agenda.goal.jpn_remilitarization.description,"Artikel 9 überarbeiten und ein voll einsatzfähiges Militär aufbauen, um China und Nordkorea entgegenzutreten."
hud.agenda.goal.jpn_remilitarization.title,Militärische Normalisierung
hud.agenda.goal.jpn_semiconductor_industry.description,"Die heimische Halbleiterindustrie wieder aufbauen, um die Abhängigkeit von Taiwan und Korea zu verringern."
hud.agenda.goal.jpn_semiconductor_industry.title,Aufschwung der Halbleiterbranche
hud.agenda.goal.jpn_space_program.description,Ausbau der Kapazitäten der JAXA für Mond- und Asteroidenmissionen.
hud.agenda.goal.jpn_space_program.title,Weltraumforschung
hud.agenda.goal.jpn_tech_leadership.description,"Die Führungsposition in den Bereichen Robotik, Automatisierung und fortschrittliche Fertigung behaupten."
hud.agenda.goal.jpn_tech_leadership.title,Technologieführerschaft
hud.agenda.goal.jpn_us_alliance.description,Die engste Sicherheitspartnerschaft mit den Vereinigten Staaten als Eckpfeiler der regionalen Sicherheit aufrechterhalten.
hud.agenda.goal.jpn_us_alliance.title,Das Bündnis zwischen den USA und Japan
hud.agenda.goal.ken_east_africa_hub.description,"Kenya soll über das Finanzzentrum Nairobi als wichtigster Wirtschafts-, Technologie- und Logistikstandort Ostafrikas etabliert werden."
hud.agenda.goal.ken_east_africa_hub.title,Wirtschaftszentrum Ostafrikas
hud.agenda.goal.kor_china_challenge.description,Sich dem wirtschaftlichen Druck Chinas widersetzen und gleichzeitig die Märkte außerhalb Chinas ausbauen.
hud.agenda.goal.kor_china_challenge.title,Dem wirtschaftlichen Druck Chinas entgegenwirken
hud.agenda.goal.kor_defense_exports.description,"Durch K-9-Haubitzen, FA-50-Kampfflugzeuge und Marinesysteme zu einem bedeutenden Waffenexporteur werden."
hud.agenda.goal.kor_defense_exports.title,Exporte der Rüstungsindustrie
hud.agenda.goal.kor_green_energy.description,Den weltweiten Übergang zu Wasserstoff-Brennstoffzellen und erneuerbaren Energien vorantreiben.
hud.agenda.goal.kor_green_energy.title,Führend im Bereich grüne Energie
hud.agenda.goal.kor_k_pop_culture.description,"Den weltweiten kulturellen Einfluss durch K-Pop, K-Dramen und den Export von Unterhaltungsprodukten ausbauen."
hud.agenda.goal.kor_k_pop_culture.title,Ausübung von Soft Power
hud.agenda.goal.kor_north_deterrence.description,Die militärische Überlegenheit gegenüber Nordkorea aufrechterhalten und auf alle Eventualitäten vorbereitet sein.
hud.agenda.goal.kor_north_deterrence.title,Abschreckung gegenüber Nordkorea
hud.agenda.goal.kor_peaceful_reunification.description,"Auf eine künftige Wiedervereinigung der koreanischen Halbinsel hinarbeiten, und zwar durch Diplomatie und wirtschaftliche Anreize."
hud.agenda.goal.kor_peaceful_reunification.title,Friedliche Wiedervereinigung Koreas
hud.agenda.goal.kor_shipbuilding.description,Die weltweite Führungsposition im Schiffbau und in der Marinetechnik behaupten.
hud.agenda.goal.kor_shipbuilding.title,Vorherrschaft im Schiffbau
hud.agenda.goal.kor_space_program.description,Aufbau einer eigenständigen Raumfahrtkapazität und eines Mondforschungsprogramms.
hud.agenda.goal.kor_space_program.title,Entwicklung des Raumfahrtprogramms
hud.agenda.goal.kor_tech_superpower.description,Den weltweiten Halbleiter- und Elektronikmarkt dominieren und dabei den Vorsprung gegenüber China und Japan behaupten.
hud.agenda.goal.kor_tech_superpower.title,Technologiemacht
hud.agenda.goal.kor_us_alliance.description,Ein unerschütterliches Bündnis mit den Vereinigten Staaten als Garant für Sicherheit aufrechterhalten.
hud.agenda.goal.kor_us_alliance.title,Das Bündnis zwischen den USA und Korea
hud.agenda.goal.lka_economic_recovery.description,"Sich vom wirtschaftlichen Zusammenbruch des Jahres 2022 erholen und die Kreditwürdigkeit des Staates wiederherstellen, während die Auflagen des IWF erfüllt werden."
hud.agenda.goal.lka_economic_recovery.title,Wirtschaftlicher Aufschwung
hud.agenda.goal.lka_indian_ocean_balance.description,"Die chinesischen Hafeninvestitionen müssen gegen die Sicherheitsbedenken Indiens abgewogen werden, um den wirtschaftlichen Nutzen zu maximieren."
hud.agenda.goal.lka_indian_ocean_balance.title,Gleichgewicht im Indischen Ozean
hud.agenda.goal.mar_africa_gateway.description,Marokko als wichtigstes Tor für Investitionen und Handel zwischen Europa und Subsahara-Afrika positionieren.
hud.agenda.goal.mar_africa_gateway.title,Tor zu Afrika
hud.agenda.goal.mar_western_sahara.description,Die dauerhafte internationale Anerkennung der marokkanischen Souveränität über die Westsahara sicherstellen.
hud.agenda.goal.mar_western_sahara.title,Konsolidierung in der Westsahara
hud.agenda.goal.mda_eu_integration.description,"Die EU-Mitgliedschaft sichern und sich vom russischen Einfluss befreien, einschließlich einer Lösung der Transnistrien-Frage."
hud.agenda.goal.mda_eu_integration.title,EU Integration
hud.agenda.goal.mex_cartel_war.description,Den Einfluss der Kartelle auf dem Staatsgebiet einschränken und die Fentanyl-Produktion unter dem Druck der USA unterbinden.
hud.agenda.goal.mex_cartel_war.title,Kartell-Aufhebung
hud.agenda.goal.mex_nearshoring.description,Die Entkopplung der Fertigung zwischen den USA und China durch Nearshoring nutzen und dabei die USMCA sowie die geografische Nähe zu unserem Vorteil einsetzen.
hud.agenda.goal.mex_nearshoring.title,Nearshoring-Großmacht
hud.agenda.goal.mmr_junta_consolidation.description,Bewegungen zur Unterdrückung von Widerstand und Festigung der Militärherrschaft in allen ethnischen Regionen.
hud.agenda.goal.mmr_junta_consolidation.title,Festigung der Militärjunta
hud.agenda.goal.nga_continental_leader.description,Die Position als größte Volkswirtschaft und bevölkerungsreichstes Land Afrikas behaupten und den Einfluss auf dem Kontinent ausbauen.
hud.agenda.goal.nga_continental_leader.title,Afrikas größte Volkswirtschaft
hud.agenda.goal.nga_security_challenge.description,"Boko Haram im Nordosten und die Bandenkriminalität im Nordwesten bekämpfen, um die territoriale Kontrolle wiederherzustellen."
hud.agenda.goal.nga_security_challenge.title,Boko Haram und Banditen besiegen
hud.agenda.goal.pak_afghanistan_influence.description,"Den Einfluss auf Afghanistan aufrechterhalten, um eine Einkreisung Indiens zu verhindern."
hud.agenda.goal.pak_afghanistan_influence.title,Afghanischer Einfluss
hud.agenda.goal.pak_cpec_development.description,Chinesische Investitionen über den China-Pakistan-Wirtschaftskorridor für das BIP-Wachstum nutzen.
hud.agenda.goal.pak_cpec_development.title,Wirtschaftskorridor CPEC
hud.agenda.goal.pak_economic_crisis.description,"Die Wirtschaft stabilisieren, einen Zahlungsausfall verhindern und das Wachstum wieder ankurbeln."
hud.agenda.goal.pak_economic_crisis.title,Die Wirtschaftskrise überwinden
hud.agenda.goal.pak_energy_security.description,Die Energiekrise durch Stromerzeugung und Investitionen in erneuerbare Energien bewältigen.
hud.agenda.goal.pak_energy_security.title,Energiesicherheit
hud.agenda.goal.pak_islamic_leadership.description,Pakistan als wichtige muslimische Macht mit Nuklearkapazitäten positionieren.
hud.agenda.goal.pak_islamic_leadership.title,Führung in der islamischen Welt
hud.agenda.goal.pak_kashmir_liberation.description,Unterstützt das Selbstbestimmungsrecht Kaschmirs und lehnt die Eingliederung des umstrittenen Gebiets durch Indien ab.
hud.agenda.goal.pak_kashmir_liberation.title,Befreiung Kaschmirs
hud.agenda.goal.pak_military_parity.description,Aufrechterhaltung einer glaubwürdigen konventionellen Abschreckung gegenüber dem größeren indischen Militär.
hud.agenda.goal.pak_military_parity.title,Militärische Parität mit Indien
hud.agenda.goal.pak_nuclear_arsenal.description,"Das Atomwaffenarsenal aufrechterhalten, um eine Aggression Indiens abzuschrecken."
hud.agenda.goal.pak_nuclear_arsenal.title,Nukleare Abschreckung
hud.agenda.goal.pak_saudi_partnership.description,"Die Beziehungen zu Saudi-Arabien stärken, um finanzielle Unterstützung zu erhalten und die Energiesicherheit zu gewährleisten."
hud.agenda.goal.pak_saudi_partnership.title,Partnerschaft mit Saudi-Arabien
hud.agenda.goal.pak_textile_exports.description,Ausbau der Textil- und Bekleidungsexporte als wirtschaftliches Rückgrat.
hud.agenda.goal.pak_textile_exports.title,Wachstum der Textilexporte
hud.agenda.goal.per_mining_expansion.description,"Den Kupfer- und Lithiumabbau ausweiten, um zum weltweit führenden Lieferanten kritischer Mineralien zu werden."
hud.agenda.goal.per_mining_expansion.title,Ausweitung des Bergbaus
hud.agenda.goal.phl_infrastructure_buildup.description,"Eine umfassende Modernisierung der Infrastruktur durchführen, um den aus 7.641 Inseln bestehenden Archipel zu vernetzen."
hud.agenda.goal.phl_infrastructure_buildup.title,"Bauen, bauen, bauen"
hud.agenda.goal.phl_wps_defense.description,Die Souveränität der Philippinen im Westphilippinischen Meer gegen die territoriale Expansion Chinas verteidigen.
hud.agenda.goal.phl_wps_defense.title,Verteidigung des Westphilippinischen Meeres
hud.agenda.goal.pol_belarus_liberation.description,Unterstützt die demokratische Opposition in Belarus gegen das Lukaschenko-Regime.
hud.agenda.goal.pol_belarus_liberation.title,Unterstützt die belarussische Demokratie
hud.agenda.goal.pol_eastern_shield.description,Die stärkste Ostflanke der NATO aufbauen und so zum Bollwerk gegen den russischen Expansionismus werden.
hud.agenda.goal.pol_eastern_shield.title,Ostschild
hud.agenda.goal.pol_energy_independence.description,Die Abhängigkeit von russischem Gas durch LNG-Terminals und Kernkraft beseitigen.
hud.agenda.goal.pol_energy_independence.title,Energieunabhängigkeit von Russland
hud.agenda.goal.pol_eu_funding.description,Die Position Polens als größter Empfänger von EU-Mitteln für die Modernisierung der Infrastruktur nutzen.
hud.agenda.goal.pol_eu_funding.title,EU-Mittel optimal nutzen
hud.agenda.goal.pol_military_modernization.description,Stelle Europas stärkste Landstreitmacht auf.
hud.agenda.goal.pol_military_modernization.title,Modernisierung des Militärs
hud.agenda.goal.pol_tech_hub.description,Aufbau eines Zentrums für die Software- und Technologiebranche unter Nutzung qualifizierter Arbeitskräfte.
hud.agenda.goal.pol_tech_hub.title,Mitteleuropäischer Tech-Hub
hud.agenda.goal.pol_three_seas_leader.description,"Die „Three Seas Initiative“ leiten, um die Energie- und Infrastrukturunabhängigkeit Mitteleuropas zu stärken."
hud.agenda.goal.pol_three_seas_leader.title,Führung der Drei-Meere-Initiative
hud.agenda.goal.pol_ukraine_support.description,Der Ukraine militärische und humanitäre Hilfe gegen die russische Invasion leisten.
hud.agenda.goal.pol_ukraine_support.title,Unterstützt die Ukraine
hud.agenda.goal.pol_us_military_base.description,Sich für einen dauerhaften US-Militärstützpunkt in Polen einsetzen.
hud.agenda.goal.pol_us_military_base.title,Fort Trump – Ständiger Stützpunkt der USA
hud.agenda.goal.pol_visegrad_leader.description,"Führungsrolle des V4-Blocks (Polen, Tschechien, Slowakei, Ungarn) innerhalb der EU."
hud.agenda.goal.pol_visegrad_leader.title,Führung der Visegrád-Gruppe
hud.agenda.goal.prk_korean_reunification.description,Die Wiedervereinigung der koreanischen Halbinsel unter nordkoreanischer Kontrolle – ein dauerhaftes Ziel.
hud.agenda.goal.prk_korean_reunification.title,Wiedervereinigung Koreas (unter der DVRK)
hud.agenda.goal.prk_regime_survival.description,"Die Machtposition der Kim-Dynastie durch nukleare Abschreckung, interne Unterdrückung und Isolation aufrechterhalten."
hud.agenda.goal.prk_regime_survival.title,Überleben des Regimes
hud.agenda.goal.qat_lng_dominance.description,"Ausbau der LNG-Produktion, um europäische Märkte zu erschließen, die sich vom russischen Gas abwenden."
hud.agenda.goal.qat_lng_dominance.title,Marktbeherrschung im LNG-Sektor
hud.agenda.goal.rus_anti_nato.description,Eine weitere NATO-Erweiterung nach Osteuropa und Zentralasien durch militärische Abschreckung und politischen Druck verhindern.
hud.agenda.goal.rus_anti_nato.title,Die NATO-Erweiterung stoppen
hud.agenda.goal.rus_anti_western_coalition.description,"Eine multipolare Weltordnung schaffen, indem Koalitionen mit China, dem Iran, Nordkorea und anderen antiwestlichen Staaten gebildet werden."
hud.agenda.goal.rus_anti_western_coalition.title,Antiwestliche Koalition
hud.agenda.goal.rus_arctic_militarization.description,"Durch neue Stützpunkte, Eisbrecher und den Ausbau der Nordflotte militärische Vorherrschaft über den Arktischen Ozean erlangen."
hud.agenda.goal.rus_arctic_militarization.title,Militarisierung der Arktis
hud.agenda.goal.rus_arctic_resources.description,"Gewinnung riesiger Öl-, Gas- und Mineralvorkommen auf dem arktischen Festlandsockel."
hud.agenda.goal.rus_arctic_resources.title,Ausbeutung der Ressourcen in der Arktis
hud.agenda.goal.rus_asia_pivot.description,"Die Energieexporte und die wirtschaftlichen Beziehungen auf China, Indien und Südostasien ausrichten, um den westlichen Sanktionen entgegenzuwirken."
hud.agenda.goal.rus_asia_pivot.title,Ausrichtung auf Asien
hud.agenda.goal.rus_brics_expansion.description,Die BRICS-Staaten zu einer glaubwürdigen Alternative zu westlichen Finanzinstitutionen ausbauen – mit neuen Mitgliedern und einer gemeinsamen Währung.
hud.agenda.goal.rus_brics_expansion.title,BRICS+-Wirtschaftsblock
hud.agenda.goal.rus_cyber_warfare.description,"Aufbau führender Kompetenzen in den Bereichen Cyberspionage, Desinformation und Angriffe auf kritische Infrastrukturen."
hud.agenda.goal.rus_cyber_warfare.title,Vorherrschaft in der Cyberkriegsführung
hud.agenda.goal.rus_energy_dominance.description,Kontrolle über mehr als 40 % der europäischen Erdgasversorgung durch Pipeline-Politik und die Gewinnung von Ressourcen in der Arktis.
hud.agenda.goal.rus_energy_dominance.title,Europäische Energiedominanz
hud.agenda.goal.rus_eurasian_union.description,"Die wirtschaftliche und politische Integration mit den EAWU-Mitgliedstaaten vertiefen, um ein Gegengewicht zur EU zu schaffen."
hud.agenda.goal.rus_eurasian_union.title,Die Eurasische Wirtschaftsunion stärken
hud.agenda.goal.rus_military_modernization.description,"Ausrüstung aus der Sowjetzeit durch moderne Systeme ersetzen, insbesondere bei der Luftwaffe und der Marine."
hud.agenda.goal.rus_military_modernization.title,Modernisierung des Militärs
hud.agenda.goal.rus_near_abroad.description,"Die politische Vorherrschaft über die ehemaligen Sowjetstaaten wiederherstellen: Belarus, Kasachstan, Georgien, Moldawien, Armenien."
hud.agenda.goal.rus_near_abroad.title,Das „nahe Ausland“ wiederherstellen
hud.agenda.goal.rus_nuclear_arsenal.description,Das weltweit größte Atomwaffenarsenal aufrechterhalten und Trägersysteme der nächsten Generation entwickeln.
hud.agenda.goal.rus_nuclear_arsenal.title,Überlegenheit im Nukleararsenal
hud.agenda.goal.rus_reclaim_ukraine.description,"Die besetzten Gebiete der Oblasten Donezk, Luhansk, Saporischschja und Cherson in die Russische Föderation eingliedern. Eine Landbrücke zur Krim herstellen."
hud.agenda.goal.rus_reclaim_ukraine.title,Die Ostukraine zurückerobern
hud.agenda.goal.rwa_eastern_congo_influence.description,Durch Stellvertreterkräfte strategischen Einfluss auf den mineralreichen Osten der Demokratischen Republik Kongo aufrechterhalten.
hud.agenda.goal.rwa_eastern_congo_influence.title,Einfluss im Ostkongo
hud.agenda.goal.sau_abraham_accords.description,Die Beziehungen zu Israel im Rahmen einer strategischen Neuausrichtung gegen den Iran normalisieren.
hud.agenda.goal.sau_abraham_accords.title,Normalisierung der Beziehungen zu Israel
hud.agenda.goal.sau_anti_iran_coalition.description,"Eine Koalition sunnitischer Staaten aufbauen und anführen, um die regionale Expansion des Iran einzudämmen."
hud.agenda.goal.sau_anti_iran_coalition.title,Anti-Iran-Koalition
hud.agenda.goal.sau_military_modernization.description,Bauen Sie durch den Kauf westlicher Waffen die modernste Armee der arabischen Welt auf.
hud.agenda.goal.sau_military_modernization.title,Modernisierung des Militärs
hud.agenda.goal.sau_oil_dominance.description,Durch die Förderquoten der OPEC die Vorherrschaft auf den globalen Ölmärkten sichern.
hud.agenda.goal.sau_oil_dominance.title,Ölpreisregulierung durch die OPEC
hud.agenda.goal.sau_renewable_energy.description,"In Solar- und Windenergie investieren, um zum Exporteur erneuerbarer Energien zu werden und gleichzeitig die Ölförderung aufrechtzuerhalten."
hud.agenda.goal.sau_renewable_energy.title,Führende Rolle im Bereich erneuerbare Energien
hud.agenda.goal.sau_sunni_leadership.description,Saudi-Arabien als unangefochtenen Führer der sunnitischen muslimischen Welt etablieren und dem Einfluss der Türkei und des Iran entgegenwirken.
hud.agenda.goal.sau_sunni_leadership.title,Führende Persönlichkeiten der sunnitischen Welt
hud.agenda.goal.sau_tech_hub.description,Saudi-Arabien zum Technologie- und Innovationszentrum des Nahen Ostens machen.
hud.agenda.goal.sau_tech_hub.title,Regionales Technologiezentrum
hud.agenda.goal.sau_us_alliance.description,Aufrechterhaltung der strategischen Partnerschaft mit den Vereinigten Staaten im Hinblick auf Sicherheitsgarantien und Waffenverkäufe.
hud.agenda.goal.sau_us_alliance.title,Das Bündnis mit den USA stärken
hud.agenda.goal.sau_vision_2030.description,"Die Wirtschaft soll durch NEOM und Tourismus-Megaprojekte von der Abhängigkeit vom Öl zu einer diversifizierten, technologieorientierten Wirtschaft umgestaltet werden."
hud.agenda.goal.sau_vision_2030.title,Vision 2030
hud.agenda.goal.sau_yemen_victory.description,"Die Houthi-Rebellen besiegen und die saudienfreundliche Regierung wieder einsetzen, um einen iranischen Einfluss zu verhindern."
hud.agenda.goal.sau_yemen_victory.title,Sieg im Jemen
hud.agenda.goal.sdn_civil_war_victory.description,Die Rapid Support Forces besiegen und einen vereinigten sudanesischen Staat unter militärischer Kontrolle wiederherstellen.
hud.agenda.goal.sdn_civil_war_victory.title,Sieg im Bürgerkrieg
hud.agenda.goal.som_reunification.description,Die Kontrolle der Zentralregierung wiederherstellen und sich dem Unabhängigkeitsbestreben Somalilands widersetzen.
hud.agenda.goal.som_reunification.title,Wiedervereinigung Somalias
hud.agenda.goal.srb_eu_accession.description,"Treten Sie der Europäischen Union bei, um die wirtschaftliche Entwicklung und die Integration in den Westen zu sichern."
hud.agenda.goal.srb_eu_accession.title,EU-Beitritt (Alternative)
hud.agenda.goal.srb_kosovo_recovery.description,Die Unabhängigkeit des Kosovo rückgängig machen und das Land auf diplomatischem Wege oder mit Gewalt wieder in Serbien eingliedern.
hud.agenda.goal.srb_kosovo_recovery.title,Das Kosovo zurückerobern
hud.agenda.goal.tha_asean_leadership.description,Thailand durch Investitionen in die digitale Wirtschaft und die Produktion von Elektrofahrzeugen als wirtschaftlichen Motor der ASEAN positionieren.
hud.agenda.goal.tha_asean_leadership.title,Wirtschaftliche Führungsrolle der ASEAN
hud.agenda.goal.tur_aegean_dominance.description,Die Kontrolle über die umstrittenen Gewässer der Ägäis zu erlangen und den griechischen maritimen Ansprüchen entgegenzutreten.
hud.agenda.goal.tur_aegean_dominance.title,Vorherrschaft in der Ägäis
hud.agenda.goal.tur_balkan_influence.description,Die Beziehungen zu den muslimischen Gemeinschaften auf dem Balkan durch wirtschaftliche Hilfe und kulturelle Projekte stärken.
hud.agenda.goal.tur_balkan_influence.title,Solidarität mit den Muslimen auf dem Balkan
hud.agenda.goal.tur_defense_industry.description,"Die einheimische Verteidigungsindustrie der Türkei ausbauen, um zu einem der zehn weltweit führenden Waffenexporteure zu werden."
hud.agenda.goal.tur_defense_industry.title,Marktführer im Export der Verteidigungsindustrie
hud.agenda.goal.tur_energy_hub.description,"Sich zum wichtigsten Transitkorridor für Öl und Gas zwischen dem Nahen Osten, Zentralasien und Europa entwickeln."
hud.agenda.goal.tur_energy_hub.title,Eurasischer Energieknotenpunkt
hud.agenda.goal.tur_intelligence_network.description,Ausweitung der weltweiten Aktivitäten des türkischen Geheimdienstes zum Schutz der Diaspora und zur Aufdeckung von Bedrohungen.
hud.agenda.goal.tur_intelligence_network.title,MIT Global Reach
hud.agenda.goal.tur_kurdish_containment.description,Die kurdische Autonomie im Südosten der Türkei und im Norden Syriens mit militärischen und politischen Mitteln verhindern.
hud.agenda.goal.tur_kurdish_containment.title,Eindämmung der Kurden
hud.agenda.goal.tur_mediation_power.description,Die Türkei als neutralen Vermittler in internationalen Konflikten etablieren und so ihr Ansehen und ihren diplomatischen Einfluss stärken.
hud.agenda.goal.tur_mediation_power.title,Weltweite Vermittlungskompetenz
hud.agenda.goal.tur_nato_leverage.description,"Die NATO-Mitgliedschaft der Türkei strategisch nutzen, um Zugeständnisse zu erwirken und die Expansion von Konkurrenten zu verhindern."
hud.agenda.goal.tur_nato_leverage.title,Einfluss der NATO
hud.agenda.goal.tur_neo_ottoman.description,"Den politischen und militärischen Einfluss der Türkei in den ehemaligen osmanischen Gebieten in Syrien, im Irak, in Libyen und auf dem Balkan wiederherstellen."
hud.agenda.goal.tur_neo_ottoman.title,Neo-osmanischer Einflussbereich
hud.agenda.goal.tur_northern_cyprus.description,Die Kontrolle über Nordzypern behalten und dem internationalen Druck zur Wiedervereinigung widerstehen.
hud.agenda.goal.tur_northern_cyprus.title,Nordzypern konsolidieren
hud.agenda.goal.tur_sunni_counterweight.description,"Die Türkei als führende sunnitische Macht positionieren, um dem iranischen Einfluss im gesamten Nahen Osten entgegenzuwirken."
hud.agenda.goal.tur_sunni_counterweight.title,Sunnitisches Gegengewicht zum Iran
hud.agenda.goal.tur_tech_advancement.description,"Massiv in Forschung und Entwicklung investieren, um die technologische Lücke zu den europäischen Ländern zu schließen."
hud.agenda.goal.tur_tech_advancement.title,Technologischer Sprung
hud.agenda.goal.tur_turkic_council.description,Die türkischen Staaten durch diplomatische und wirtschaftliche Integration unter der Führung Istanbuls vereinen.
hud.agenda.goal.tur_turkic_council.title,Führung des Turkischen Rates
hud.agenda.goal.twn_asymmetric_warfare.description,"Wende die Stachelschweinstrategie mit Raketen, Minen und Guerillafähigkeiten an."
hud.agenda.goal.twn_asymmetric_warfare.title,Doktrin der asymmetrischen Verteidigung
hud.agenda.goal.twn_cyber_defense.description,Schaffen Sie eine erstklassige Cyberabwehr gegen die ständigen Angriffe der VR China.
hud.agenda.goal.twn_cyber_defense.title,Exzellenz in der Cyberabwehr
hud.agenda.goal.twn_diplomatic_recognition.description,Gewinnen Sie trotz des Drucks seitens der VR China weitere diplomatische Verbündete.
hud.agenda.goal.twn_diplomatic_recognition.title,Internationale Anerkennung ausbauen
hud.agenda.goal.twn_economic_resilience.description,"Wirtschaftliche Unabhängigkeit aufbauen, um der chinesischen Blockade standzuhalten."
hud.agenda.goal.twn_economic_resilience.title,Wirtschaftliche Widerstandsfähigkeit
hud.agenda.goal.twn_maintain_independence.description,Die faktische Unabhängigkeit Taiwans von China durch militärische Abschreckung und das Bündnis mit den USA sichern.
hud.agenda.goal.twn_maintain_independence.title,Unabhängigkeit bewahren
hud.agenda.goal.twn_quad_partnership.description,"Die Beziehungen zu den USA, Japan, Indien und Australien (QUAD) im Interesse der Sicherheit im indopazifischen Raum vertiefen."
hud.agenda.goal.twn_quad_partnership.title,QUAD-Partnerschaft
hud.agenda.goal.twn_resist_reunification.description,Dem militärischen Druck Chinas und der Kriegsführung in der Grauzone entgegenwirken.
hud.agenda.goal.twn_resist_reunification.title,Widerstand gegen die Annexion durch die VR China
hud.agenda.goal.twn_semiconductor_dominance.description,Das weltweite Monopol von TSMC in der Chipherstellung als Taiwans „Siliziumschild“ aufrechterhalten.
hud.agenda.goal.twn_semiconductor_dominance.title,Dominanz im Halbleiterbereich
hud.agenda.goal.twn_soft_power.description,Taiwan als lebendige Demokratie im Gegensatz zur autoritären VR China präsentieren.
hud.agenda.goal.twn_soft_power.title,Demokratische Soft Power
hud.agenda.goal.twn_tech_innovation.description,Die Position als globaler Innovationsstandort für Technologie über den Halbleiterbereich hinaus behaupten.
hud.agenda.goal.twn_tech_innovation.title,Führend im Bereich technologischer Innovationen
hud.agenda.goal.tza_industrialization.description,Durch Sonderwirtschaftszonen und die Mineralverarbeitung den Übergang von der Landwirtschaft zur verarbeitenden Industrie vollziehen.
hud.agenda.goal.tza_industrialization.title,Rasante Industrialisierung
hud.agenda.goal.ukr_air_superiority.description,"Eine moderne Luftwaffe aufbauen, die in der Lage ist, der russischen Luftmacht über ukrainischem Hoheitsgebiet die Stirn zu bieten."
hud.agenda.goal.ukr_air_superiority.title,Kampagne zur Luftüberlegenheit
hud.agenda.goal.ukr_black_sea_coalition.description,"Ein regionales Bündnis der Schwarzmeerstaaten bilden, um der russischen Vorherrschaft auf See entgegenzuwirken."
hud.agenda.goal.ukr_black_sea_coalition.title,Schwarzmeer-Koalition
hud.agenda.goal.ukr_crimea_liberation.description,Die Krim-Halbinsel zurückerobern und die ukrainische Souveränität über Sewastopol wiederherstellen.
hud.agenda.goal.ukr_crimea_liberation.title,Befreit die Krim
hud.agenda.goal.ukr_energy_independence.description,Die Abhängigkeit von russischer Energie beenden und eigene Stromerzeugungskapazitäten ausbauen.
hud.agenda.goal.ukr_energy_independence.title,Energieunabhängigkeit
hud.agenda.goal.ukr_eu_nato_membership.description,"Die Vollmitgliedschaft in der Europäischen Union und der NATO sichern, um langfristige Sicherheit zu gewährleisten."
hud.agenda.goal.ukr_eu_nato_membership.title,EU- und NATO-Mitgliedschaft
hud.agenda.goal.ukr_fortify_borders.description,"Eine dauerhafte Verteidigungslinie entlang der Ostfront errichten, um künftige russische Aggressionen abzuschrecken."
hud.agenda.goal.ukr_fortify_borders.title,Die östlichen Grenzen befestigen
hud.agenda.goal.ukr_grain_corridor.description,Wiederherstellung und Ausbau der Getreideexportkapazitäten der Ukraine über die Seewege am Schwarzen Meer.
hud.agenda.goal.ukr_grain_corridor.title,Getreideexportkorridor
hud.agenda.goal.ukr_intelligence_network.description,"Ein robustes Spionageabwehrnetzwerk aufbauen, um sich vor russischer Unterwanderung und Sabotage zu schützen."
hud.agenda.goal.ukr_intelligence_network.title,SBU-Spionageabwehr
hud.agenda.goal.ukr_international_court.description,Sich für die Ahndung von Kriegsverbrechen durch internationale Gerichte und diplomatischen Druck einsetzen.
hud.agenda.goal.ukr_international_court.title,Internationale Justiz
hud.agenda.goal.ukr_reclaim_territory.description,"Befreit die Krim, Donezk, Luhansk, Saporischschja und Cherson von der russischen Besatzung."
hud.agenda.goal.ukr_reclaim_territory.title,Besetzte Gebiete zurückerobern
hud.agenda.goal.ukr_reconstruction.description,Wiederaufbau der durch den Krieg beschädigten Infrastruktur und Wiederherstellung des Wirtschaftswachstums nach dem Konflikt.
hud.agenda.goal.ukr_reconstruction.title,Wiederaufbau nach dem Krieg
hud.agenda.goal.ukr_tech_sector.description,"Nutzen Sie die IT-Fachkräfte der Ukraine, um einen Technologiesektor von Weltklasse aufzubauen."
hud.agenda.goal.ukr_tech_sector.title,Spitzenreiter im Technologiesektor
hud.agenda.goal.ukr_western_arms.description,Sicherstellung kontinuierlicher Militärhilfe und Waffenlieferungen durch westliche Verbündete.
hud.agenda.goal.ukr_western_arms.title,Waffenlieferkette des Westens
hud.agenda.goal.usa_counter_china.description,"Durch Exportkontrollen und inländische Investitionen den technologischen Vorsprung gegenüber China in den Bereichen Halbleiter, KI und Quantencomputing sichern."
hud.agenda.goal.usa_counter_china.title,Der chinesischen Technologiedominanz entgegenwirken
hud.agenda.goal.usa_counter_russia.description,"Den russischen Expansionismus durch NATO-Erweiterung, Sanktionen und militärische Unterstützung für die Ukraine eindämmen."
hud.agenda.goal.usa_counter_russia.title,Der russischen Aggression entgegenwirken
hud.agenda.goal.usa_cyber_defense.description,Die weltweite Cybersicherheit leiten und chinesischen sowie russischen Cyberoperationen entgegenwirken.
hud.agenda.goal.usa_cyber_defense.title,Überlegenheit in der Cyberabwehr
hud.agenda.goal.usa_dollar_dominance.description,Den US-Dollar als Weltreservewährung gegen die Konkurrenz durch den Yuan und den Euro zu sichern.
hud.agenda.goal.usa_dollar_dominance.title,Dominanz des Dollars
hud.agenda.goal.usa_global_hegemony.description,"Die Position Amerikas als einzige Supermacht der Welt durch militärische, wirtschaftliche und technologische Vorherrschaft sichern."
hud.agenda.goal.usa_global_hegemony.title,Die weltweite Vorherrschaft aufrechterhalten
hud.agenda.goal.usa_indo_pacific.description,"Der chinesischen Expansion durch verstärkte Bündnisse mit Japan, Südkorea, Australien und den Philippinen entgegenwirken."
hud.agenda.goal.usa_indo_pacific.title,Indo-Pazifik-Strategie
hud.agenda.goal.usa_iran_containment.description,"Den Iran durch Sanktionen, diplomatische Maßnahmen oder Militärschläge daran hindern, Atomwaffen zu entwickeln."
hud.agenda.goal.usa_iran_containment.title,Das iranische Atomprogramm eindämmen
hud.agenda.goal.usa_latin_america.description,Dem chinesischen und russischen Einfluss in Lateinamerika durch wirtschaftliche Partnerschaften und sicherheitspolitische Zusammenarbeit entgegenwirken.
hud.agenda.goal.usa_latin_america.title,Partnerschaften in Lateinamerika
hud.agenda.goal.usa_middle_east_stability.description,"Die regionale Stabilität durch Partnerschaften mit Israel, Saudi-Arabien und den Golfstaaten sichern."
hud.agenda.goal.usa_middle_east_stability.title,Stabilität im Nahen Osten
hud.agenda.goal.usa_military_supremacy.description,"Eine überwältigende militärische Überlegenheit in allen Bereichen aufrechterhalten: zu Lande, zu Wasser, in der Luft, im Weltraum und im Cyberspace."
hud.agenda.goal.usa_military_supremacy.title,Militärische Vorherrschaft
hud.agenda.goal.usa_nato_leadership.description,Die NATO als Eckpfeiler der europäischen Sicherheit stärken und ausbauen und der russischen Aggression entgegenwirken.
hud.agenda.goal.usa_nato_leadership.title,Führung und Erweiterung der NATO
hud.agenda.goal.usa_semiconductor_leadership.description,Sicherung der heimischen Halbleiter-Lieferkette durch den CHIPS Act und die Rückverlagerung fortschrittlicher Fertigung.
hud.agenda.goal.usa_semiconductor_leadership.title,Führende Rolle in der Halbleiterbranche
hud.agenda.goal.usa_space_dominance.description,"Die Führungsrolle der USA im Weltraum durch die NASA, die Space Force und Partnerschaften mit der Privatwirtschaft sichern."
hud.agenda.goal.usa_space_dominance.title,Weltherrschaft
hud.agenda.goal.uzb_central_asia_leader.description,Werde zur wirtschaftlichen und politischen Führungsmacht Zentralasiens und schaffe einen Ausgleich zwischen dem russischen und dem chinesischen Einfluss.
hud.agenda.goal.uzb_central_asia_leader.title,Führungskräfte aus Zentralasien
hud.agenda.goal.uzb_water_security.description,Wasserrechte von den flussaufwärts gelegenen Nachbarn sichern und die ökologische Sanierung der Aralsee-Region vorantreiben.
hud.agenda.goal.uzb_water_security.title,Sanierung des Aralsees und Wasserrechte
hud.agenda.goal.ven_bolivarian_bloc.description,"Ein antiamerikanisches Bündnis mit Kuba, Nicaragua und Bolivien aufrechterhalten."
hud.agenda.goal.ven_bolivarian_bloc.title,Bolivarischer Widerstandsblock
hud.agenda.goal.ven_essequibo.description,"Anspruch auf die ölreiche Essequibo-Region in Guyana erheben und diese annektieren, die Venezuela als sein rechtmäßiges Hoheitsgebiet betrachtet."
hud.agenda.goal.ven_essequibo.title,Anhang Essequibo
hud.agenda.goal.vnm_manufacturing_hub.description,"Die Diversifizierung der Lieferketten aus China fördern, damit das Land zum nächsten großen Produktionsstandort der Welt wird."
hud.agenda.goal.vnm_manufacturing_hub.title,Produktionszentrum
hud.agenda.goal.vnm_scs_defense.description,Die vietnamesischen Ansprüche im Südchinesischen Meer gegen chinesische Übergriffe verteidigen und gleichzeitig die wirtschaftlichen Beziehungen zu Peking aufrechterhalten.
hud.agenda.goal.vnm_scs_defense.title,Verteidigung im Südchinesischen Meer
hud.agenda.goal.zaf_african_union_leader.description,Südafrika als diplomatische und wirtschaftliche Führungsmacht des afrikanischen Kontinents positionieren.
hud.agenda.goal.zaf_african_union_leader.title,Führung der Afrikanischen Union
hud.agenda.goaltype.defense,Verteidigung
hud.agenda.goaltype.diplomatic,Diplomatisch
hud.agenda.goaltype.economic,Wirtschaft
hud.agenda.goaltype.expansion,Erweiterung
hud.agenda.goaltype.ideological,Ideologisch
hud.agenda.goaltype.intelligence,Intelligenz
hud.agenda.goaltype.prestige,Prestige
hud.agenda.goaltype.technology,Technologie
hud.agenda.goaltype.territorial,Territorial
hud.agenda.goaltype.unification,Vereinigung
hud.agenda.guidance_header,Einführung
hud.agenda.guidance_subtitle,"Reibungsarme Schritte, die diesem Land helfen, wieder Fuß zu fassen."
hud.agenda.horizon.long,LANG
hud.agenda.horizon.medium,MITTEL
hud.agenda.horizon.short,KURZ
hud.agenda.meta_advances,Fortschritte
hud.agenda.meta_route_support,Am besten unterstützt von
hud.agenda.meta_targets,Ziele
hud.agenda.meta_why,Warum das wichtig ist
hud.agenda.open_planner,Zielplaner öffnen
hud.agenda.planner.activate_selected,Ausgewähltes Ziel aktivieren
hud.agenda.planner.active_selected,Ziel ausgewählt – Aktiv
hud.agenda.planner.basic_header,Grundlegende Ziele
hud.agenda.planner.branch_diplomatic,Diplomatisch
hud.agenda.planner.branch_economic,Wirtschaft
hud.agenda.planner.branch_military,Militär
hud.agenda.planner.close,Schließen
hud.agenda.planner.country_header,Länderziele
hud.agenda.planner.detail_header,Ausgewähltes Ziel
hud.agenda.planner.eyebrow_active,AKTIVES ZIEL \\u2713
hud.agenda.planner.eyebrow_selected,AUSGEWÄHLTES TOR
hud.agenda.planner.goal_complete,VOLLSTÄNDIG
hud.agenda.planner.no_goal_body,"Wählen Sie ein Ziel aus, um die Routenaufgaben und die Anweisungen zur Ausführung einzusehen."
hud.agenda.planner.no_goal_title,Kein Ziel ausgewählt
hud.agenda.planner.no_rewards,Keine besonderen Belohnungen
hud.agenda.planner.path_label,Routenverlauf
hud.agenda.planner.progress_label,Fortschritt
hud.agenda.planner.reward_generic,Nationales Ansehen
hud.agenda.planner.reward_tutorial,Abschluss des Tutorials
hud.agenda.planner.rewards_label,Belohnungen für den Abschluss
hud.agenda.planner.subtitle,Wählen Sie einen Hauptzielzweig aus und zeigen Sie eine Vorschau der Ausführungsaufgaben an.
hud.agenda.planner.tab_diplomatic,Diplomatisch
hud.agenda.planner.tab_economic,Wirtschaft
hud.agenda.planner.tab_military,Militär
hud.agenda.planner.tab_starter,Start
hud.agenda.planner.task_header,Routenaufgaben
hud.agenda.planner.tasks_label,Erforderliche Schritte
hud.agenda.planner.title,Nationaler Zielplaner
hud.agenda.priority.aspirational,Ambitioniert
hud.agenda.priority.primary,Primär
hud.agenda.priority.secondary,Sekundär
hud.agenda.priority.starter,Start
hud.agenda.rel.accelerates,BESCHLEUNIGT
hud.agenda.rel.supports,UNTERSTÜTZT
hud.agenda.rel.unlocks,FREISCHALTEN
hud.agenda.reward.aggression,Aggression
hud.agenda.reward.economy,Wirtschaft
hud.agenda.reward.military,Militär
hud.agenda.route_header,Aktuelle Route
hud.agenda.route_subtitle,Dies sind die nächsten praktischen Schritte auf dem Weg zu {0}.
hud.agenda.section_header,STRATEGISCHE AGENDA
hud.agenda.signature_header,Ländersymbole
hud.agenda.signature_subtitle,"Charakteristische Spielzüge, die prägen, wie dieses Land seine Macht zum Ausdruck bringt."
hud.agenda.start_here,HIER ANFANGEN
hud.agenda.strategic_header,Nationale Ziele
hud.agenda.strategic_subtitle,"Langfristige Ziele, die die eigentliche strategische Identität des Landes prägen."
hud.agenda.summary_body_dual,"Dein aktueller Weg verbindet {0} mit {1}. Nutze die Starthilfe, um das Land zu stabilisieren; setze dann den aktiven Kurs fort, während du dich auf größere strategische Ziele vorbereitest."
hud.agenda.summary_body_single,"Ihr derzeitiger Weg ist an {0} ausgerichtet. Klären Sie zunächst die anfängliche Orientierung; nutzen Sie dann die einzelnen Etappen, um Schwung aufzubauen, bevor Sie sich langfristigen Zielen widmen."
hud.agenda.summary_chip_goals,Strategische Ziele
hud.agenda.summary_chip_guidance,Leitfaden
hud.agenda.summary_chip_route,Aktive Route
hud.agenda.summary_title,{0} Strategischer Weg
hud.agenda.task.arg_agri_infrastructure.description,Errichte mindestens 25 landwirtschaftliche Gebäude.
hud.agenda.task.arg_agri_infrastructure.title,Landwirtschaftliche Infrastruktur
hud.agenda.task.arg_agri_trade.description,Handelsabkommen mit mindestens sechs Lebensmittel importierenden Ländern unterzeichnen.
hud.agenda.task.arg_agri_trade.title,Agrarhandel
hud.agenda.task.arg_antarctic_relations.description,"Verbessere die Beziehungen zu mindestens vier Antarktisvertragsstaaten, die einen Wert von über 60 erreichen."
hud.agenda.task.arg_antarctic_relations.title,Beziehungen im Rahmen des Antarktisvertrags
hud.agenda.task.arg_antarctic_research.description,Führen Sie mindestens 5 Forschungsprojekte durch.
hud.agenda.task.arg_antarctic_research.title,Antarktisforschung
hud.agenda.task.arg_econ_gdp.description,Ein BIP von mindestens 600 Milliarden Dollar erreichen.
hud.agenda.task.arg_econ_gdp.title,Wirtschaftlicher Aufschwung
hud.agenda.task.arg_econ_infrastructure.description,Baue mindestens 35 wirtschaftliche Einrichtungen.
hud.agenda.task.arg_econ_infrastructure.title,Modernisierung der Infrastruktur
hud.agenda.task.arg_econ_treasury.description,Die Liquidität soll über 25 Milliarden Dollar gehalten werden.
hud.agenda.task.arg_econ_treasury.title,Haushaltsstabilität
hud.agenda.task.arg_imf_gdp.description,Ein BIP von mindestens 550 Milliarden Dollar erreichen.
hud.agenda.task.arg_imf_gdp.title,Wirtschaftswachstum
hud.agenda.task.arg_imf_treasury.description,Die Liquidität soll über 40 Milliarden Dollar gehalten werden.
hud.agenda.task.arg_imf_treasury.title,Haushaltsüberschuss
hud.agenda.task.arg_lithium_infrastructure.description,Baue mindestens 20 Bergbauanlagen.
hud.agenda.task.arg_lithium_infrastructure.title,Lithiumminen
hud.agenda.task.arg_lithium_trade.description,Handelsabkommen mit mindestens acht Ländern unterzeichnen.
hud.agenda.task.arg_lithium_trade.title,Exportmärkte
hud.agenda.task.arg_malvinas_coalition.description,Schließe Bündnisse mit mindestens drei lateinamerikanischen Staaten.
hud.agenda.task.arg_malvinas_coalition.title,Lateinamerikanische Koalition
hud.agenda.task.arg_malvinas_military.description,Mindestens 40.000 aktive Soldaten für Einsätze im Süden bereitstellen.
hud.agenda.task.arg_malvinas_military.title,Südliche Verteidigungskräfte
hud.agenda.task.arg_mercosur_alliances.description,Schließe Bündnisse mit mindestens drei MERCOSUR-Mitgliedstaaten.
hud.agenda.task.arg_mercosur_alliances.title,MERCOSUR-Allianzen
hud.agenda.task.arg_mercosur_trade.description,Handelsabkommen mit allen MERCOSUR-Mitgliedern unterzeichnen.
hud.agenda.task.arg_mercosur_trade.title,MERCOSUR-Handelsnetzwerk
hud.agenda.task.arg_military_air.description,Mindestens 100 Kampfflugzeuge einsetzen.
hud.agenda.task.arg_military_air.title,Luftwaffe
hud.agenda.task.arg_military_armor.description,Setzen Sie mindestens 200 Panzer ein.
hud.agenda.task.arg_military_armor.title,Streitkräfte
hud.agenda.task.arg_military_navy.description,Mindestens 20 Kriegsschiffe entsenden.
hud.agenda.task.arg_military_navy.title,Seemacht
hud.agenda.task.arg_shale_infrastructure.description,Errichten Sie mindestens 18 Öl- und Gasanlagen.
hud.agenda.task.arg_shale_infrastructure.title,Schiefergas-Infrastruktur
hud.agenda.task.arg_shale_research.description,Schließe mindestens 4 Energieforschungsprojekte ab.
hud.agenda.task.arg_shale_research.title,Energietechnik
hud.agenda.task.arg_tech_infrastructure.description,Baue mindestens 15 Technologieeinrichtungen.
hud.agenda.task.arg_tech_infrastructure.title,Technische Infrastruktur
hud.agenda.task.arg_tech_research.description,Führe mindestens 10 technologische Recherchen durch.
hud.agenda.task.arg_tech_research.title,Technologieforschung
hud.agenda.task.aus_aukus_alliance.description,Das Bündnis mit den USA aufrechterhalten.
hud.agenda.task.aus_aukus_alliance.title,AUKUS-Allianz
hud.agenda.task.aus_aukus_navy.description,"Mindestens 30 Kriegsschiffe, darunter U-Boote, einsetzen."
hud.agenda.task.aus_aukus_navy.title,Marinekapazitäten von AUKUS
hud.agenda.task.aus_aukus_research.description,Schließe mindestens 10 militärische Forschungsprojekte ab.
hud.agenda.task.aus_aukus_research.title,Technologie für Atom-U-Boote
hud.agenda.task.aus_climate_renewable.description,Mindestens 25 Anlagen für erneuerbare Energien errichten.
hud.agenda.task.aus_climate_renewable.title,Erneuerbare Energien
hud.agenda.task.aus_climate_research.description,Schließe mindestens 8 Energieforschungsprojekte ab.
hud.agenda.task.aus_climate_research.title,Forschung im Bereich saubere Energie
hud.agenda.task.aus_cyber_intel.description,Spionageoperationen gegen China durchführen.
hud.agenda.task.aus_cyber_intel.title,Cyber-Intelligence
hud.agenda.task.aus_cyber_research.description,Führe mindestens 6 Internetrecherchen durch.
hud.agenda.task.aus_cyber_research.title,Cybertechnologie
hud.agenda.task.aus_defense_air.description,Mindestens 100 Kampfflugzeuge einsetzen.
hud.agenda.task.aus_defense_air.title,Luftwaffe
hud.agenda.task.aus_defense_navy.description,Mindestens 40 Kriegsschiffe einsetzen.
hud.agenda.task.aus_defense_navy.title,Seemacht
hud.agenda.task.aus_defense_personnel.description,Mindestens 60.000 aktive Soldaten einsetzen.
hud.agenda.task.aus_defense_personnel.title,Streitkräfte
hud.agenda.task.aus_econ_infrastructure.description,Errichte mindestens 40 Nicht-Bergbauanlagen.
hud.agenda.task.aus_econ_infrastructure.title,Vielfältige Infrastruktur
hud.agenda.task.aus_econ_trade.description,Handelsabkommen mit mindestens 15 Ländern unterzeichnen.
hud.agenda.task.aus_econ_trade.title,Vielfältiger Handel
hud.agenda.task.aus_fiveeyes_operations.description,Führe Spionageoperationen gegen mindestens drei Gegner durch.
hud.agenda.task.aus_fiveeyes_operations.title,Nachrichtendienstliche Operationen
hud.agenda.task.aus_fiveeyes_usa.description,Das Bündnis mit den USA aufrechterhalten.
hud.agenda.task.aus_fiveeyes_usa.title,Zusammenarbeit der US-Geheimdienste
hud.agenda.task.aus_pacific_aid.description,Die Finanzreserven für Hilfsprogramme auf über 30 Milliarden Dollar halten.
hud.agenda.task.aus_pacific_aid.title,Pacific Aid
hud.agenda.task.aus_pacific_relations.description,Verbessere die Beziehungen zu mindestens acht Pazifikstaaten auf über 70.
hud.agenda.task.aus_pacific_relations.title,Beziehungen zum Pazifikraum
hud.agenda.task.aus_quad_india.description,Die Beziehungen zu Indien auf über 70 verbessern.
hud.agenda.task.aus_quad_india.title,Beziehungen zu Indien
hud.agenda.task.aus_quad_japan.description,Die Beziehungen zu Japan auf über 75 verbessern.
hud.agenda.task.aus_quad_japan.title,Beziehungen zu Japan
hud.agenda.task.aus_quad_usa.description,Das Bündnis mit den USA aufrechterhalten.
hud.agenda.task.aus_quad_usa.title,US-Allianz
hud.agenda.task.aus_resource_gdp.description,Ein BIP von mindestens 2 Billionen Dollar erreichen.
hud.agenda.task.aus_resource_gdp.title,Ressourcenbasiertes BIP
hud.agenda.task.aus_resource_infrastructure.description,Baue mindestens 35 Bergbauanlagen.
hud.agenda.task.aus_resource_infrastructure.title,Bergbauinfrastruktur
hud.agenda.task.aus_resource_trade.description,Handelsabkommen mit mindestens 12 Ländern unterzeichnen.
hud.agenda.task.aus_resource_trade.title,Exportmärkte
hud.agenda.task.aus_space_infrastructure.description,Baue mindestens 5 Weltraumanlagen.
hud.agenda.task.aus_space_infrastructure.title,Weltrauminfrastruktur
hud.agenda.task.aus_space_research.description,Schließe mindestens 8 Forschungsprojekte im Bereich Luft- und Raumfahrt ab.
hud.agenda.task.aus_space_research.title,Raumfahrttechnik
hud.agenda.task.bra_agri_infrastructure.description,Baue mindestens 40 landwirtschaftliche Einrichtungen.
hud.agenda.task.bra_agri_infrastructure.title,Landwirtschaftliche Infrastruktur
hud.agenda.task.bra_agri_trade.description,Handelsabkommen mit mindestens 15 Lebensmittel importierenden Ländern unterzeichnen.
hud.agenda.task.bra_agri_trade.title,Exportmärkte
hud.agenda.task.bra_amazon_infrastructure.description,Errichte mindestens 20 Einrichtungen in den Amazonas-Provinzen.
hud.agenda.task.bra_amazon_infrastructure.title,Amazon-Entwicklung
hud.agenda.task.bra_amazon_military.description,Mindestens 50.000 aktive Mitarbeiter in der Amazonasregion einsetzen.
hud.agenda.task.bra_amazon_military.title,Amazon-Verteidigungskräfte
hud.agenda.task.bra_brics_alliances.description,Schließe Bündnisse mit mindestens fünf Ländern des Globalen Südens.
hud.agenda.task.bra_brics_alliances.title,BRICS-Allianzen
hud.agenda.task.bra_brics_gdp.description,"Ein BIP von mindestens 2,5 Billionen Dollar erreichen."
hud.agenda.task.bra_brics_gdp.title,Wirtschaftliche Führungsrolle
hud.agenda.task.bra_brics_relations.description,"Verbesserung der Beziehungen zu mindestens 10 Entwicklungsländern, deren Bevölkerung über 65 Jahre alt ist."
hud.agenda.task.bra_brics_relations.title,Beziehungen zum Globalen Süden
hud.agenda.task.bra_econ_gdp.description,Ein BIP von mindestens 3 Billionen Dollar erreichen.
hud.agenda.task.bra_econ_gdp.title,BIP-Wachstum
hud.agenda.task.bra_econ_infrastructure.description,Baue mindestens 50 wirtschaftliche Einrichtungen.
hud.agenda.task.bra_econ_infrastructure.title,Modernisierung der Infrastruktur
hud.agenda.task.bra_energy_infrastructure.description,Baue mindestens 30 Energieanlagen.
hud.agenda.task.bra_energy_infrastructure.title,Energieinfrastruktur
hud.agenda.task.bra_energy_research.description,Schließe mindestens 6 Energieforschungsprojekte ab.
hud.agenda.task.bra_energy_research.title,Energietechnik
hud.agenda.task.bra_green_renewable.description,Mindestens 30 Anlagen für erneuerbare Energien errichten.
hud.agenda.task.bra_green_renewable.title,Erneuerbare Energien
hud.agenda.task.bra_green_research.description,Schließe mindestens 8 Umweltforschungen ab.
hud.agenda.task.bra_green_research.title,Grüne Technologie
hud.agenda.task.bra_mil_air.description,Mindestens 150 Kampfflugzeuge einsetzen.
hud.agenda.task.bra_mil_air.title,Luftwaffe
hud.agenda.task.bra_mil_personnel.description,Mindestens 300.000 aktive Soldaten einsetzen.
hud.agenda.task.bra_mil_personnel.title,Streitkräfte
hud.agenda.task.bra_regional_alliances.description,Schließe Bündnisse mit mindestens fünf südamerikanischen Staaten.
hud.agenda.task.bra_regional_alliances.title,Südamerikanische Bündnisse
hud.agenda.task.bra_regional_relations.description,Verbessere die Beziehungen zu mindestens acht südamerikanischen Ländern auf über 70.
hud.agenda.task.bra_regional_relations.title,Verbesserung der regionalen Beziehungen
hud.agenda.task.bra_tech_infrastructure.description,Baue mindestens 25 Technologieeinrichtungen.
hud.agenda.task.bra_tech_infrastructure.title,Technische Infrastruktur
hud.agenda.task.bra_tech_research.description,Führen Sie mindestens 12 technologische Forschungsarbeiten durch.
hud.agenda.task.bra_tech_research.title,Technologieforschung
hud.agenda.task.bra_unsc_alliances.description,Schließe Bündnisse mit mindestens acht Ländern weltweit.
hud.agenda.task.bra_unsc_alliances.title,Internationale Unterstützung
hud.agenda.task.bra_unsc_relations.description,Verbessere die Beziehungen zu mindestens 15 Ländern auf über 70.
hud.agenda.task.bra_unsc_relations.title,Diplomatische Kampagne
hud.agenda.task.chn_africa_infrastructure.description,Errichten Sie mindestens 30 Einrichtungen in afrikanischen Partnerstaaten.
hud.agenda.task.chn_africa_infrastructure.title,Aufbau der afrikanischen Infrastruktur
hud.agenda.task.chn_africa_trade.description,Handelsabkommen mit mindestens fünf afrikanischen Staaten unterzeichnen.
hud.agenda.task.chn_africa_trade.title,Afrikanisches Handelsnetzwerk
hud.agenda.task.chn_antius_alliances.description,Schließe Bündnisse mit mindestens drei antiwestlichen Staaten.
hud.agenda.task.chn_antius_alliances.title,Koalition bilden
hud.agenda.task.chn_antius_defense.description,Schließe Verteidigungsbündnisse mit mindestens zwei Koalitionspartnern.
hud.agenda.task.chn_antius_defense.title,Netzwerk zur gegenseitigen Verteidigung
hud.agenda.task.chn_antius_russia.description,Eine strategische Allianz mit Russland eingehen.
hud.agenda.task.chn_antius_russia.title,Sicheres Bündnis mit Russland
hud.agenda.task.chn_apac_military.description,Mindestens 200.000 aktive Soldaten für die Machtprojektion einsetzen.
hud.agenda.task.chn_apac_military.title,Regionale Militärpräsenz
hud.agenda.task.chn_apac_sphere.description,Mindestens vier südostasiatische Länder in den chinesischen Einflussbereich bringen.
hud.agenda.task.chn_apac_sphere.title,Einflussbereich ausweiten
hud.agenda.task.chn_apac_trade.description,Handelsabkommen mit mindestens sechs Ländern im asiatisch-pazifischen Raum unterzeichnen.
hud.agenda.task.chn_apac_trade.title,Wirtschaftliche Integration
hud.agenda.task.chn_bri_gdp.description,Ein BIP von mindestens 20 Billionen Dollar erreichen.
hud.agenda.task.chn_bri_gdp.title,Status als Wirtschaftsmacht
hud.agenda.task.chn_bri_infrastructure.description,Mindestens 60 Einrichtungen in den Partnerländern errichten.
hud.agenda.task.chn_bri_infrastructure.title,Aufbau der BRI-Infrastruktur
hud.agenda.task.chn_bri_trade.description,Handelsabkommen mit mindestens acht BRI-Ländern unterzeichnen.
hud.agenda.task.chn_bri_trade.title,BRI-Handelsnetzwerk
hud.agenda.task.chn_brics_relations.description,Verbessere die Beziehungen zu mindestens fünf BRICS-Mitgliedstaaten auf über 60.
hud.agenda.task.chn_brics_relations.title,Die Beziehungen innerhalb der BRICS-Staaten stärken
hud.agenda.task.chn_brics_trade.description,Handelsabkommen mit allen sechs wichtigen BRICS-Mitgliedstaaten abschließen.
hud.agenda.task.chn_brics_trade.title,Handelsintegration der BRICS-Staaten
hud.agenda.task.chn_mfg_gdp.description,Ein BIP von mindestens 22 Billionen Dollar erreichen.
hud.agenda.task.chn_mfg_gdp.title,BIP-Ziel für das verarbeitende Gewerbe
hud.agenda.task.chn_mfg_infrastructure.description,Baue mindestens 80 Fabriken und Industrieanlagen.
hud.agenda.task.chn_mfg_infrastructure.title,Ausbau der industriellen Kapazitäten
hud.agenda.task.chn_modern_armor.description,Mindestens 1.500 moderne Panzer einsetzen.
hud.agenda.task.chn_modern_armor.title,Moderne Panzertruppe
hud.agenda.task.chn_modern_personnel.description,Mindestens 250.000 aktive Soldaten aufrechterhalten.
hud.agenda.task.chn_modern_personnel.title,Streitkräfte erweitern
hud.agenda.task.chn_modern_research.description,Schließe mindestens 10 militärische Forschungsprojekte ab.
hud.agenda.task.chn_modern_research.title,Forschung und Entwicklung im Bereich Militärtechnologie
hud.agenda.task.chn_scs_air.description,Mindestens 500 Flugzeuge für den SCS-Einsatz bereitstellen.
hud.agenda.task.chn_scs_air.title,Luftüberlegenheit
hud.agenda.task.chn_scs_fleet.description,Mindestens 100 Kriegsschiffe im Südchinesischen Meer stationieren.
hud.agenda.task.chn_scs_fleet.title,Ausbau der Südseeflotte
hud.agenda.task.chn_scs_islands.description,Errichte mindestens 20 militärische Einrichtungen auf umstrittenen Inseln.
hud.agenda.task.chn_scs_islands.title,Künstliche Inseln befestigen
hud.agenda.task.chn_semi_funding.description,Die Liquiditätsreserven sollen über 500 Milliarden Dollar gehalten werden.
hud.agenda.task.chn_semi_funding.title,Halbleiterprogramm finanzieren
hud.agenda.task.chn_semi_infrastructure.description,Errichten Sie mindestens 50 moderne Produktionsstätten.
hud.agenda.task.chn_semi_infrastructure.title,Fertigungsanlagen errichten
hud.agenda.task.chn_semi_research.description,Führen Sie mindestens 12 technologische Forschungsarbeiten durch.
hud.agenda.task.chn_semi_research.title,Fortgeschrittene Chipforschung
hud.agenda.task.chn_space_funding.description,Die Liquiditätsreserven sollen über 400 Milliarden Dollar gehalten werden.
hud.agenda.task.chn_space_funding.title,Raumfahrtprogramm finanzieren
hud.agenda.task.chn_space_research.description,Führe mindestens 10 Forschungsprojekte im Bereich Spitzentechnologie durch.
hud.agenda.task.chn_space_research.title,Forschung im Bereich Weltraumtechnologie
hud.agenda.task.chn_surveillance_ops.description,Führe Spionage gegen mindestens 10 Ziele durch.
hud.agenda.task.chn_surveillance_ops.title,Nachrichtendienstliche Operationen
hud.agenda.task.chn_surveillance_research.description,Schließe mindestens 6 Forschungsprojekte im Bereich der Informationstechnologie ab.
hud.agenda.task.chn_surveillance_research.title,Forschung zur KI-Überwachung
hud.agenda.task.chn_taiwan_aircraft.description,Mindestens 2.000 Kampfflugzeuge für Einsätze in Taiwan bereitstellen.
hud.agenda.task.chn_taiwan_aircraft.title,Luftüberlegenheit erlangen
hud.agenda.task.chn_taiwan_espionage.description,Spionageoperationen gegen Taiwan durchführen.
hud.agenda.task.chn_taiwan_espionage.title,Durchdringung der Geheimdienste
hud.agenda.task.chn_taiwan_fleet.description,"Baue mindestens 150 Marineschiffe, darunter auch Landungsschiffe."
hud.agenda.task.chn_taiwan_fleet.title,Amphibische Angriffsflotte
hud.agenda.task.chn_tech_infrastructure.description,Baue mindestens 70 hochmoderne Technologieanlagen.
hud.agenda.task.chn_tech_infrastructure.title,Technische Infrastruktur
hud.agenda.task.chn_tech_research.description,Führe mindestens 15 technologische Forschungsarbeiten durch.
hud.agenda.task.chn_tech_research.title,Forschung und Entwicklung im Bereich Technologie
hud.agenda.task.chn_yuan_gdp.description,Ein BIP von mindestens 25 Billionen Dollar erreichen.
hud.agenda.task.chn_yuan_gdp.title,Wirtschaftsskala für Währungen
hud.agenda.task.chn_yuan_trade.description,Handelsabkommen mit mindestens 10 Ländern abschließen.
hud.agenda.task.chn_yuan_trade.title,Abrechnung von Yuan-Geschäften
hud.agenda.task.counter_espionage.body,Ausländische Spionageaktivitäten auf heimischem Boden aufdecken und zunichte machen.
hud.agenda.task.counter_espionage.title,Spionageabwehr
hud.agenda.task.cyp_airdef_aircraft.description,Stelle mindestens 10 Flugzeuge für die Luftverteidigung ein.
hud.agenda.task.cyp_airdef_aircraft.title,Luftwaffe aufbauen
hud.agenda.task.cyp_airdef_research.description,Führen Sie mindestens eine Forschungsarbeit im Bereich Luft- und Raumfahrttechnik durch.
hud.agenda.task.cyp_airdef_research.title,Forschung im Bereich Luftverteidigung
hud.agenda.task.cyp_defense_build.description,Errichte mindestens 3 Verteidigungsanlagen entlang der Küste.
hud.agenda.task.cyp_defense_build.title,Küstenschutz
hud.agenda.task.cyp_defense_research.description,Schließe mindestens eine Forschung im Bereich Militärtechnologie ab.
hud.agenda.task.cyp_defense_research.title,Verteidigungstechnologie
hud.agenda.task.cyp_defense_ships.description,Baue mindestens 5 Schiffe für die Küstenpatrouille.
hud.agenda.task.cyp_defense_ships.title,Build Patrol Navy
hud.agenda.task.cyp_eu_dpact_deu.description,Einen Verteidigungspakt mit Deutschland schließen.
hud.agenda.task.cyp_eu_dpact_deu.title,Deutscher Verteidigungspakt
hud.agenda.task.cyp_eu_embassy_multi.description,Eröffnung von Botschaften in mindestens drei EU-Ländern.
hud.agenda.task.cyp_eu_embassy_multi.title,Netzwerk der EU-Botschaften
hud.agenda.task.cyp_eu_relations_deu.description,Die Beziehungen zu Deutschland über 50 verbessern.
hud.agenda.task.cyp_eu_relations_deu.title,Beziehungen zu Deutschland
hud.agenda.task.cyp_finance_build.description,"Errichte mindestens 3 Gebäude, um den Finanzsektor auszubauen."
hud.agenda.task.cyp_finance_build.title,Finanzinfrastruktur aufbauen
hud.agenda.task.cyp_finance_gdp.description,Das BIP auf über 40 Milliarden Dollar steigern.
hud.agenda.task.cyp_finance_gdp.title,Wirtschaftswachstum
hud.agenda.task.cyp_finance_trade_multi.description,Handelsabkommen mit mindestens drei Ländern abschließen.
hud.agenda.task.cyp_finance_trade_multi.title,Netzwerk für internationalen Handel
hud.agenda.task.cyp_gas_build.description,Errichte mindestens 4 Gebäude für die Gasförderung und -aufbereitung.
hud.agenda.task.cyp_gas_build.title,Aufbau einer Extraktionsinfrastruktur
hud.agenda.task.cyp_gas_trade_isr.description,Ein Handelsabkommen mit Israel zur gemeinsamen Gasförderung abschließen.
hud.agenda.task.cyp_gas_trade_isr.title,Israelische Gaspartnerschaft
hud.agenda.task.cyp_gas_treasury.description,Durch Gasexporte 10 Milliarden Dollar an Staatskassenmitteln einnehmen.
hud.agenda.task.cyp_gas_treasury.title,Gaseinnahmen
hud.agenda.task.cyp_hellenic_ally.description,Schließe ein Militärbündnis mit Griechenland.
hud.agenda.task.cyp_hellenic_ally.title,Griechische Allianz
hud.agenda.task.cyp_hellenic_dpact.description,Schließt einen Verteidigungspakt mit Griechenland.
hud.agenda.task.cyp_hellenic_dpact.title,Beistandspakt
hud.agenda.task.cyp_hellenic_trade.description,Ein Handelsabkommen mit Griechenland abschließen.
hud.agenda.task.cyp_hellenic_trade.title,Griechisches Handelsabkommen
hud.agenda.task.cyp_intel_embassy_isr.description,Eröffnung einer Botschaft in Israel zum Zwecke der Zusammenarbeit im Bereich der Nachrichtendienste.
hud.agenda.task.cyp_intel_embassy_isr.title,Verbindungen zum israelischen Geheimdienst
hud.agenda.task.cyp_intel_espionage_tur.description,Führen Sie nachrichtendienstliche Operationen gegen die Türkei durch.
hud.agenda.task.cyp_intel_espionage_tur.title,Türkischer Geheimdienst
hud.agenda.task.cyp_reunify_provinces.description,"Besitze mindestens 5 Provinzen, die ursprünglich zu Zypern gehörten."
hud.agenda.task.cyp_reunify_provinces.title,Alle zyprischen Provinzen unter Kontrolle bringen
hud.agenda.task.cyp_reunify_relations_gbr.description,Verbesserung der Beziehungen zum Vereinigten Königreich über 50 % (Garantiequote).
hud.agenda.task.cyp_reunify_relations_gbr.title,Britische Unterstützung
hud.agenda.task.cyp_reunify_relations_grc.description,Die Beziehungen zu Griechenland auf einem Niveau von über 60 pflegen.
hud.agenda.task.cyp_reunify_relations_grc.title,Solidarität mit Griechenland
hud.agenda.task.cyp_reunify_un_support.description,"Botschaften in mindestens vier Ländern eröffnen, um Unterstützung für die Abstimmung in der UNO zu gewinnen."
hud.agenda.task.cyp_reunify_un_support.title,Diplomatische Unterstützung durch die Vereinten Nationen
hud.agenda.task.cyp_shipping_build.description,Errichte mindestens 3 Hafen- und maritime Gebäude.
hud.agenda.task.cyp_shipping_build.title,Hafenausbau
hud.agenda.task.cyp_shipping_trade.description,Handelsabkommen mit mindestens vier Ländern abschließen.
hud.agenda.task.cyp_shipping_trade.title,Netzwerk für den Seehandel
hud.agenda.task.cyp_tech_gdp.description,Das BIP auf über 35 Milliarden Dollar steigern.
hud.agenda.task.cyp_tech_gdp.title,Wirtschaftsstiftung
hud.agenda.task.cyp_tech_research.description,Führe mindestens drei technologische Forschungsarbeiten durch.
hud.agenda.task.cyp_tech_research.title,Forschungsinvestitionen
hud.agenda.task.cyp_tourism_build.description,"Errichte mindestens 4 Gebäude für Hotels, Resorts und Sehenswürdigkeiten."
hud.agenda.task.cyp_tourism_build.title,Tourismusinfrastruktur aufbauen
hud.agenda.task.cyp_tourism_treasury.description,Durch Tourismuseinnahmen 8 Milliarden Dollar an Staatskassenmitteln einnehmen.
hud.agenda.task.cyp_tourism_treasury.title,Einnahmen aus dem Tourismus
hud.agenda.task.cyp_un_embassies.description,"Eröffnung von Botschaften in mindestens fünf Ländern, um bei den Vereinten Nationen Lobbyarbeit zu betreiben."
hud.agenda.task.cyp_un_embassies.title,Weltweites Netzwerk von Botschaften
hud.agenda.task.cyp_un_relations_fra.description,Die Beziehungen zu Frankreich auf über 40 verbessern.
hud.agenda.task.cyp_un_relations_fra.title,Französischer Support
hud.agenda.task.cyp_un_relations_usa.description,Die Beziehungen zu den USA auf über 40 verbessern.
hud.agenda.task.cyp_un_relations_usa.title,Unterstützung in den USA
hud.agenda.task.cyp_withdrawal_ally_grc.description,Schließe ein Militärbündnis mit Griechenland.
hud.agenda.task.cyp_withdrawal_ally_grc.title,Griechische Allianz
hud.agenda.task.cyp_withdrawal_dpact_fra.description,"Einen Verteidigungspakt mit Frankreich unterzeichnen, um die Unterstützung der EU im Sicherheitsbereich zu sichern."
hud.agenda.task.cyp_withdrawal_dpact_fra.title,Französischer Verteidigungspakt
hud.agenda.task.cyp_withdrawal_espionage_tur.description,"Führe Spionageoperationen durch, die auf die Bewegungen des türkischen Militärs abzielen."
hud.agenda.task.cyp_withdrawal_espionage_tur.title,Informationen zur Türkei
hud.agenda.task.cyp_withdrawal_guarantee.description,Sichere Unabhängigkeitsgarantien von mindestens zwei Staaten.
hud.agenda.task.cyp_withdrawal_guarantee.title,Internationale Garantien
hud.agenda.task.deploy_operatives.body,Entsenden Sie Geheimdienstmitarbeiter in die vorrangigen Zielländer.
hud.agenda.task.deploy_operatives.title,Agenten entsenden
hud.agenda.task.deu_auto_infrastructure.description,Errichten Sie mindestens 40 Automobilwerke.
hud.agenda.task.deu_auto_infrastructure.title,Elektrofahrzeug-Fertigung
hud.agenda.task.deu_auto_research.description,Führe mindestens 8 Recherchen zum Thema Automobil durch.
hud.agenda.task.deu_auto_research.title,Elektrofahrzeug-Technologie
hud.agenda.task.deu_econ_gdp.description,"Ein BIP von mindestens 4,5 Billionen Dollar erreichen."
hud.agenda.task.deu_econ_gdp.title,Wirtschaftswachstum
hud.agenda.task.deu_econ_infrastructure.description,Baue mindestens 60 Industrieanlagen.
hud.agenda.task.deu_econ_infrastructure.title,Industrielle Infrastruktur
hud.agenda.task.deu_econ_trade.description,Handelsabkommen mit mindestens 15 Ländern unterzeichnen.
hud.agenda.task.deu_econ_trade.title,Export-Champion
hud.agenda.task.deu_energy_infrastructure.description,Baue mindestens 50 Energieanlagen.
hud.agenda.task.deu_energy_infrastructure.title,Bau von LNG-Terminals und Anlagen für erneuerbare Energien
hud.agenda.task.deu_energy_research.description,Schließe mindestens 8 Energieforschungsprojekte ab.
hud.agenda.task.deu_energy_research.title,Forschung und Entwicklung im Bereich Energietechnik
hud.agenda.task.deu_energy_trade.description,Unterzeichnung von Handelsabkommen mit mindestens sechs nicht-russischen Energieversorgern.
hud.agenda.task.deu_energy_trade.title,Energieversorger diversifizieren
hud.agenda.task.deu_eu_alliances.description,Schließe Bündnisse mit mindestens sechs EU-Mitgliedstaaten.
hud.agenda.task.deu_eu_alliances.title,Verteidigungszusammenarbeit in der EU
hud.agenda.task.deu_eu_military.description,Mindestens 100.000 aktive Soldaten einsetzen.
hud.agenda.task.deu_eu_military.title,Build Bundeswehr
hud.agenda.task.deu_eu_spending.description,Die Staatskasse für Verteidigungszwecke auf über 150 Milliarden Dollar halten.
hud.agenda.task.deu_eu_spending.title,NATO-Ausgabenziel
hud.agenda.task.deu_euint_alliances.description,Schließe Bündnisse mit mindestens 10 EU-Mitgliedstaaten.
hud.agenda.task.deu_euint_alliances.title,EU-Partnerschaften
hud.agenda.task.deu_euint_relations.description,Die Beziehungen zu mindestens 12 EU-Staaten auf über 70 verbessern.
hud.agenda.task.deu_euint_relations.title,Beziehungen zur EU
hud.agenda.task.deu_france_alliance.description,Die strategische Allianz mit Frankreich aufrechterhalten.
hud.agenda.task.deu_france_alliance.title,Französische Allianz
hud.agenda.task.deu_france_defense.description,Ein Verteidigungsabkommen mit Frankreich unterzeichnen.
hud.agenda.task.deu_france_defense.title,Gemeinsame Verteidigungszusammenarbeit
hud.agenda.task.deu_france_relations.description,Halte die Beziehungen zu Frankreich auf einem Niveau von über 85.
hud.agenda.task.deu_france_relations.title,Hervorragende Beziehungen zu Frankreich
hud.agenda.task.deu_green_infrastructure.description,Mindestens 55 Anlagen für erneuerbare Energien errichten.
hud.agenda.task.deu_green_infrastructure.title,Ausbau erneuerbarer Energien
hud.agenda.task.deu_green_research.description,Schließe mindestens 10 Energieforschungen ab.
hud.agenda.task.deu_green_research.title,Forschung im Bereich saubere Energie
hud.agenda.task.deu_nato_alliances.description,Schließe Bündnisse mit mindestens acht NATO-Mitgliedstaaten.
hud.agenda.task.deu_nato_alliances.title,NATO-Bündnisse
hud.agenda.task.deu_nato_forces.description,Die NATO soll mindestens 60.000 aktive Soldaten vorhalten.
hud.agenda.task.deu_nato_forces.title,NATO-Einsatz
hud.agenda.task.deu_tech_infrastructure.description,Baue mindestens 45 Technologieeinrichtungen.
hud.agenda.task.deu_tech_infrastructure.title,Technische Einrichtungen errichten
hud.agenda.task.deu_tech_research.description,Führen Sie mindestens 12 technologische Forschungsarbeiten durch.
hud.agenda.task.deu_tech_research.title,Forschung und Entwicklung im Bereich Technologie
hud.agenda.task.deu_ukraine_guarantee.description,Die Garantie auf die Ukraine ausweiten.
hud.agenda.task.deu_ukraine_guarantee.title,Sicherheitsgarantie für die Ukraine
hud.agenda.task.deu_ukraine_military.description,Stellen Sie mindestens 400 Panzer für mögliche Hilfsmaßnahmen bereit.
hud.agenda.task.deu_ukraine_military.title,Kapazitäten für militärische Hilfe
hud.agenda.task.egy_arab_alliances.description,Schließe Bündnisse mit mindestens fünf arabischen Staaten.
hud.agenda.task.egy_arab_alliances.title,Allianzen der Arabischen Liga
hud.agenda.task.egy_arab_relations.description,Verbessere die Beziehungen zu mindestens acht arabischen Staaten auf über 60.
hud.agenda.task.egy_arab_relations.title,Verbesserung der Beziehungen zu den arabischen Ländern
hud.agenda.task.egy_capital_build.description,Errichte mindestens 30 Einrichtungen in der neuen Hauptstadtregion.
hud.agenda.task.egy_capital_build.title,Kapitalinfrastruktur
hud.agenda.task.egy_capital_funding.description,Die Liquidität soll über 30 Milliarden Dollar gehalten werden.
hud.agenda.task.egy_capital_funding.title,Kapitalbeschaffung
hud.agenda.task.egy_ct_forces.description,Mindestens 50.000 aktive Soldaten für Einsätze auf dem Sinai einsetzen.
hud.agenda.task.egy_ct_forces.title,Anti-Terror-Einheiten
hud.agenda.task.egy_ct_intel.description,Robuste nachrichtendienstliche Fähigkeiten aufrechterhalten.
hud.agenda.task.egy_ct_intel.title,Nachrichtendienstliche Operationen
hud.agenda.task.egy_econ_gdp.description,Ein BIP von mindestens 500 Milliarden Dollar erreichen.
hud.agenda.task.egy_econ_gdp.title,Wirtschaftswachstum
hud.agenda.task.egy_econ_infrastructure.description,Baue mindestens 40 wirtschaftliche Einrichtungen.
hud.agenda.task.egy_econ_infrastructure.title,Infrastrukturentwicklung
hud.agenda.task.egy_gas_infrastructure.description,Baue mindestens 15 Energieanlagen.
hud.agenda.task.egy_gas_infrastructure.title,Gasinfrastruktur
hud.agenda.task.egy_gas_research.description,Schließe mindestens 4 Energieforschungsprojekte ab.
hud.agenda.task.egy_gas_research.title,Energietechnik
hud.agenda.task.egy_gcc_saudi.description,Die Beziehungen zu Saudi-Arabien auf über 60 verbessern.
hud.agenda.task.egy_gcc_saudi.title,Beziehungen zu Saudi-Arabien
hud.agenda.task.egy_gcc_uae.description,Die Beziehungen zu den Vereinigten Arabischen Emiraten auf über 60 verbessern.
hud.agenda.task.egy_gcc_uae.title,Beziehungen zu den Vereinigten Arabischen Emiraten
hud.agenda.task.egy_mil_armor.description,Setzen Sie mindestens 800 Panzer ein.
hud.agenda.task.egy_mil_armor.title,Streitkräfte
hud.agenda.task.egy_mil_navy.description,Mindestens 30 Kriegsschiffe einsetzen.
hud.agenda.task.egy_mil_navy.title,Seemacht
hud.agenda.task.egy_mil_research.description,Schließe mindestens 8 militärische Forschungsprojekte ab.
hud.agenda.task.egy_mil_research.title,Militärtechnologie
hud.agenda.task.egy_nile_airpower.description,Mindestens 200 Kampfflugzeuge einsetzen.
hud.agenda.task.egy_nile_airpower.title,Luftüberlegenheit über Äthiopien
hud.agenda.task.egy_nile_intel.description,Spionageoperationen gegen Äthiopien durchführen.
hud.agenda.task.egy_nile_intel.title,Beobachtung des äthiopischen Staudamms
hud.agenda.task.egy_nile_military.description,Mindestens 100.000 aktive Einsatzkräfte für die Sicherheit am Nil bereitstellen.
hud.agenda.task.egy_nile_military.title,Nil-Verteidigungskräfte
hud.agenda.task.egy_suez_infrastructure.description,Baue mindestens 20 Hafenanlagen.
hud.agenda.task.egy_suez_infrastructure.title,Kanalinfrastruktur
hud.agenda.task.egy_suez_trade.description,Handelsabkommen mit mindestens 10 Ländern unterzeichnen.
hud.agenda.task.egy_suez_trade.title,Handelsnetzwerk
hud.agenda.task.egy_us_relations.description,Die Beziehungen zu den USA auf über 70 verbessern.
hud.agenda.task.egy_us_relations.title,Die Beziehungen zu den USA pflegen
hud.agenda.task.egy_us_trade.description,Unterzeichnung eines Handelsabkommens mit den USA.
hud.agenda.task.egy_us_trade.title,US-Handelsabkommen
hud.agenda.task.execute_war_objective.body,Erfülle ein Frontziel und sichere dir eine günstige operative Position.
hud.agenda.task.execute_war_objective.title,Kriegsziel ausführen
hud.agenda.task.fra_africa_infrastructure.description,Errichten Sie mindestens 25 Einrichtungen bei afrikanischen Partnern.
hud.agenda.task.fra_africa_infrastructure.title,Investitionen in die Entwicklung Afrikas
hud.agenda.task.fra_africa_military.description,Mindestens 20.000 aktive Soldaten für Einsätze in Afrika entsenden.
hud.agenda.task.fra_africa_military.title,Militärpräsenz in der Sahelzone
hud.agenda.task.fra_africa_trade.description,Handelsabkommen mit mindestens sechs afrikanischen Staaten unterzeichnen.
hud.agenda.task.fra_africa_trade.title,Françafrique-Handelsnetzwerk
hud.agenda.task.fra_carrier_fleet.description,"Mindestens 70 Kriegsschiffe, darunter auch einen Flugzeugträger, einsetzen."
hud.agenda.task.fra_carrier_fleet.title,Flugzeugträgerkampfgruppe
hud.agenda.task.fra_carrier_research.description,Schließe mindestens 6 Marineforschungsprojekte ab.
hud.agenda.task.fra_carrier_research.title,Marinetechnik
hud.agenda.task.fra_climate_nuclear.description,Mindestens 30 Kernkraftwerke und Anlagen für erneuerbare Energien errichten.
hud.agenda.task.fra_climate_nuclear.title,Ausbau der Kernenergie
hud.agenda.task.fra_climate_research.description,Schließe mindestens 7 Energieforschungsprojekte ab.
hud.agenda.task.fra_climate_research.title,Forschung im Bereich saubere Energie
hud.agenda.task.fra_defense_infrastructure.description,Errichten Sie mindestens 35 Produktionsstätten für Rüstungsgüter.
hud.agenda.task.fra_defense_infrastructure.title,Rüstungsproduktion
hud.agenda.task.fra_defense_trade.description,Handelsabkommen mit mindestens 10 Waffenimporteuren unterzeichnen.
hud.agenda.task.fra_defense_trade.title,Waffenexportmärkte
hud.agenda.task.fra_econ_gdp.description,"Ein BIP von mindestens 3,2 Billionen Dollar erreichen."
hud.agenda.task.fra_econ_gdp.title,Wirtschaftswachstumsziel
hud.agenda.task.fra_econ_infrastructure.description,Errichte mindestens 55 Industrieanlagen.
hud.agenda.task.fra_econ_infrastructure.title,Industrielle Infrastruktur
hud.agenda.task.fra_eu_alliances.description,Schließe Bündnisse mit mindestens acht EU-Mitgliedstaaten.
hud.agenda.task.fra_eu_alliances.title,EU-Führungskoalition
hud.agenda.task.fra_eu_military.description,Mindestens 90.000 aktive Einsatzkräfte für EU-Operationen bereitstellen.
hud.agenda.task.fra_eu_military.title,Europäische Verteidigungsstreitkräfte
hud.agenda.task.fra_eu_relations.description,Verbessere die Beziehungen zu mindestens 10 EU-Staaten auf über 75.
hud.agenda.task.fra_eu_relations.title,Diplomatische Führungsrolle der EU
hud.agenda.task.fra_germany_alliance.description,Die strategische Allianz mit Deutschland aufrechterhalten.
hud.agenda.task.fra_germany_alliance.title,Deutscher Bund
hud.agenda.task.fra_germany_defense.description,Ein Verteidigungsabkommen mit Deutschland unterzeichnen.
hud.agenda.task.fra_germany_defense.title,Gemeinsame Verteidigung
hud.agenda.task.fra_nuclear_funding.description,Die Liquiditätsreserven sollen über 120 Milliarden Dollar gehalten werden.
hud.agenda.task.fra_nuclear_funding.title,Finanzierung des Atomprogramms
hud.agenda.task.fra_nuclear_research.description,Schließe mindestens 8 Waffenforschungen ab.
hud.agenda.task.fra_nuclear_research.title,Kerntechnik
hud.agenda.task.fra_space_funding.description,Die Liquiditätsreserven sollen über 100 Milliarden Dollar gehalten werden.
hud.agenda.task.fra_space_funding.title,Finanzierung des Raumfahrtprogramms
hud.agenda.task.fra_space_research.description,Schließe mindestens 8 Weltraumforschungsprojekte ab.
hud.agenda.task.fra_space_research.title,Raumfahrttechnik
hud.agenda.task.fra_tech_infrastructure.description,Baue mindestens 40 Technologieeinrichtungen.
hud.agenda.task.fra_tech_infrastructure.title,Technische Infrastruktur
hud.agenda.task.fra_tech_research.description,Führen Sie mindestens 12 technologische Forschungsarbeiten durch.
hud.agenda.task.fra_tech_research.title,Forschung und Entwicklung im Bereich Technologie
hud.agenda.task.gbr_commonwealth_relations.description,"Verbessere die Beziehungen zu mindestens acht Commonwealth-Mitgliedstaaten, die älter als 65 Jahre sind."
hud.agenda.task.gbr_commonwealth_relations.title,Beziehungen zum Commonwealth
hud.agenda.task.gbr_commonwealth_trade.description,Handelsabkommen mit mindestens sechs Commonwealth-Staaten unterzeichnen.
hud.agenda.task.gbr_commonwealth_trade.title,Handel mit dem Commonwealth
hud.agenda.task.gbr_falklands_fleet.description,Mindestens 20 Kriegsschiffe zur Verteidigung der Falklandinseln entsenden.
hud.agenda.task.gbr_falklands_fleet.title,Südatlantikflotte
hud.agenda.task.gbr_falklands_guarantee.description,Die Garantie für die Falklandinseln aufrechterhalten.
hud.agenda.task.gbr_falklands_guarantee.title,Falkland-Garantie
hud.agenda.task.gbr_finance_gdp.description,"Ein BIP von mindestens 3,8 Billionen Dollar erreichen."
hud.agenda.task.gbr_finance_gdp.title,Finanzdienstleistungen – BIP
hud.agenda.task.gbr_finance_treasury.description,Die Liquiditätsreserven sollen über 150 Milliarden Dollar gehalten werden.
hud.agenda.task.gbr_finance_treasury.title,Finanzielle Rücklagen
hud.agenda.task.gbr_global_gdp.description,"Ein BIP von mindestens 3,5 Billionen Dollar erreichen."
hud.agenda.task.gbr_global_gdp.title,Wirtschaftswachstum
hud.agenda.task.gbr_global_relations.description,Verbessere die Beziehungen zu mindestens 12 Ländern auf über 60.
hud.agenda.task.gbr_global_relations.title,Globale Partnerschaften
hud.agenda.task.gbr_global_trade.description,Handelsabkommen mit mindestens 10 Partnern außerhalb der EU unterzeichnen.
hud.agenda.task.gbr_global_trade.title,Handelsabkommen nach dem Brexit
hud.agenda.task.gbr_green_infrastructure.description,Mindestens 30 Anlagen für grüne Energie errichten.
hud.agenda.task.gbr_green_infrastructure.title,Anlagen für erneuerbare Energien
hud.agenda.task.gbr_green_research.description,Schließe mindestens 6 Energieforschungsprojekte ab.
hud.agenda.task.gbr_green_research.title,Forschung im Bereich saubere Energie
hud.agenda.task.gbr_intel_ops.description,Führe Spionage gegen mindestens 8 Ziele durch.
hud.agenda.task.gbr_intel_ops.title,Globale nachrichtendienstliche Operationen
hud.agenda.task.gbr_intel_research.description,Schließe mindestens 5 Geheimdienstuntersuchungen ab.
hud.agenda.task.gbr_intel_research.title,Intelligenztechnologie
hud.agenda.task.gbr_nato_military.description,Mindestens 80.000 aktive Soldaten einsetzen.
hud.agenda.task.gbr_nato_military.title,NATO-Streitkräfte
hud.agenda.task.gbr_nato_spending.description,Die Staatskasse für Verteidigungszwecke auf über 100 Milliarden Dollar halten.
hud.agenda.task.gbr_nato_spending.title,Verteidigungsausgaben
hud.agenda.task.gbr_nato_ukraine.description,Die Unabhängigkeit der Ukraine sichern.
hud.agenda.task.gbr_nato_ukraine.title,Unterstützt die Ukraine
hud.agenda.task.gbr_navy_fleet.description,"Mindestens 80 Kriegsschiffe, darunter Flugzeugträger, einsetzen."
hud.agenda.task.gbr_navy_fleet.title,Moderne Flotte
hud.agenda.task.gbr_navy_research.description,Schließe mindestens 6 Marineforschungsprojekte ab.
hud.agenda.task.gbr_navy_research.title,Marinetechnik
hud.agenda.task.gbr_tech_infrastructure.description,Baue mindestens 40 Technologieeinrichtungen.
hud.agenda.task.gbr_tech_infrastructure.title,Technische Infrastruktur
hud.agenda.task.gbr_tech_research.description,Führen Sie mindestens 12 technologische Forschungsarbeiten durch.
hud.agenda.task.gbr_tech_research.title,Forschung und Entwicklung im Bereich Technologie
hud.agenda.task.gbr_us_alliance.description,Die strategische Allianz mit den Vereinigten Staaten aufrechterhalten.
hud.agenda.task.gbr_us_alliance.title,US-Allianz
hud.agenda.task.gbr_us_defense.description,Den Verteidigungspakt mit den Vereinigten Staaten aufrechterhalten.
hud.agenda.task.gbr_us_defense.title,US-Verteidigungsabkommen
hud.agenda.task.gbr_us_relations.description,Halte die Beziehungen zu den USA auf einem Niveau von über 80.
hud.agenda.task.gbr_us_relations.title,Hervorragende Beziehungen zu den USA
hud.agenda.task.growth_push.body,Den Bau auf die Wirtschaft ausrichten und die positive Wachstumsdynamik aufrechterhalten.
hud.agenda.task.growth_push.title,Nachhaltiges Wachstum vorantreiben
hud.agenda.task.idn_asean_alliances.description,Schließe Bündnisse mit mindestens fünf ASEAN-Mitgliedstaaten.
hud.agenda.task.idn_asean_alliances.title,ASEAN-Allianzen
hud.agenda.task.idn_asean_relations.description,Die Beziehungen zu mindestens acht ASEAN-Staaten auf über 70 verbessern.
hud.agenda.task.idn_asean_relations.title,Verbesserung der Beziehungen zur ASEAN
hud.agenda.task.idn_capital_build.description,Errichte mindestens 25 Einrichtungen in der neuen Hauptstadtregion.
hud.agenda.task.idn_capital_build.title,Kapitalinfrastruktur
hud.agenda.task.idn_capital_funding.description,Die Liquidität soll über 30 Milliarden Dollar liegen.
hud.agenda.task.idn_capital_funding.title,Kapitalbeschaffung
hud.agenda.task.idn_econ_gdp.description,Ein BIP von mindestens 2 Billionen Dollar erreichen.
hud.agenda.task.idn_econ_gdp.title,BIP-Wachstum
hud.agenda.task.idn_econ_infrastructure.description,Baue mindestens 60 wirtschaftliche Einrichtungen.
hud.agenda.task.idn_econ_infrastructure.title,Wirtschaftliche Infrastruktur
hud.agenda.task.idn_infra_build.description,Errichte mindestens 50 Infrastruktureinrichtungen.
hud.agenda.task.idn_infra_build.title,Infrastruktureinrichtungen
hud.agenda.task.idn_infra_gdp.description,"Ein BIP von mindestens 1,7 Billionen Dollar erreichen."
hud.agenda.task.idn_infra_gdp.title,Wirtschaftswachstum
hud.agenda.task.idn_islam_alliances.description,"Schließe Bündnisse mit mindestens sechs Staaten, in denen die Mehrheit der Bevölkerung muslimisch ist."
hud.agenda.task.idn_islam_alliances.title,Allianzen der muslimischen Welt
hud.agenda.task.idn_islam_relations.description,"Verbessere die Beziehungen zu mindestens 10 muslimischen Ländern, deren Wert über 65 liegt."
hud.agenda.task.idn_islam_relations.title,Die Beziehungen zu den Muslimen verbessern
hud.agenda.task.idn_maritime_navy.description,Mindestens 100 Kriegsschiffe einsetzen.
hud.agenda.task.idn_maritime_navy.title,Seemacht
hud.agenda.task.idn_maritime_personnel.description,Mindestens 300.000 aktive Soldaten einsetzen.
hud.agenda.task.idn_maritime_personnel.title,Seestreitkräfte
hud.agenda.task.idn_maritime_research.description,Schließe mindestens 8 Marineforschungsprojekte ab.
hud.agenda.task.idn_maritime_research.title,Marinetechnik
hud.agenda.task.idn_nickel_gdp.description,"Ein BIP von mindestens 1,5 Billionen Dollar erreichen."
hud.agenda.task.idn_nickel_gdp.title,Ressourcenbasiertes BIP
hud.agenda.task.idn_nickel_infrastructure.description,Errichte mindestens 35 Nickelbergwerke.
hud.agenda.task.idn_nickel_infrastructure.title,Infrastruktur für den Nickelabbau
hud.agenda.task.idn_nickel_trade.description,Handelsabkommen mit mindestens 10 Ländern unterzeichnen.
hud.agenda.task.idn_nickel_trade.title,Exportmärkte für EV-Batterien
hud.agenda.task.idn_palm_infrastructure.description,Baue mindestens 30 landwirtschaftliche Einrichtungen.
hud.agenda.task.idn_palm_infrastructure.title,Palmöl-Infrastruktur
hud.agenda.task.idn_palm_trade.description,Handelsabkommen mit mindestens 12 Ländern unterzeichnen.
hud.agenda.task.idn_palm_trade.title,Exportmärkte
hud.agenda.task.idn_scs_air.description,Mindestens 100 Kampfflugzeuge einsetzen.
hud.agenda.task.idn_scs_air.title,Luftverteidigung
hud.agenda.task.idn_scs_intel.description,Spionageoperationen gegen China durchführen.
hud.agenda.task.idn_scs_intel.title,Chinesische Aktivitäten überwachen
hud.agenda.task.idn_scs_navy.description,Mindestens 80 Kriegsschiffe einsetzen.
hud.agenda.task.idn_scs_navy.title,Südchinesische Flotte
hud.agenda.task.idn_tech_infrastructure.description,Baue mindestens 25 Technologieeinrichtungen.
hud.agenda.task.idn_tech_infrastructure.title,Technische Infrastruktur
hud.agenda.task.idn_tech_research.description,Führen Sie mindestens 12 technologische Forschungsarbeiten durch.
hud.agenda.task.idn_tech_research.title,Technologieforschung
hud.agenda.task.improve_relations.body,"Nutzen Sie diplomatische Maßnahmen, um Ihre Position gegenüber {0} zu stärken."
hud.agenda.task.improve_relations.title,Prioritätsbeziehungen verbessern
hud.agenda.task.ind_china_gdp.description,Ein BIP von mindestens 5 Billionen Dollar erreichen.
hud.agenda.task.ind_china_gdp.title,Wirtschaftswachstumsziel
hud.agenda.task.ind_china_infrastructure.description,Errichte mindestens 70 Produktions- und Industrieanlagen.
hud.agenda.task.ind_china_infrastructure.title,Industrielle Expansion
hud.agenda.task.ind_china_trade.description,Handelsabkommen mit mindestens 12 Ländern unterzeichnen.
hud.agenda.task.ind_china_trade.title,Globale Handelsintegration
hud.agenda.task.ind_kashmir_infrastructure.description,Errichte mindestens 20 Einrichtungen in der Region Kaschmir.
hud.agenda.task.ind_kashmir_infrastructure.title,Entwicklung Kaschmirs
hud.agenda.task.ind_kashmir_intel.description,Spionageoperationen gegen Pakistan durchführen.
hud.agenda.task.ind_kashmir_intel.title,Die Aktivitäten Pakistans beobachten
hud.agenda.task.ind_kashmir_military.description,Mindestens 100.000 aktive Soldaten nach Kaschmir entsenden.
hud.agenda.task.ind_kashmir_military.title,Grenzschutz
hud.agenda.task.ind_mfg_gdp.description,Ein BIP von mindestens 6 Billionen Dollar erreichen.
hud.agenda.task.ind_mfg_gdp.title,BIP-Ziel für das verarbeitende Gewerbe
hud.agenda.task.ind_mfg_infrastructure.description,Errichte mindestens 60 Produktionsstätten.
hud.agenda.task.ind_mfg_infrastructure.title,Industrielle Infrastruktur
hud.agenda.task.ind_military_air.description,Mindestens 800 Kampfflugzeuge einsetzen.
hud.agenda.task.ind_military_air.title,Moderne Luftwaffe
hud.agenda.task.ind_military_personnel.description,Mindestens 180.000 aktive Soldaten aufrechterhalten.
hud.agenda.task.ind_military_personnel.title,Streitkräfte erweitern
hud.agenda.task.ind_military_research.description,Schließe mindestens 10 militärische Forschungsprojekte ab.
hud.agenda.task.ind_military_research.title,Verteidigungstechnologie
hud.agenda.task.ind_pak_intel.description,Spionage gegen Pakistan betreiben.
hud.agenda.task.ind_pak_intel.title,Nachrichtendienstliche Operationen
hud.agenda.task.ind_pak_military.description,Setzen Sie mindestens 1.000 Panzer ein.
hud.agenda.task.ind_pak_military.title,Militärische Überlegenheit
hud.agenda.task.ind_quad_alliances.description,Schließe Bündnisse mit mindestens drei QUAD-Mitgliedern.
hud.agenda.task.ind_quad_alliances.title,QUAD-Allianzen
hud.agenda.task.ind_quad_defense.description,Schließe Verteidigungsabkommen mit mindestens zwei QUAD-Partnern.
hud.agenda.task.ind_quad_defense.title,QUAD-Verteidigungszusammenarbeit
hud.agenda.task.ind_quad_fleet.description,Mindestens 80 Kriegsschiffe für Einsätze im indopazifischen Raum bereitstellen.
hud.agenda.task.ind_quad_fleet.title,Projektion von Seemacht
hud.agenda.task.ind_renewable_infrastructure.description,Mindestens 45 Anlagen zur Erzeugung erneuerbarer Energien errichten.
hud.agenda.task.ind_renewable_infrastructure.title,Anlagen für grüne Energie
hud.agenda.task.ind_renewable_research.description,Schließe mindestens 6 Energieforschungsprojekte ab.
hud.agenda.task.ind_renewable_research.title,Forschung im Bereich saubere Energie
hud.agenda.task.ind_south_relations.description,Verbessere die Beziehungen zu mindestens 12 Ländern auf über 60.
hud.agenda.task.ind_south_relations.title,Beziehungen zu Entwicklungsländern
hud.agenda.task.ind_south_trade.description,Handelsabkommen mit mindestens 10 Entwicklungsländern unterzeichnen.
hud.agenda.task.ind_south_trade.title,Süd-Süd-Handel
hud.agenda.task.ind_space_funding.description,Die Liquiditätsreserven sollen über 100 Milliarden Dollar gehalten werden.
hud.agenda.task.ind_space_funding.title,Raumfahrtprogramm finanzieren
hud.agenda.task.ind_space_research.description,Schließe mindestens 8 Weltraumforschungsprojekte ab.
hud.agenda.task.ind_space_research.title,Forschung und Entwicklung im Bereich Weltraumtechnologie
hud.agenda.task.ind_tech_gdp.description,"Ein BIP von mindestens 5,5 Billionen Dollar erreichen."
hud.agenda.task.ind_tech_gdp.title,Technologiegetriebene Wirtschaft
hud.agenda.task.ind_tech_infrastructure.description,Baue mindestens 55 Technologieanlagen.
hud.agenda.task.ind_tech_infrastructure.title,Technische Infrastruktur
hud.agenda.task.ind_tech_research.description,Führe mindestens 15 technologische Forschungsarbeiten durch.
hud.agenda.task.ind_tech_research.title,Forschung und Entwicklung im Bereich Technologie
hud.agenda.task.ind_unsc_alliances.description,Schließe Bündnisse mit mindestens acht Großmächten.
hud.agenda.task.ind_unsc_alliances.title,Internationale Unterstützung gewinnen
hud.agenda.task.ind_unsc_gdp.description,"Ein BIP von mindestens 4,5 Billionen Dollar erreichen."
hud.agenda.task.ind_unsc_gdp.title,Wirtschaftliche Qualifikation
hud.agenda.task.ind_unsc_relations.description,Verbessere die Beziehungen zu mindestens 15 Ländern auf über 60.
hud.agenda.task.ind_unsc_relations.title,Internationales Ansehen
hud.agenda.task.irn_antisaudi_intel.description,Spionage gegen Saudi-Arabien betreiben.
hud.agenda.task.irn_antisaudi_intel.title,Geheimdienstoperationen Saudi-Arabiens
hud.agenda.task.irn_antisaudi_proxies.description,Mindestens 500 Panzer für die regionale Machtprojektion einsetzen.
hud.agenda.task.irn_antisaudi_proxies.title,Stellvertreterkrieg
hud.agenda.task.irn_axis_intelligence.description,Führe Spionage in mindestens vier Bundesländern durch.
hud.agenda.task.irn_axis_intelligence.title,Regionales Informationsnetzwerk
hud.agenda.task.irn_axis_military.description,Mindestens 100.000 aktive Soldaten für regionale Einsätze bereitstellen.
hud.agenda.task.irn_axis_military.title,Proxy Force-Support
hud.agenda.task.irn_axis_sphere.description,Mindestens zwei Staaten der Region in den iranischen Einflussbereich bringen.
hud.agenda.task.irn_axis_sphere.title,Den regionalen Einfluss ausbauen
hud.agenda.task.irn_counterus_intel.description,Spionageoperationen gegen die USA durchführen.
hud.agenda.task.irn_counterus_intel.title,Aktivitäten in den USA beobachten
hud.agenda.task.irn_counterus_military.description,Mindestens 120.000 aktive Soldaten einsetzen.
hud.agenda.task.irn_counterus_military.title,Abschreckungskräfte aufbauen
hud.agenda.task.irn_crescent_alliances.description,"Schließe Bündnisse mit mindestens zwei Staaten, in denen die Schiiten die Mehrheit bilden."
hud.agenda.task.irn_crescent_alliances.title,Regionale Bündnisse
hud.agenda.task.irn_crescent_influence.description,Den Irak in den iranischen Einflussbereich bringen.
hud.agenda.task.irn_crescent_influence.title,Regionale Kontrolle ausweiten
hud.agenda.task.irn_cyber_ops.description,Führe Spionage gegen mindestens 6 Gegner durch.
hud.agenda.task.irn_cyber_ops.title,Offensive Cyberoperationen
hud.agenda.task.irn_cyber_research.description,Schließe mindestens 6 Geheimdienstuntersuchungen ab.
hud.agenda.task.irn_cyber_research.title,Forschung und Entwicklung im Bereich Cybertechnologie
hud.agenda.task.irn_gulf_coastal.description,Errichte mindestens 20 militärische Einrichtungen entlang der Golfküste.
hud.agenda.task.irn_gulf_coastal.title,Küstenverteidigungsnetzwerk
hud.agenda.task.irn_gulf_fleet.description,"Mindestens 80 Marineschiffe, darunter Schnellboote, einsetzen."
hud.agenda.task.irn_gulf_fleet.title,Golf-Flotte aufbauen
hud.agenda.task.irn_israel_missiles.description,Stelle mindestens 200 Panzer und gepanzerte Fahrzeuge für regionale Konflikte her.
hud.agenda.task.irn_israel_missiles.title,Raketenarsenal aufbauen
hud.agenda.task.irn_israel_proxies.description,Spionage gegen Israel betreiben.
hud.agenda.task.irn_israel_proxies.title,Unterstützung anti-israelischer Stellvertreter
hud.agenda.task.irn_missile_production.description,Baue mindestens 12 Raketenproduktionsanlagen.
hud.agenda.task.irn_missile_production.title,Raketenproduktionsanlagen
hud.agenda.task.irn_missile_research.description,Schließe mindestens 8 Waffenforschungen ab.
hud.agenda.task.irn_missile_research.title,Forschung und Entwicklung im Bereich Raketentechnologie
hud.agenda.task.irn_nuclear_funding.description,Die Finanzreserven für die Waffenentwicklung auf über 40 Milliarden Dollar halten.
hud.agenda.task.irn_nuclear_funding.title,Das Atomprogramm finanzieren
hud.agenda.task.irn_nuclear_infrastructure.description,Mindestens 15 Anlagen für Kernforschung und Urananreicherung errichten.
hud.agenda.task.irn_nuclear_infrastructure.title,Kernkraftwerke
hud.agenda.task.irn_nuclear_research.description,Schließe mindestens 10 fortgeschrittene Waffenforschungen ab.
hud.agenda.task.irn_nuclear_research.title,Forschung im Bereich Kernwaffen
hud.agenda.task.irn_oil_gdp.description,Mit wiedergewonnenen Öleinnahmen ein BIP von mindestens 750 Milliarden Dollar erreichen.
hud.agenda.task.irn_oil_gdp.title,Ziel für die Öleinnahmen
hud.agenda.task.irn_oil_infrastructure.description,Errichte mindestens 30 Anlagen zur Ölförderung und -raffination.
hud.agenda.task.irn_oil_infrastructure.title,Wiederaufbau der Öl-Infrastruktur
hud.agenda.task.irn_oil_trade.description,Handelsabkommen mit mindestens vier asiatischen Ölimporteuren unterzeichnen.
hud.agenda.task.irn_oil_trade.title,Verträge über den Export von Öl aus Asien
hud.agenda.task.irn_sanctions_gdp.description,Trotz Sanktionen ein BIP von mindestens 650 Milliarden Dollar erreichen.
hud.agenda.task.irn_sanctions_gdp.title,Wirtschaftliche Widerstandsfähigkeit
hud.agenda.task.irn_sanctions_infrastructure.description,"Errichte mindestens 40 Industrieanlagen, um die Selbstversorgung zu gewährleisten."
hud.agenda.task.irn_sanctions_infrastructure.title,Inländische Produktion
hud.agenda.task.irn_sanctions_trade.description,Handelsabkommen mit mindestens fünf nicht-westlichen Staaten unterzeichnen.
hud.agenda.task.irn_sanctions_trade.title,Alternative Handelspartner
hud.agenda.task.isr_abraham_embassies.description,Eröffnung von Botschaften in mindestens sechs arabischen/muslimischen Ländern.
hud.agenda.task.isr_abraham_embassies.title,Diplomatische Beziehungen aufnehmen
hud.agenda.task.isr_abraham_saudi.description,Die Beziehungen zu Saudi-Arabien auf über 50 verbessern.
hud.agenda.task.isr_abraham_saudi.title,Normalisierung der Beziehungen zu Saudi-Arabien
hud.agenda.task.isr_abraham_trade.description,Handelsabkommen mit mindestens vier arabischen Staaten unterzeichnen.
hud.agenda.task.isr_abraham_trade.title,Arabische Handelsabkommen
hud.agenda.task.isr_defense_funding.description,Die Liquidität soll über 50 Milliarden Dollar gehalten werden.
hud.agenda.task.isr_defense_funding.title,Fonds-Sicherheitssysteme
hud.agenda.task.isr_defense_research.description,Schließe mindestens 8 Forschungsprojekte im Bereich Militärtechnologie ab.
hud.agenda.task.isr_defense_research.title,Forschung und Entwicklung im Bereich Verteidigungssysteme
hud.agenda.task.isr_gas_gdp.description,Ein BIP von mindestens 600 Milliarden Dollar einschließlich der Gaseinnahmen erreichen.
hud.agenda.task.isr_gas_gdp.title,Umsatzziel im Gasbereich
hud.agenda.task.isr_gas_infrastructure.description,Errichte mindestens 10 Energiegewinnungsanlagen.
hud.agenda.task.isr_gas_infrastructure.title,Errichtung von Entnahmeanlagen
hud.agenda.task.isr_gas_trade.description,Handelsabkommen mit mindestens drei Gasimporteuren unterzeichnen.
hud.agenda.task.isr_gas_trade.title,Gasexportverträge
hud.agenda.task.isr_gaza_military.description,Mindestens 50.000 aktive Soldaten einsetzen.
hud.agenda.task.isr_gaza_military.title,Gaza-Garnison
hud.agenda.task.isr_gaza_provinces.description,Mindestens 10 Provinzen im Gazastreifen kontrollieren.
hud.agenda.task.isr_gaza_provinces.title,Besetzung des Gazastreifens
hud.agenda.task.isr_intel_ops.description,Führe Spionage gegen mindestens 8 Zielstaaten durch.
hud.agenda.task.isr_intel_ops.title,Globale nachrichtendienstliche Operationen
hud.agenda.task.isr_intel_research.description,Schließe mindestens 6 Geheimdienstuntersuchungen ab.
hud.agenda.task.isr_intel_research.title,Intelligenztechnologie
hud.agenda.task.isr_iran_air.description,Mindestens 400 Kampfflugzeuge für Tiefenangriffe einsetzen.
hud.agenda.task.isr_iran_air.title,Angriffsfähigkeit
hud.agenda.task.isr_iran_coalition.description,Schließe Bündnisse mit mindestens zwei gegen den Iran eingestellten Staaten.
hud.agenda.task.isr_iran_coalition.title,Eine Anti-Iran-Koalition bilden
hud.agenda.task.isr_iran_intelligence.description,Spionageoperationen gegen den Iran durchführen.
hud.agenda.task.isr_iran_intelligence.title,Nachrichtendienstliche Operationen
hud.agenda.task.isr_military_air.description,Mindestens 600 Kampfflugzeuge einsetzen.
hud.agenda.task.isr_military_air.title,Luftüberlegenheit
hud.agenda.task.isr_military_armor.description,Mindestens 500 moderne Panzer vorhalten.
hud.agenda.task.isr_military_armor.title,Streitkräfte
hud.agenda.task.isr_military_personnel.description,Mindestens 80.000 aktive Soldaten aufrechterhalten.
hud.agenda.task.isr_military_personnel.title,Stehendes Heer
hud.agenda.task.isr_tech_gdp.description,Ein BIP von mindestens 550 Milliarden Dollar erreichen.
hud.agenda.task.isr_tech_gdp.title,Hightech-Wirtschaft
hud.agenda.task.isr_tech_infrastructure.description,Baue mindestens 30 Technologieeinrichtungen.
hud.agenda.task.isr_tech_infrastructure.title,Technische Einrichtungen errichten
hud.agenda.task.isr_tech_research.description,Führen Sie mindestens 10 technologische Forschungsarbeiten durch.
hud.agenda.task.isr_tech_research.title,Forschung und Entwicklung im Bereich Technologie
hud.agenda.task.isr_us_alliance_pact.description,Das Bündnis mit den Vereinigten Staaten aufrechterhalten.
hud.agenda.task.isr_us_alliance_pact.title,Strategisches Bündnis der USA
hud.agenda.task.isr_us_defense.description,Einen Verteidigungsvertrag mit den Vereinigten Staaten abschließen.
hud.agenda.task.isr_us_defense.title,US-Verteidigungsabkommen
hud.agenda.task.isr_us_relations.description,Halte die Beziehungen zu den USA auf einem Niveau von über 80.
hud.agenda.task.isr_us_relations.title,Hervorragende Beziehungen zu den USA
hud.agenda.task.isr_water_infrastructure.description,Mindestens 15 Wasserinfrastrukturanlagen errichten.
hud.agenda.task.isr_water_infrastructure.title,Entsalzungsanlagen bauen
hud.agenda.task.isr_water_research.description,Führen Sie mindestens 4 technologische Forschungsarbeiten durch.
hud.agenda.task.isr_water_research.title,Forschung und Entwicklung im Bereich Wassertechnik
hud.agenda.task.isr_westbank_infrastructure.description,Errichte mindestens 20 Einrichtungen in besetzten Gebieten.
hud.agenda.task.isr_westbank_infrastructure.title,Ausweitung der Siedlungen
hud.agenda.task.isr_westbank_military.description,Mindestens 300 Panzer für Besatzungsaufgaben vorhalten.
hud.agenda.task.isr_westbank_military.title,Einsatztruppe
hud.agenda.task.isr_westbank_provinces.description,Mindestens 15 palästinensische Provinzen unter Kontrolle haben.
hud.agenda.task.isr_westbank_provinces.title,Kontrolle über das Westjordanland
hud.agenda.task.jpn_china_coalition.description,Schließe Bündnisse mit mindestens vier regionalen Partnern.
hud.agenda.task.jpn_china_coalition.title,Regionale Sicherheitskoalition
hud.agenda.task.jpn_china_intel.description,Spionageoperationen gegen China durchführen.
hud.agenda.task.jpn_china_intel.title,Chinesische Aktivitäten überwachen
hud.agenda.task.jpn_china_military.description,Mindestens 600 Flugzeuge für die Luftverteidigung einsetzen.
hud.agenda.task.jpn_china_military.title,Seeverteidigung
hud.agenda.task.jpn_econ_gdp.description,Ein BIP von mindestens 5 Billionen Dollar erreichen.
hud.agenda.task.jpn_econ_gdp.title,Ziel für das BIP-Wachstum
hud.agenda.task.jpn_econ_infrastructure.description,Baue mindestens 60 Industrieanlagen.
hud.agenda.task.jpn_econ_infrastructure.title,Infrastrukturinvestitionen
hud.agenda.task.jpn_green_infrastructure.description,Mindestens 40 Anlagen zur Erzeugung grüner Energie errichten.
hud.agenda.task.jpn_green_infrastructure.title,Erneuerbare Energien
hud.agenda.task.jpn_green_research.description,Schließe mindestens 7 Energieforschungsprojekte ab.
hud.agenda.task.jpn_green_research.title,Forschung im Bereich saubere Energie
hud.agenda.task.jpn_kuril_diplomacy.description,Spionage gegen russische Aktivitäten betreiben.
hud.agenda.task.jpn_kuril_diplomacy.title,Diplomatischer Druck
hud.agenda.task.jpn_kuril_military.description,Setzen Sie mindestens 200 Panzer zur Verteidigung des Territoriums ein.
hud.agenda.task.jpn_kuril_military.title,Nordverteidigung
hud.agenda.task.jpn_quad_alliances.description,Schließe Bündnisse mit mindestens drei QUAD-Mitgliedern.
hud.agenda.task.jpn_quad_alliances.title,QUAD-Allianzen
hud.agenda.task.jpn_quad_defense.description,Schließe Verteidigungsabkommen mit mindestens zwei QUAD-Partnern.
hud.agenda.task.jpn_quad_defense.title,QUAD-Verteidigungszusammenarbeit
hud.agenda.task.jpn_rearm_fleet.description,"Mindestens 100 Kriegsschiffe, darunter Hubschrauberzerstörer, einsetzen."
hud.agenda.task.jpn_rearm_fleet.title,Eine moderne Flotte aufbauen
hud.agenda.task.jpn_rearm_personnel.description,Mindestens 120.000 aktive Soldaten einsetzen.
hud.agenda.task.jpn_rearm_personnel.title,Selbstverteidigungskräfte ausbauen
hud.agenda.task.jpn_rearm_research.description,Schließe mindestens 10 militärische Forschungen ab.
hud.agenda.task.jpn_rearm_research.title,Verteidigungstechnologie
hud.agenda.task.jpn_semi_infrastructure.description,Errichten Sie mindestens 25 Halbleiterfabriken.
hud.agenda.task.jpn_semi_infrastructure.title,Chipfabriken errichten
hud.agenda.task.jpn_semi_research.description,Schließe mindestens 8 Chip-Forschungsprojekte ab.
hud.agenda.task.jpn_semi_research.title,Forschung und Entwicklung im Bereich Halbleiter
hud.agenda.task.jpn_space_funding.description,Die Liquiditätsreserven sollen über 120 Milliarden Dollar gehalten werden.
hud.agenda.task.jpn_space_funding.title,Finanzierung des Raumfahrtprogramms
hud.agenda.task.jpn_space_research.description,Schließe mindestens 7 Weltraumforschungsprojekte ab.
hud.agenda.task.jpn_space_research.title,Raumfahrttechnik
hud.agenda.task.jpn_tech_gdp.description,"Ein BIP von mindestens 5,5 Billionen Dollar erreichen."
hud.agenda.task.jpn_tech_gdp.title,Technologiegetriebene Wirtschaft
hud.agenda.task.jpn_tech_infrastructure.description,Baue mindestens 50 Technologieeinrichtungen.
hud.agenda.task.jpn_tech_infrastructure.title,Technische Infrastruktur
hud.agenda.task.jpn_tech_research.description,Führe mindestens 15 technologische Forschungsarbeiten durch.
hud.agenda.task.jpn_tech_research.title,Forschung und Entwicklung im Bereich Technologie
hud.agenda.task.jpn_us_alliance.description,Die strategische Allianz mit den Vereinigten Staaten aufrechterhalten.
hud.agenda.task.jpn_us_alliance.title,US-Allianz
hud.agenda.task.jpn_us_defense.description,Den Verteidigungspakt mit den Vereinigten Staaten aufrechterhalten.
hud.agenda.task.jpn_us_defense.title,US-Verteidigungsabkommen
hud.agenda.task.jpn_us_relations.description,Halte die Beziehungen zu den USA auf einem Niveau von über 85.
hud.agenda.task.jpn_us_relations.title,Hervorragende Beziehungen zu den USA
hud.agenda.task.kor_china_intel.description,Spionageoperationen gegen China durchführen.
hud.agenda.task.kor_china_intel.title,Chinesische Aktivitäten überwachen
hud.agenda.task.kor_china_trade.description,Handelsabkommen mit mindestens 10 Märkten außerhalb Chinas unterzeichnen.
hud.agenda.task.kor_china_trade.title,Exportmärkte diversifizieren
hud.agenda.task.kor_culture_gdp.description,"Ein BIP von mindestens 2,2 Billionen Dollar erzielen, einschließlich Kulturexporten."
hud.agenda.task.kor_culture_gdp.title,Wachstum der Kulturwirtschaft
hud.agenda.task.kor_culture_relations.description,Verbessere die Beziehungen zu mindestens 15 Ländern auf über 60.
hud.agenda.task.kor_culture_relations.title,Kulturdiplomatie
hud.agenda.task.kor_defense_infrastructure.description,Errichte mindestens 25 Rüstungsbetriebe.
hud.agenda.task.kor_defense_infrastructure.title,Rüstungsproduktion
hud.agenda.task.kor_defense_trade.description,Handelsabkommen mit mindestens sieben Waffenimporteuren unterzeichnen.
hud.agenda.task.kor_defense_trade.title,Waffenexportmärkte
hud.agenda.task.kor_green_infrastructure.description,Mindestens 35 Anlagen für grüne Energie errichten.
hud.agenda.task.kor_green_infrastructure.title,Erneuerbare Energien
hud.agenda.task.kor_green_research.description,Schließe mindestens 8 Energieforschungsprojekte ab.
hud.agenda.task.kor_green_research.title,Grüne Technologie
hud.agenda.task.kor_north_armor.description,Setzen Sie mindestens 600 Panzer ein.
hud.agenda.task.kor_north_armor.title,Streitkräfte
hud.agenda.task.kor_north_intel.description,Spionageoperationen gegen Nordkorea durchführen.
hud.agenda.task.kor_north_intel.title,Nordkorea beobachten
hud.agenda.task.kor_north_personnel.description,Mindestens 100.000 aktive Soldaten vorhalten.
hud.agenda.task.kor_north_personnel.title,Stehendes Heer
hud.agenda.task.kor_reuni_gdp.description,"Ein BIP von mindestens 2,5 Billionen Dollar für die Kosten der Wiedervereinigung erreichen."
hud.agenda.task.kor_reuni_gdp.title,Wirtschaftsstiftung für die Wiedervereinigung
hud.agenda.task.kor_reuni_relations.description,Die Beziehungen zu Nordkorea auf über 30 verbessern.
hud.agenda.task.kor_reuni_relations.title,Die Beziehungen zum Norden verbessern
hud.agenda.task.kor_ship_infrastructure.description,Baue mindestens 30 Schiffswerften.
hud.agenda.task.kor_ship_infrastructure.title,Erweiterung der Werft
hud.agenda.task.kor_ship_trade.description,Handelsabkommen mit mindestens acht Schiffsimporteuren unterzeichnen.
hud.agenda.task.kor_ship_trade.title,Schiffsexportmärkte
hud.agenda.task.kor_space_funding.description,Die Liquiditätsreserven sollen über 80 Milliarden Dollar gehalten werden.
hud.agenda.task.kor_space_funding.title,Finanzierung des Raumfahrtprogramms
hud.agenda.task.kor_space_research.description,Schließe mindestens 6 Weltraumforschungsprojekte ab.
hud.agenda.task.kor_space_research.title,Raumfahrttechnik
hud.agenda.task.kor_tech_gdp.description,Ein BIP von mindestens 2 Billionen Dollar erreichen.
hud.agenda.task.kor_tech_gdp.title,Hightech-Wirtschaft
hud.agenda.task.kor_tech_infrastructure.description,Mindestens 60 Technologie- und Halbleiterwerke errichten.
hud.agenda.task.kor_tech_infrastructure.title,Dominanz im Halbleiterbereich
hud.agenda.task.kor_tech_research.description,Führe mindestens 15 technologische Forschungsarbeiten durch.
hud.agenda.task.kor_tech_research.title,Forschung und Entwicklung im Bereich Technologie
hud.agenda.task.kor_us_alliance.description,Die strategische Allianz mit den Vereinigten Staaten aufrechterhalten.
hud.agenda.task.kor_us_alliance.title,US-Allianz
hud.agenda.task.kor_us_defense.description,Den Verteidigungspakt mit den Vereinigten Staaten aufrechterhalten.
hud.agenda.task.kor_us_defense.title,US-Verteidigungsabkommen
hud.agenda.task.kor_us_relations.description,Halte die Beziehungen zu den USA auf einem Niveau von über 85.
hud.agenda.task.kor_us_relations.title,Hervorragende Beziehungen zu den USA
hud.agenda.task.maintain_parity.body,Das technologische Niveau auf dem Niveau der regionalen Konkurrenten halten.
hud.agenda.task.maintain_parity.title,Technologische Parität wahren
hud.agenda.task.open_diplomacy.body,"Überprüfen Sie die Beziehungen, nutzen Sie die Möglichkeiten und prüfen Sie die bestehenden Vereinbarungen."
hud.agenda.task.open_diplomacy.title,Diplomatiepanel öffnen
hud.agenda.task.open_economy.body,"Überprüfung des Wachstums der Staatskasse, der Inflation und der Haushaltskontrolle."
hud.agenda.task.open_economy.title,Wirtschaftspanel öffnen
hud.agenda.task.open_intelligence.body,"Überprüfung der Spionagefähigkeiten, laufender Operationen und der Bedrohungslage."
hud.agenda.task.open_intelligence.title,Geheimdienstpanel öffnen
hud.agenda.task.open_military.body,Überprüfen Sie die Einsatzbereitschaft und die Truppenzusammensetzung.
hud.agenda.task.open_military.title,Militärpanel öffnen
hud.agenda.task.open_panel,Panel öffnen
hud.agenda.task.open_research.body,Die verfügbaren Technologien und die aktuelle Forschungsagenda prüfen.
hud.agenda.task.open_research.title,Forschungspanel öffnen
hud.agenda.task.pak_afg_relations.description,Die Beziehungen zu Afghanistan auf über 50 verbessern.
hud.agenda.task.pak_afg_relations.title,Beziehungen zu Afghanistan
hud.agenda.task.pak_afg_trade.description,Unterzeichnung eines Handelsabkommens mit Afghanistan.
hud.agenda.task.pak_afg_trade.title,Handel mit Afghanistan
hud.agenda.task.pak_cpec_china.description,Das Bündnis mit China aufrechterhalten.
hud.agenda.task.pak_cpec_china.title,Partnerschaft mit China
hud.agenda.task.pak_cpec_gdp.description,Ein BIP von mindestens 450 Milliarden Dollar erreichen.
hud.agenda.task.pak_cpec_gdp.title,Wirtschaftswachstum
hud.agenda.task.pak_cpec_infrastructure.description,Mindestens 40 Einrichtungen für CPEC-Projekte errichten.
hud.agenda.task.pak_cpec_infrastructure.title,Aufbau der CPEC-Infrastruktur
hud.agenda.task.pak_econ_gdp.description,Ein BIP von mindestens 400 Milliarden Dollar erreichen.
hud.agenda.task.pak_econ_gdp.title,Wirtschaftlicher Aufschwung
hud.agenda.task.pak_econ_infrastructure.description,Baue mindestens 30 Industrieanlagen.
hud.agenda.task.pak_econ_infrastructure.title,Industrielle Entwicklung
hud.agenda.task.pak_energy_infrastructure.description,Baue mindestens 20 Energieanlagen.
hud.agenda.task.pak_energy_infrastructure.title,Stromerzeugung
hud.agenda.task.pak_energy_research.description,Schließe mindestens 5 Energieforschungsprojekte ab.
hud.agenda.task.pak_energy_research.title,Energietechnik
hud.agenda.task.pak_islam_alliances.description,"Schließe Bündnisse mit mindestens vier Staaten, in denen die Mehrheit der Bevölkerung muslimisch ist."
hud.agenda.task.pak_islam_alliances.title,Allianzen der muslimischen Welt
hud.agenda.task.pak_islam_relations.description,Verbessere die Beziehungen zu mindestens sechs muslimischen Ländern auf über 60.
hud.agenda.task.pak_islam_relations.title,Die Beziehungen zu den Muslimen verbessern
hud.agenda.task.pak_kashmir_intel.description,Spionageoperationen gegen Indien durchführen.
hud.agenda.task.pak_kashmir_intel.title,Aktivitäten in Indien beobachten
hud.agenda.task.pak_kashmir_military.description,Mindestens 80.000 aktive Soldaten für Einsätze in Kaschmir einsetzen.
hud.agenda.task.pak_kashmir_military.title,Kaschmirische Verteidigungskräfte
hud.agenda.task.pak_military_air.description,Mindestens 300 Kampfflugzeuge einsetzen.
hud.agenda.task.pak_military_air.title,Luftwaffe
hud.agenda.task.pak_military_armor.description,Setzen Sie mindestens 400 Panzer ein.
hud.agenda.task.pak_military_armor.title,Streitkräfte
hud.agenda.task.pak_nuclear_funding.description,Die Liquidität soll über 20 Milliarden Dollar liegen.
hud.agenda.task.pak_nuclear_funding.title,Finanzierung des Atomprogramms
hud.agenda.task.pak_nuclear_research.description,Schließe mindestens 6 Waffenforschungsprojekte ab.
hud.agenda.task.pak_nuclear_research.title,Forschung im Bereich Kernwaffen
hud.agenda.task.pak_saudi_relations.description,Halten Sie die Beziehungen zu Saudi-Arabien auf einem Niveau von über 70.
hud.agenda.task.pak_saudi_relations.title,Verbesserung der Beziehungen zu Saudi-Arabien
hud.agenda.task.pak_saudi_trade.description,Unterzeichnung eines Handelsabkommens mit Saudi-Arabien.
hud.agenda.task.pak_saudi_trade.title,Handelsabkommen mit Saudi-Arabien
hud.agenda.task.pak_textile_infrastructure.description,Mindestens 25 Textilproduktionsstätten errichten.
hud.agenda.task.pak_textile_infrastructure.title,Textilbetriebe
hud.agenda.task.pak_textile_trade.description,Handelsabkommen mit mindestens sechs Exportmärkten unterzeichnen.
hud.agenda.task.pak_textile_trade.title,Exportmärkte
hud.agenda.task.pol_3seas_alliances.description,Schließe Bündnisse mit mindestens vier mitteleuropäischen Staaten.
hud.agenda.task.pol_3seas_alliances.title,Mitteleuropäische Bündnisse
hud.agenda.task.pol_3seas_infrastructure.description,Baue mindestens 30 Infrastruktureinrichtungen.
hud.agenda.task.pol_3seas_infrastructure.title,Infrastrukturentwicklung
hud.agenda.task.pol_belarus_intel.description,Spionageoperationen in Belarus durchführen.
hud.agenda.task.pol_belarus_intel.title,Belarussischer Geheimdienst
hud.agenda.task.pol_belarus_treasury.description,Die Liquidität soll über 20 Milliarden Dollar liegen.
hud.agenda.task.pol_belarus_treasury.title,Finanzielle Unterstützung der Opposition
hud.agenda.task.pol_eastern_armor.description,Setzen Sie mindestens 500 Panzer ein.
hud.agenda.task.pol_eastern_armor.title,Panzerabwehr
hud.agenda.task.pol_eastern_military.description,Mindestens 150.000 aktive Soldaten an der Ostgrenze stationieren.
hud.agenda.task.pol_eastern_military.title,Streitkräfte an der Ostgrenze
hud.agenda.task.pol_eastern_nato.description,Das Bündnis mit den USA aufrechterhalten.
hud.agenda.task.pol_eastern_nato.title,NATO Integration
hud.agenda.task.pol_energy_infrastructure.description,Baue mindestens 20 Energieanlagen.
hud.agenda.task.pol_energy_infrastructure.title,Energieinfrastruktur
hud.agenda.task.pol_energy_research.description,Schließe mindestens 5 Energieforschungsprojekte ab.
hud.agenda.task.pol_energy_research.title,Energietechnik
hud.agenda.task.pol_eu_gdp.description,Ein BIP von mindestens 800 Milliarden Dollar erreichen.
hud.agenda.task.pol_eu_gdp.title,Wirtschaftswachstum
hud.agenda.task.pol_eu_infrastructure.description,Baue mindestens 40 Einrichtungen.
hud.agenda.task.pol_eu_infrastructure.title,Von der EU finanzierte Infrastruktur
hud.agenda.task.pol_mil_air.description,Mindestens 150 Kampfflugzeuge einsetzen.
hud.agenda.task.pol_mil_air.title,Modernisierung der Luftwaffe
hud.agenda.task.pol_mil_armor.description,Setzen Sie mindestens 600 Panzer ein.
hud.agenda.task.pol_mil_armor.title,Streitkräfte
hud.agenda.task.pol_mil_research.description,Schließe mindestens 10 militärische Forschungsprojekte ab.
hud.agenda.task.pol_mil_research.title,Militärtechnologie
hud.agenda.task.pol_tech_infrastructure.description,Baue mindestens 20 Technologieeinrichtungen.
hud.agenda.task.pol_tech_infrastructure.title,Technische Infrastruktur
hud.agenda.task.pol_tech_research.description,Führen Sie mindestens 12 technologische Forschungsarbeiten durch.
hud.agenda.task.pol_tech_research.title,Technologieforschung
hud.agenda.task.pol_ukraine_alliance.description,Ein Bündnis mit der Ukraine schließen.
hud.agenda.task.pol_ukraine_alliance.title,Ukrainische Allianz
hud.agenda.task.pol_ukraine_relations.description,Die Beziehungen zur Ukraine auf über 80 verbessern.
hud.agenda.task.pol_ukraine_relations.title,Verbesserung der Beziehungen zur Ukraine
hud.agenda.task.pol_us_alliance.description,Das Bündnis mit den USA aufrechterhalten.
hud.agenda.task.pol_us_alliance.title,US-Bündnis
hud.agenda.task.pol_us_relations.description,Die Beziehungen zu den USA auf über 80 verbessern.
hud.agenda.task.pol_us_relations.title,Beziehungen zu den USA
hud.agenda.task.pol_v4_alliances.description,Schließe Bündnisse mit allen V4-Mitgliedern.
hud.agenda.task.pol_v4_alliances.title,V4-Allianzen
hud.agenda.task.pol_v4_trade.description,Handelsabkommen mit allen V4-Mitgliedstaaten unterzeichnen.
hud.agenda.task.pol_v4_trade.title,V4-Handelsnetzwerk
hud.agenda.task.prepare_forces.body,Bereitstellung sicherstellen und Einheiten für {0} in Stellung bringen.
hud.agenda.task.prepare_forces.title,Streitkräfte aufstellen
hud.agenda.task.queue_research.body,Wählen Sie einen vorrangigen Technologiepfad aus und beginnen Sie mit der Recherche.
hud.agenda.task.queue_research.title,Wichtige Forschungsergebnisse
hud.agenda.task.rus_antinato_defense.description,Die Garantien sollten auf mindestens zwei Staaten an den NATO-Grenzen ausgeweitet werden.
hud.agenda.task.rus_antinato_defense.title,Garantie für Grenzstaaten
hud.agenda.task.rus_antinato_military.description,Mindestens 150.000 aktive Mitarbeiter für den Grenzschutz bereitstellen.
hud.agenda.task.rus_antinato_military.title,Abschreckungskräfte aufbauen
hud.agenda.task.rus_antiwest_alliances.description,Schließe Bündnisse mit mindestens drei antiwestlichen Staaten.
hud.agenda.task.rus_antiwest_alliances.title,Strategische Allianzen bilden
hud.agenda.task.rus_antiwest_defense.description,Schließe Verteidigungsbündnisse mit mindestens zwei Koalitionspartnern.
hud.agenda.task.rus_antiwest_defense.title,Beistandsabkommen
hud.agenda.task.rus_arctic_extraction.description,Errichte mindestens 25 Rohstoffanlagen in den arktischen Regionen.
hud.agenda.task.rus_arctic_extraction.title,Arctic Extractors bauen
hud.agenda.task.rus_arctic_fleet.description,Mindestens 60 Marineschiffe für Einsätze in der Arktis bereitstellen.
hud.agenda.task.rus_arctic_fleet.title,Die Nordflotte aufbauen
hud.agenda.task.rus_arctic_gdp.description,"Ein BIP von 3 Billionen Dollar erzielen, einschließlich der Einnahmen aus der Arktis."
hud.agenda.task.rus_arctic_gdp.title,BIP-Ziel für die Arktis
hud.agenda.task.rus_arctic_infra.description,Errichte mindestens 15 Einrichtungen in den nördlichen Provinzen.
hud.agenda.task.rus_arctic_infra.title,Infrastruktur in der Arktis aufbauen
hud.agenda.task.rus_asia_china.description,Eine strategische Allianz mit China eingehen.
hud.agenda.task.rus_asia_china.title,Allianz für ein sicheres China
hud.agenda.task.rus_asia_embassies.description,Eröffnung von Botschaften in mindestens sechs asiatischen Ländern.
hud.agenda.task.rus_asia_embassies.title,Ausbau der diplomatischen Präsenz
hud.agenda.task.rus_asia_trade.description,Handelsabkommen mit mindestens vier asiatischen Ländern unterzeichnen.
hud.agenda.task.rus_asia_trade.title,Asiatisches Handelsnetzwerk
hud.agenda.task.rus_brics_alliances.description,Schließe Bündnisse mit mindestens zwei BRICS-Mitgliedern.
hud.agenda.task.rus_brics_alliances.title,BRICS-Allianzen schmieden
hud.agenda.task.rus_brics_relations.description,Pflege positive Beziehungen (>50) zu mindestens vier BRICS-Mitgliedern.
hud.agenda.task.rus_brics_relations.title,Die Beziehungen innerhalb der BRICS-Staaten verbessern
hud.agenda.task.rus_brics_trade.description,Handelsabkommen mit mindestens fünf BRICS+-Staaten abschließen.
hud.agenda.task.rus_brics_trade.title,BRICS-Handelsnetzwerk
hud.agenda.task.rus_cyber_ops.description,Führe Spionagemissionen gegen mindestens 8 Ziele durch.
hud.agenda.task.rus_cyber_ops.title,Spionageoperationen durchführen
hud.agenda.task.rus_cyber_research.description,Schließe mindestens 4 Forschungsprojekte im Bereich der Informationstechnologie ab.
hud.agenda.task.rus_cyber_research.title,Forschung im Bereich Cyberfähigkeiten
hud.agenda.task.rus_eeu_defensive.description,Abschluss von Verteidigungsabkommen mit mindestens drei EAWU-Mitgliedstaaten.
hud.agenda.task.rus_eeu_defensive.title,Verteidigungsabkommen der EAWU
hud.agenda.task.rus_eeu_trade.description,Handelsabkommen mit allen vier EAWU-Mitgliedstaaten abschließen.
hud.agenda.task.rus_eeu_trade.title,Handelsintegration in der EAWU
hud.agenda.task.rus_energy_gdp.description,"Durch Energieexporte ein BIP von mindestens 2,5 Billionen Dollar erzielen."
hud.agenda.task.rus_energy_gdp.title,Wirtschaftsziel erreichen
hud.agenda.task.rus_energy_infrastructure.description,Errichten Sie mindestens 40 Industrieanlagen für die Öl- und Gasförderung.
hud.agenda.task.rus_energy_infrastructure.title,Energieinfrastruktur aufbauen
hud.agenda.task.rus_energy_trade.description,Schließe Handelsabkommen mit mindestens fünf europäischen Ländern.
hud.agenda.task.rus_energy_trade.title,Sichere Handelsabkommen
hud.agenda.task.rus_modern_air.description,Mindestens 1.200 moderne Kampfflugzeuge einsetzen.
hud.agenda.task.rus_modern_air.title,Modernisierung der Luftwaffe
hud.agenda.task.rus_modern_research.description,Schließe mindestens 8 Forschungsprojekte im Bereich Militärtechnologie ab.
hud.agenda.task.rus_modern_research.title,Forschung im Bereich fortschrittlicher Systeme
hud.agenda.task.rus_modern_treasury.description,Die Finanzreserven für Beschaffungen sollten bei über 150 Milliarden Dollar gehalten werden.
hud.agenda.task.rus_modern_treasury.title,Modernisierung des Fonds
hud.agenda.task.rus_nearabroad_alliances.description,Schließe Bündnisse mit mindestens drei ehemaligen Sowjetstaaten.
hud.agenda.task.rus_nearabroad_alliances.title,Regionale Bündnisse bilden
hud.agenda.task.rus_nearabroad_embassies.description,Eröffnung von Botschaften in allen fünf Zielländern.
hud.agenda.task.rus_nearabroad_embassies.title,Aufbau einer diplomatischen Vertretung
hud.agenda.task.rus_nearabroad_sphere.description,Weißrussland in den russischen Einflussbereich einbinden.
hud.agenda.task.rus_nearabroad_sphere.title,Einflussbereich ausweiten
hud.agenda.task.rus_nuclear_funding.description,Die Staatskasse für die Modernisierung der Nuklearstreitkräfte auf über 100 Milliarden Dollar halten.
hud.agenda.task.rus_nuclear_funding.title,Das Atomprogramm finanzieren
hud.agenda.task.rus_nuclear_research.description,Schließe mindestens 5 fortgeschrittene Waffenforschungen ab.
hud.agenda.task.rus_nuclear_research.title,Forschung im Bereich der Kerntechnik
hud.agenda.task.rus_ukraine_armor.description,Mindestens 800 Panzer für die ukrainische Front bereitstellen.
hud.agenda.task.rus_ukraine_armor.title,Panzerdivisionen einsetzen
hud.agenda.task.rus_ukraine_provinces.description,Kontrolle über mindestens 50 ukrainische Gebiete im Donbass und in den Küstenregionen.
hud.agenda.task.rus_ukraine_provinces.title,Besetzung der östlichen Provinzen
hud.agenda.task.rus_ukraine_war.description,Die Ukraine offiziell in einen militärischen Konflikt verwickeln.
hud.agenda.task.rus_ukraine_war.title,Der Ukraine den Krieg erklären
hud.agenda.task.sau_antiiran_alliances.description,Schließe Bündnisse mit mindestens vier Iran-feindlichen Staaten.
hud.agenda.task.sau_antiiran_alliances.title,Koalition bilden
hud.agenda.task.sau_antiiran_defense.description,Abschluss von Verteidigungsabkommen mit mindestens drei Golfstaaten.
hud.agenda.task.sau_antiiran_defense.title,Beistandsabkommen
hud.agenda.task.sau_antiiran_intel.description,Spionageoperationen gegen den Iran durchführen.
hud.agenda.task.sau_antiiran_intel.title,Die Aktivitäten des Iran beobachten
hud.agenda.task.sau_israel_embassy.description,Eine Botschaft in Israel eröffnen.
hud.agenda.task.sau_israel_embassy.title,Diplomatische Beziehungen
hud.agenda.task.sau_israel_relations.description,Die Beziehungen zu Israel auf über 40 verbessern.
hud.agenda.task.sau_israel_relations.title,Verbesserung der Beziehungen zu Israel
hud.agenda.task.sau_military_air.description,Mindestens 500 Kampfflugzeuge einsetzen.
hud.agenda.task.sau_military_air.title,Moderne Luftwaffe
hud.agenda.task.sau_military_armor.description,Mindestens 400 moderne Panzer vorhalten.
hud.agenda.task.sau_military_armor.title,Streitkräfte
hud.agenda.task.sau_military_research.description,Schließe mindestens 6 militärische Forschungsprojekte ab.
hud.agenda.task.sau_military_research.title,Verteidigungstechnologie
hud.agenda.task.sau_oil_infrastructure.description,Baue mindestens 40 Ölförderanlagen.
hud.agenda.task.sau_oil_infrastructure.title,Ausweitung der Ölförderung
hud.agenda.task.sau_oil_trade.description,Handelsabkommen mit mindestens acht Öl importierenden Ländern unterzeichnen.
hud.agenda.task.sau_oil_trade.title,Globales Ölexportnetzwerk
hud.agenda.task.sau_oil_treasury.description,Die Staatskasse soll durch Öleinnahmen auf einem Stand von über 300 Milliarden Dollar gehalten werden.
hud.agenda.task.sau_oil_treasury.title,Ansammlung von Öleinnahmen
hud.agenda.task.sau_renewable_infrastructure.description,Mindestens 25 Anlagen für erneuerbare Energien errichten.
hud.agenda.task.sau_renewable_infrastructure.title,Errichtung von Anlagen zur Erzeugung erneuerbarer Energien
hud.agenda.task.sau_renewable_research.description,Schließe mindestens 5 Energieforschungsprojekte ab.
hud.agenda.task.sau_renewable_research.title,Erneuerbare Technologien
hud.agenda.task.sau_sunni_alliances.description,"Schließe Bündnisse mit mindestens fünf Staaten, in denen die Sunniten die Mehrheit bilden."
hud.agenda.task.sau_sunni_alliances.title,Führende sunnitische Koalition
hud.agenda.task.sau_sunni_relations.description,Halte die Beziehungen zu mindestens sechs muslimischen Ländern auf einem Niveau von über 60.
hud.agenda.task.sau_sunni_relations.title,Verbesserung der regionalen Beziehungen
hud.agenda.task.sau_tech_infrastructure.description,Baue mindestens 35 Technologieanlagen.
hud.agenda.task.sau_tech_infrastructure.title,Technische Infrastruktur aufbauen
hud.agenda.task.sau_tech_research.description,Führen Sie mindestens 8 technologische Forschungsarbeiten durch.
hud.agenda.task.sau_tech_research.title,Forschung und Entwicklung im Bereich Technologie
hud.agenda.task.sau_us_alliance_pact.description,Die positiven Beziehungen zu den Vereinigten Staaten auf einem Niveau von über 70 halten.
hud.agenda.task.sau_us_alliance_pact.title,Partnerschaft mit den USA
hud.agenda.task.sau_us_trade.description,Unterzeichnung eines Handelsabkommens mit den Vereinigten Staaten.
hud.agenda.task.sau_us_trade.title,US-Handelsabkommen
hud.agenda.task.sau_vision_gdp.description,"Ein BIP von mindestens 1,2 Billionen Dollar erreichen."
hud.agenda.task.sau_vision_gdp.title,Ziel der wirtschaftlichen Diversifizierung
hud.agenda.task.sau_vision_infrastructure.description,Errichten Sie mindestens 60 moderne Infrastruktureinrichtungen.
hud.agenda.task.sau_vision_infrastructure.title,Megaprojekte realisieren
hud.agenda.task.sau_vision_research.description,Führen Sie mindestens 10 technologische Forschungsarbeiten durch.
hud.agenda.task.sau_vision_research.title,Investitionen in Technologie
hud.agenda.task.sau_yemen_air.description,Mindestens 300 Kampfflugzeuge für Einsätze bereitstellen.
hud.agenda.task.sau_yemen_air.title,Luftangriffe
hud.agenda.task.sau_yemen_coalition.description,Pflege Bündnisse mit mindestens zwei Koalitionspartnern.
hud.agenda.task.sau_yemen_coalition.title,Koalition im Jemen
hud.agenda.task.sign_agreement.body,"Schließen Sie ein Abkommen oder Handelsabkommen ab, das mit dem aktuellen Ziel im Einklang steht."
hud.agenda.task.sign_agreement.title,Eine strategische Vereinbarung unterzeichnen
hud.agenda.task.stabilize_treasury.body,"Passen Sie die Mittelzuweisung so an, dass {0} ohne negativen Monatssaldo weitergeführt werden kann."
hud.agenda.task.stabilize_treasury.title,Staatsfinanzen stabilisieren
hud.agenda.task.tur_aegean_espionage.description,Führe eine Spionagemission in Griechenland durch.
hud.agenda.task.tur_aegean_espionage.title,Informationen zu Griechenland
hud.agenda.task.tur_aegean_rival_grc.description,Griechenland offiziell als strategischen Rivalen einzustufen.
hud.agenda.task.tur_aegean_rival_grc.title,Griechenland als Rivalen festlegen
hud.agenda.task.tur_aegean_ships.description,"Stelle eine Flotte von mindestens 30 Schiffen auf, um die Ägäis zu beherrschen."
hud.agenda.task.tur_aegean_ships.title,Marine erweitern
hud.agenda.task.tur_balkan_embassy_alb.description,Eine Botschaft in Albanien eröffnen.
hud.agenda.task.tur_balkan_embassy_alb.title,Botschaft in Albanien
hud.agenda.task.tur_balkan_guarantee_xkx.description,Die Unabhängigkeit des Kosovo sichern.
hud.agenda.task.tur_balkan_guarantee_xkx.title,Garantie für den Kosovo
hud.agenda.task.tur_balkan_trade_bih.description,Ein Handelsabkommen mit Bosnien und Herzegowina abschließen.
hud.agenda.task.tur_balkan_trade_bih.title,Handel mit Bosnien
hud.agenda.task.tur_defense_build.description,"Errichte mindestens 8 Gebäude, die Waffenfabriken und Forschungs- und Entwicklungszentren darstellen."
hud.agenda.task.tur_defense_build.title,Aufbau eines militärisch-industriellen Komplexes
hud.agenda.task.tur_defense_research.description,Führe mindestens drei technologische Forschungsarbeiten durch.
hud.agenda.task.tur_defense_research.title,Forschung im Bereich Militärtechnologien
hud.agenda.task.tur_defense_trade_agreements.description,Handelsabkommen mit mindestens drei Ländern abschließen.
hud.agenda.task.tur_defense_trade_agreements.title,Waffenexportgeschäfte
hud.agenda.task.tur_energy_build_infra.description,"Errichte mindestens 5 Gebäude, um die Kapazität der Pipeline und der Raffinerie zu erweitern."
hud.agenda.task.tur_energy_build_infra.title,Energieinfrastruktur aufbauen
hud.agenda.task.tur_energy_trade_aze.description,Ein Handelsabkommen mit Aserbaidschan über den Gastransit abschließen.
hud.agenda.task.tur_energy_trade_aze.title,Handelsabkommen mit Aserbaidschan
hud.agenda.task.tur_energy_treasury.description,Durch Energieübertragungsgebühren und Handel sollen 50 Milliarden Dollar an Staatsmitteln eingenommen werden.
hud.agenda.task.tur_energy_treasury.title,Grow Treasury
hud.agenda.task.tur_kurd_build.description,Errichte mindestens 3 Gebäude in Grenzregionen.
hud.agenda.task.tur_kurd_build.title,Grenzen sichern
hud.agenda.task.tur_kurd_espionage_irq.description,Führen Sie nachrichtendienstliche Operationen im Nordirak durch.
hud.agenda.task.tur_kurd_espionage_irq.title,Geheimdienstinformationen zum Irak
hud.agenda.task.tur_kurd_recruit.description,Mindestens 200 Panzer für den Einsatz im Südosten vorhalten.
hud.agenda.task.tur_kurd_recruit.title,Garnisonsprovinzen an der Grenze
hud.agenda.task.tur_mediation_embassies.description,Eröffnung von Botschaften in mindestens fünf Ländern.
hud.agenda.task.tur_mediation_embassies.title,Diplomatisches Netzwerk
hud.agenda.task.tur_mediation_relations.description,"Unterhalte Beziehungen zu mindestens drei Ländern, deren Wert über 50 liegt."
hud.agenda.task.tur_mediation_relations.title,Gute Beziehungen auf breiter Ebene
hud.agenda.task.tur_mit_embassies_multi.description,Eröffnung von Botschaften in mindestens vier Ländern zur Tarnung für nachrichtendienstliche Zwecke.
hud.agenda.task.tur_mit_embassies_multi.title,Netzwerk zur Tarnung von Geheimdienstmitarbeitern
hud.agenda.task.tur_mit_espionage_multi.description,Führe Spionageoperationen in mindestens drei Ländern durch.
hud.agenda.task.tur_mit_espionage_multi.title,Spionagemissionen starten
hud.agenda.task.tur_nato_ally_usa.description,Das Bündnis mit den Vereinigten Staaten aufrechterhalten.
hud.agenda.task.tur_nato_ally_usa.title,Das Bündnis mit den USA aufrechterhalten
hud.agenda.task.tur_nato_guarantee_geo.description,"Die Unabhängigkeit Georgiens sichern, um die russische Expansion zu verhindern."
hud.agenda.task.tur_nato_guarantee_geo.title,Garantie Georgia
hud.agenda.task.tur_nato_relations_deu.description,Die Beziehungen zu Deutschland auf über 40 verbessern.
hud.agenda.task.tur_nato_relations_deu.title,Die Beziehungen zu Deutschland verbessern
hud.agenda.task.tur_ncyp_build_base.description,"Errichte Gebäude auf zyprischem Gebiet, um deine Position zu festigen."
hud.agenda.task.tur_ncyp_build_base.title,Errichtung eines Militärstützpunkts auf Zypern
hud.agenda.task.tur_ncyp_own_provinces.description,"Besitze mindestens zwei Provinzen, die ursprünglich zu Zypern gehörten."
hud.agenda.task.tur_ncyp_own_provinces.title,Kontrolle über die zyprischen Provinzen
hud.agenda.task.tur_ncyp_recruit_navy.description,"Stelle eine Flotte von mindestens 20 Schiffen auf, um die Vorherrschaft im östlichen Mittelmeer zu erlangen."
hud.agenda.task.tur_ncyp_recruit_navy.title,Entsendung der Mittelmeerflotte
hud.agenda.task.tur_ncyp_relations_gbr.description,"Halten Sie die Beziehungen zum Vereinigten Königreich auf einem Niveau von über 30, um den internationalen Druck zu mildern."
hud.agenda.task.tur_ncyp_relations_gbr.title,Die Beziehungen zu Großbritannien pflegen
hud.agenda.task.tur_neo_ottoman_balkan_sphere.description,Bringen Sie Albanien in Ihren Einflussbereich.
hud.agenda.task.tur_neo_ottoman_balkan_sphere.title,Sphere Albanien
hud.agenda.task.tur_neo_ottoman_embassy_bih.description,Eine diplomatische Vertretung in Bosnien und Herzegowina einrichten.
hud.agenda.task.tur_neo_ottoman_embassy_bih.title,Eröffnung der Botschaft in Bosnien
hud.agenda.task.tur_neo_ottoman_recruit.description,"Mindestens 500 Panzer beschaffen, um die militärische Präsenz in der gesamten Region zu stärken."
hud.agenda.task.tur_neo_ottoman_recruit.title,Expeditionsstreitkräfte aufstellen
hud.agenda.task.tur_neo_ottoman_syria_war.description,"Syrien den Krieg erklären, um eine Pufferzone einzurichten."
hud.agenda.task.tur_neo_ottoman_syria_war.title,In Syrien eingreifen
hud.agenda.task.tur_sunni_ally_pak.description,Ein Militärbündnis mit Pakistan schließen.
hud.agenda.task.tur_sunni_ally_pak.title,Bündnis mit Pakistan
hud.agenda.task.tur_sunni_embassy_qat.description,Eine Botschaft in Katar eröffnen.
hud.agenda.task.tur_sunni_embassy_qat.title,Botschaft in Katar
hud.agenda.task.tur_sunni_espionage_irn.description,Starte eine Spionagemission gegen den Iran.
hud.agenda.task.tur_sunni_espionage_irn.title,Spionageabwehr gegen den Iran
hud.agenda.task.tur_tech_gdp.description,"Das BIP auf über 1,5 Billionen Dollar steigern, um die Forschung zu finanzieren."
hud.agenda.task.tur_tech_gdp.title,Wirtschaftsstiftung
hud.agenda.task.tur_tech_research.description,Führe mindestens 5 technologische Forschungsarbeiten durch.
hud.agenda.task.tur_tech_research.title,Forschungsprojekte abschließen
hud.agenda.task.tur_turkic_ally_aze.description,Ein militärisches Bündnis mit Aserbaidschan schließen.
hud.agenda.task.tur_turkic_ally_aze.title,Bündnis mit Aserbaidschan
hud.agenda.task.tur_turkic_embassy_kaz.description,Eine diplomatische Vertretung in Zentralasien einrichten.
hud.agenda.task.tur_turkic_embassy_kaz.title,Eröffnung der Botschaft in Kasachstan
hud.agenda.task.tur_turkic_sphere_kgz.description,Bringen Sie Kirgisistan in Ihren Einflussbereich.
hud.agenda.task.tur_turkic_sphere_kgz.title,Sphere Kirgisistan
hud.agenda.task.tur_turkic_trade_uzb.description,Ein Handelsabkommen mit Usbekistan schließen.
hud.agenda.task.tur_turkic_trade_uzb.title,Handel mit Usbekistan
hud.agenda.task.twn_asym_missiles.description,Schließe mindestens 10 Waffenforschungen ab.
hud.agenda.task.twn_asym_missiles.title,Raketenarsenal
hud.agenda.task.twn_asym_personnel.description,Mindestens 300.000 aktive Soldaten vorhalten.
hud.agenda.task.twn_asym_personnel.title,Reservekräfte
hud.agenda.task.twn_cyber_intel.description,Spionageoperationen gegen China durchführen.
hud.agenda.task.twn_cyber_intel.title,Cyber-Intelligence
hud.agenda.task.twn_cyber_research.description,Führe mindestens 8 Cyber-Recherchen durch.
hud.agenda.task.twn_cyber_research.title,Cybertechnologie
hud.agenda.task.twn_defense_air.description,Mindestens 400 Kampfflugzeuge einsetzen.
hud.agenda.task.twn_defense_air.title,Luftverteidigung
hud.agenda.task.twn_defense_navy.description,Mindestens 50 Kriegsschiffe einsetzen.
hud.agenda.task.twn_defense_navy.title,Marineabwehr
hud.agenda.task.twn_defense_personnel.description,Mindestens 200.000 aktive Soldaten für die Verteidigung vorhalten.
hud.agenda.task.twn_defense_personnel.title,Streitkräfte
hud.agenda.task.twn_defense_us.description,Die Beziehungen zu den USA auf über 85 verbessern.
hud.agenda.task.twn_defense_us.title,US-Allianz
hud.agenda.task.twn_diplo_embassies.description,Richte Botschaften in mindestens 10 Ländern ein.
hud.agenda.task.twn_diplo_embassies.title,Diplomatische Vertretung
hud.agenda.task.twn_diplo_relations.description,Verbessere die Beziehungen zu mindestens 15 Ländern auf über 60.
hud.agenda.task.twn_diplo_relations.title,Die Beziehungen verbessern
hud.agenda.task.twn_econ_infrastructure.description,Baue mindestens 40 strategische Einrichtungen.
hud.agenda.task.twn_econ_infrastructure.title,Kritische Infrastruktur
hud.agenda.task.twn_econ_reserves.description,Die Liquiditätsreserven sollen über 50 Milliarden Dollar gehalten werden.
hud.agenda.task.twn_econ_reserves.title,Finanzielle Rücklagen
hud.agenda.task.twn_quad_japan.description,Die Beziehungen zu Japan auf über 75 verbessern.
hud.agenda.task.twn_quad_japan.title,Beziehungen zu Japan
hud.agenda.task.twn_quad_usa.description,Die Beziehungen zu den USA auf über 85 verbessern.
hud.agenda.task.twn_quad_usa.title,Beziehungen zu den USA
hud.agenda.task.twn_resist_intel.description,Spionageoperationen gegen China durchführen.
hud.agenda.task.twn_resist_intel.title,Spionageabwehr
hud.agenda.task.twn_resist_military.description,Mindestens 250.000 aktive Soldaten vorhalten.
hud.agenda.task.twn_resist_military.title,Militärische Einsatzbereitschaft
hud.agenda.task.twn_resist_missiles.description,Schließe mindestens 8 Waffenforschungen ab.
hud.agenda.task.twn_resist_missiles.title,Schiffsabwehrraketen
hud.agenda.task.twn_semi_gdp.description,Ein BIP von mindestens 800 Milliarden Dollar erreichen.
hud.agenda.task.twn_semi_gdp.title,Technologiegetriebenes BIP
hud.agenda.task.twn_semi_infrastructure.description,Mindestens 50 Halbleiterfabriken errichten.
hud.agenda.task.twn_semi_infrastructure.title,Hervorragende Infrastruktur
hud.agenda.task.twn_semi_research.description,Führen Sie mindestens 15 Forschungsprojekte im Bereich Spitzentechnologie durch.
hud.agenda.task.twn_semi_research.title,Halbleiterforschung
hud.agenda.task.twn_soft_gdp.description,Ein BIP von mindestens 850 Milliarden Dollar erreichen.
hud.agenda.task.twn_soft_gdp.title,Wirtschaftlicher Erfolg
hud.agenda.task.twn_soft_relations.description,Verbessere die Beziehungen zu mindestens 12 Demokratien auf über 70.
hud.agenda.task.twn_soft_relations.title,Demokratische Allianz
hud.agenda.task.twn_tech_facilities.description,Baue mindestens 30 Forschungseinrichtungen.
hud.agenda.task.twn_tech_facilities.title,F&E-Infrastruktur
hud.agenda.task.twn_tech_research.description,Führe mindestens 20 technologische Recherchen durch.
hud.agenda.task.twn_tech_research.title,Technologieforschung
hud.agenda.task.ukr_air_aircraft.description,Stelle mindestens 80 Flugzeuge für die Luftüberlegenheit bereit.
hud.agenda.task.ukr_air_aircraft.title,Luftflotte aufbauen
hud.agenda.task.ukr_air_research.description,Schließe mindestens zwei Forschungsprojekte im Bereich Militärtechnologie ab.
hud.agenda.task.ukr_air_research.title,Luft- und Raumfahrtforschung
hud.agenda.task.ukr_arms_ally_gbr.description,Schließe ein Bündnis mit dem Vereinigten Königreich.
hud.agenda.task.ukr_arms_ally_gbr.title,Britische Allianz
hud.agenda.task.ukr_arms_guarantee_multi.description,Erhalten Sie Unabhängigkeitsgarantien von mindestens zwei westlichen Staaten.
hud.agenda.task.ukr_arms_guarantee_multi.title,Sicherheitsgarantien
hud.agenda.task.ukr_arms_trade_pol.description,Schließen Sie ein Handelsabkommen mit Polen über Lieferwege ab.
hud.agenda.task.ukr_arms_trade_pol.title,Polnischer Waffenkorridor
hud.agenda.task.ukr_bsc_ally_rou.description,Schließe ein Militärbündnis mit Rumänien.
hud.agenda.task.ukr_bsc_ally_rou.title,Bündnis mit Rumänien
hud.agenda.task.ukr_bsc_dpact_geo.description,Schließt einen Verteidigungspakt mit Georgien.
hud.agenda.task.ukr_bsc_dpact_geo.title,Verteidigungspakt mit Georgien
hud.agenda.task.ukr_bsc_embassy_bgr.description,Eine Botschaft in Bulgarien eröffnen.
hud.agenda.task.ukr_bsc_embassy_bgr.title,Botschaft in Bulgarien
hud.agenda.task.ukr_court_embassies.description,"Botschaften in mindestens sechs Ländern eröffnen, um internationale Unterstützung zu gewinnen."
hud.agenda.task.ukr_court_embassies.title,Diplomatische Kampagne
hud.agenda.task.ukr_court_relations.description,Verbessere die Beziehungen zu mindestens vier Ländern auf über 50.
hud.agenda.task.ukr_court_relations.title,Internationale Unterstützung gewinnen
hud.agenda.task.ukr_crimea_espionage.description,"Führe Spionagemissionen gegen Russland durch, um Informationen über die Lage auf dem Schlachtfeld zu sammeln."
hud.agenda.task.ukr_crimea_espionage.title,Erkenntnisse über russische Stellungen
hud.agenda.task.ukr_crimea_navy.description,Baue mindestens 15 Schiffe für Marineoperationen rund um die Krim.
hud.agenda.task.ukr_crimea_navy.title,Wiederaufbau der Schwarzmeerflotte
hud.agenda.task.ukr_crimea_provinces.description,Du musst mindestens 5 Provinzen in der Krim-Region besitzen.
hud.agenda.task.ukr_crimea_provinces.title,Kontrolle über die Provinzen der Krim
hud.agenda.task.ukr_energy_build.description,Errichte mindestens 6 Gebäude für die Energieinfrastruktur.
hud.agenda.task.ukr_energy_build.title,Kraftwerke bauen
hud.agenda.task.ukr_energy_research.description,Führe mindestens zwei technologische Forschungsarbeiten zum Thema Energie durch.
hud.agenda.task.ukr_energy_research.title,Energieforschung
hud.agenda.task.ukr_eu_ally_deu.description,Im Rahmen der EU-Integration einen Verteidigungspakt mit Deutschland schließen.
hud.agenda.task.ukr_eu_ally_deu.title,Bündnis mit Deutschland
hud.agenda.task.ukr_eu_ally_usa.description,Ein Militärbündnis mit den Vereinigten Staaten schließen.
hud.agenda.task.ukr_eu_ally_usa.title,Bündnis mit den USA
hud.agenda.task.ukr_eu_embassy_multi.description,Eröffnung von Botschaften in mindestens fünf europäischen Ländern.
hud.agenda.task.ukr_eu_embassy_multi.title,Europäisches Diplomatisches Netzwerk
hud.agenda.task.ukr_eu_relations_fra.description,Die Beziehungen zu Frankreich auf über 60 verbessern.
hud.agenda.task.ukr_eu_relations_fra.title,Französischer Support
hud.agenda.task.ukr_fortify_build.description,Errichte mindestens 8 Gebäude in den östlichen Provinzen.
hud.agenda.task.ukr_fortify_build.title,Befestigungsanlagen errichten
hud.agenda.task.ukr_fortify_troops.description,Mindestens 400 aktive militärische Einheiten vorhalten.
hud.agenda.task.ukr_fortify_troops.title,Garnison Ostfront
hud.agenda.task.ukr_grain_build_port.description,"Errichte mindestens 5 Gebäude, um die Hafen- und Landwirtschaftskapazitäten wiederherzustellen."
hud.agenda.task.ukr_grain_build_port.title,Wiederaufbau der Hafeninfrastruktur
hud.agenda.task.ukr_grain_trade_tur.description,Ein Handelsabkommen mit der Türkei über die Durchfahrt durch den Bosporus abschließen.
hud.agenda.task.ukr_grain_trade_tur.title,Zugang zur Meerenge von Bosporus
hud.agenda.task.ukr_grain_treasury.description,Durch Getreide- und Rohstoffexporte 25 Milliarden Dollar an Devisen einnehmen.
hud.agenda.task.ukr_grain_treasury.title,Exporteinnahmen
hud.agenda.task.ukr_reclaim_air_power.description,Baue eine Luftwaffe mit mindestens 50 Flugzeugen auf.
hud.agenda.task.ukr_reclaim_air_power.title,Luftunterstützung anfordern
hud.agenda.task.ukr_reclaim_own_provinces.description,"Mindestens 10 Provinzen zurückerobern, die ursprünglich zur Ukraine gehörten."
hud.agenda.task.ukr_reclaim_own_provinces.title,Die ukrainischen Provinzen zurückerobern
hud.agenda.task.ukr_reclaim_recruit_armor.description,Setzen Sie für die Gegenoffensive mindestens 300 Panzer ein.
hud.agenda.task.ukr_reclaim_recruit_armor.title,Panzertruppen mobilisieren
hud.agenda.task.ukr_reclaim_war_russia.description,"Führe Krieg gegen Russland, um die Besatzung anzufechten."
hud.agenda.task.ukr_reclaim_war_russia.title,Besiege die russischen Streitkräfte
hud.agenda.task.ukr_reconstruct_build.description,Errichte mindestens 10 Gebäude in der ganzen Ukraine.
hud.agenda.task.ukr_reconstruct_build.title,Infrastruktur wiederaufbauen
hud.agenda.task.ukr_reconstruct_gdp.description,Das BIP auf über 300 Milliarden Dollar steigern.
hud.agenda.task.ukr_reconstruct_gdp.title,Wirtschaftlicher Aufschwung
hud.agenda.task.ukr_sbu_espionage.description,Führe Spionagemissionen gegen mindestens zwei feindliche Länder durch.
hud.agenda.task.ukr_sbu_espionage.title,Spionageabwehrmaßnahmen
hud.agenda.task.ukr_sbu_relations_allies.description,Verbesserung der Beziehungen zu wichtigen Geheimdienstpartnern über 50.
hud.agenda.task.ukr_sbu_relations_allies.title,Austausch von Informationen
hud.agenda.task.ukr_tech_gdp.description,Das BIP auf über 250 Milliarden Dollar steigern.
hud.agenda.task.ukr_tech_gdp.title,Wirtschaftswachstum
hud.agenda.task.ukr_tech_research.description,Führe mindestens 4 technologische Forschungsarbeiten durch.
hud.agenda.task.ukr_tech_research.title,Technologiebasis
hud.agenda.task.usa_china_espionage.description,Spionageoperationen gegen China durchführen.
hud.agenda.task.usa_china_espionage.title,Dem chinesischen Geheimdienst entgegenwirken
hud.agenda.task.usa_china_infrastructure.description,Mindestens 60 Halbleiter- und Technologieanlagen errichten.
hud.agenda.task.usa_china_infrastructure.title,Chipfertigung
hud.agenda.task.usa_china_research.description,Führen Sie mindestens 15 Forschungsprojekte im Bereich Spitzentechnologie durch.
hud.agenda.task.usa_china_research.title,Technologieführerschaft
hud.agenda.task.usa_cyber_ops.description,Führe Spionage gegen mindestens 10 Gegner durch.
hud.agenda.task.usa_cyber_ops.title,Offensive Cyberoperationen
hud.agenda.task.usa_cyber_research.description,Schließe mindestens 8 Forschungsprojekte im Bereich der Informationstechnologie ab.
hud.agenda.task.usa_cyber_research.title,Forschung und Entwicklung im Bereich Cybertechnologie
hud.agenda.task.usa_dollar_gdp.description,Das BIP auf über 30 Billionen Dollar halten.
hud.agenda.task.usa_dollar_gdp.title,Wirtschaftsstiftung
hud.agenda.task.usa_dollar_trade.description,Handelsabkommen mit mindestens 20 Ländern abschließen.
hud.agenda.task.usa_dollar_trade.title,Globales Handelsnetzwerk
hud.agenda.task.usa_dollar_treasury.description,Die Liquiditätsreserven sollen über 500 Milliarden Dollar gehalten werden.
hud.agenda.task.usa_dollar_treasury.title,Finanzielle Stabilität
hud.agenda.task.usa_hegemony_alliances.description,Pflege Bündnisse mit mindestens 15 Ländern weltweit.
hud.agenda.task.usa_hegemony_alliances.title,Globales Allianz-Netzwerk
hud.agenda.task.usa_hegemony_gdp.description,Das BIP auf über 28 Billionen Dollar halten.
hud.agenda.task.usa_hegemony_gdp.title,Wirtschaftliche Vorherrschaft
hud.agenda.task.usa_hegemony_military.description,Weltweit mindestens 300.000 aktive Soldaten einsetzen.
hud.agenda.task.usa_hegemony_military.title,Unübertroffene Militärmacht
hud.agenda.task.usa_indopac_alliances.description,Schließen Sie Bündnisse mit mindestens vier Partnern im indopazifischen Raum.
hud.agenda.task.usa_indopac_alliances.title,Allianzen im indopazifischen Raum
hud.agenda.task.usa_indopac_fleet.description,Mindestens 200 Kriegsschiffe im Pazifik stationieren.
hud.agenda.task.usa_indopac_fleet.title,Vorherrschaft der Pazifikflotte
hud.agenda.task.usa_indopac_taiwan.description,Die Sicherheit Taiwans gewährleisten.
hud.agenda.task.usa_indopac_taiwan.title,Verteidigt Taiwan
hud.agenda.task.usa_iran_coalition.description,Schließe Bündnisse mit mindestens zwei Partnern aus dem Nahen Osten.
hud.agenda.task.usa_iran_coalition.title,Bildung einer Koalition zur Eindämmung
hud.agenda.task.usa_iran_intelligence.description,Spionageoperationen gegen den Iran durchführen.
hud.agenda.task.usa_iran_intelligence.title,Das iranische Programm überwachen
hud.agenda.task.usa_iran_military.description,Mindestens 100 Kampfflugzeuge im Nahen Osten stationieren.
hud.agenda.task.usa_iran_military.title,Regionale Militärpräsenz
hud.agenda.task.usa_latam_relations.description,Pflege positive Beziehungen (>50) zu mindestens fünf lateinamerikanischen Staaten.
hud.agenda.task.usa_latam_relations.title,Die Beziehungen verbessern
hud.agenda.task.usa_latam_trade.description,Handelsabkommen mit mindestens sechs lateinamerikanischen Ländern unterzeichnen.
hud.agenda.task.usa_latam_trade.title,Wirtschaftliche Integration
hud.agenda.task.usa_mideast_embassies.description,Unterhalte diplomatische Vertretungen in mindestens acht Staaten des Nahen Ostens.
hud.agenda.task.usa_mideast_embassies.title,Diplomatische Vertretung
hud.agenda.task.usa_mideast_israel.description,Die strategische Allianz mit Israel aufrechterhalten.
hud.agenda.task.usa_mideast_israel.title,Ein starkes Bündnis mit Israel
hud.agenda.task.usa_mideast_trade.description,Handelsabkommen mit mindestens fünf Partnern aus dem Nahen Osten unterzeichnen.
hud.agenda.task.usa_mideast_trade.title,Wirtschaftspartnerschaften
hud.agenda.task.usa_military_air.description,Mindestens 2.500 Kampfflugzeuge einsetzen.
hud.agenda.task.usa_military_air.title,Luftüberlegenheit
hud.agenda.task.usa_military_fleet.description,"Mindestens 300 Kriegsschiffe, darunter 11 Superflugzeugträger, vorhalten."
hud.agenda.task.usa_military_fleet.title,Seemacht
hud.agenda.task.usa_military_research.description,Schließe mindestens 12 fortgeschrittene militärische Forschungsprojekte ab.
hud.agenda.task.usa_military_research.title,Vorsprung in der Militärtechnologie
hud.agenda.task.usa_nato_alliances.description,Allianzen mit mindestens 10 NATO-Mitgliedstaaten aufrechterhalten.
hud.agenda.task.usa_nato_alliances.title,Die NATO stärken
hud.agenda.task.usa_nato_defense.description,Verträge über gegenseitige Verteidigung mit mindestens acht NATO-Verbündeten abschließen.
hud.agenda.task.usa_nato_defense.title,Verpflichtungen zur gegenseitigen Verteidigung
hud.agenda.task.usa_nato_ukraine.description,Die Unabhängigkeit der Ukraine sichern.
hud.agenda.task.usa_nato_ukraine.title,Unterstützt die Ukraine
hud.agenda.task.usa_russia_guarantee.description,Die Garantien sollten auf mindestens drei an Russland angrenzende Staaten ausgeweitet werden.
hud.agenda.task.usa_russia_guarantee.title,Garantie Osteuropa
hud.agenda.task.usa_russia_intel.description,Spionageoperationen gegen Russland durchführen.
hud.agenda.task.usa_russia_intel.title,Russische Aktivitäten beobachten
hud.agenda.task.usa_semi_infra.description,Errichten Sie mindestens 50 Halbleiterfabriken.
hud.agenda.task.usa_semi_infra.title,Chipfabriken errichten
hud.agenda.task.usa_semi_research.description,Führen Sie mindestens 12 technologische Forschungsarbeiten durch.
hud.agenda.task.usa_semi_research.title,Fortgeschrittene Chip-Forschung und -Entwicklung
hud.agenda.task.usa_space_funding.description,Die Liquiditätsreserven sollen über 400 Milliarden Dollar gehalten werden.
hud.agenda.task.usa_space_funding.title,Raumfahrtprogramme finanzieren
hud.agenda.task.usa_space_research.description,Schließe mindestens 10 fortgeschrittene Weltraumforschungen ab.
hud.agenda.task.usa_space_research.title,Forschung und Entwicklung im Bereich Weltraumtechnologie
hud.agenda.toast.goal_complete_desc,{0} — Alle Schritte abgeschlossen. Belohnungen gutgeschrieben.
hud.agenda.toast.goal_complete_title,Ziel erreicht!
hud.agenda.toast.task_progress,Schritt abgeschlossen ({0}/{1})
hud.agenda.type.control,Steuerung
hud.agenda.type.diplomatic,Diplomatisch
hud.agenda.type.economic,Wirtschaft
hud.agenda.type.military,Militär
hud.agenda.type.stability,Stabilität
hud.agenda.type.technology,Technologie
hud.ai.alliance_broken,Das Bündnis ist zerbrochen
hud.ai.alliance_broken_desc,{0} hat sein Bündnis mit {1} aufgelöst.
hud.ai.alliance_formed,Allianz gegründet
hud.ai.alliance_formed_desc,{0} ist eine Allianz mit {1} eingegangen.
hud.ai.nuclear_launch,NUKLEARER START GESICHERT
hud.ai.nuclear_launch_desc,{0} hat einen Atomschlag gegen {1} gestartet!
hud.ai.peace_offer,Friedensangebot
hud.ai.peace_offer_desc,{0} hat {1} einen Friedensvorschlag unterbreitet.
hud.ai.reason.deferred_global_war_cap,Zurückgestellt: Globale Kriegsobergrenze ({0}/Tag) erreicht
hud.ai.reason.executed_score,Ausgeführt: Partitur {0:F2}
hud.ai.reason.failed_command_execution,Fehlgeschlagen: Die Befehlsausführung hat den Wert „false“ zurückgegeben
hud.ai.reason.rejected_max_actions,Abgelehnt: Maximale Anzahl von Aktionen ({0}) überschritten
hud.ai.sanctions_imposed,Verhängte Sanktionen
hud.ai.sanctions_imposed_desc,{0} hat Sanktionen gegen {1} verhängt.
hud.ai.war_declared,Kriegserklärung
hud.ai.war_declared_desc,{0} hat {1} den Krieg erklärt!
hud.air.composition,Einheiten: {0}  Jäger: {1}  Angriff: {2}
hud.air.idle,Leerlauf
hud.air.mission_label,Mission: {0}
hud.air.range_provinces,Geltungsbereich: {0:0.#} Provinzen
hud.air.wing_name,Luftflügel #{0}
hud.alert.budget_deficit,Haushaltsdefizit
hud.alert.construction_complete,Bau abgeschlossen
hud.alert.defcon_changed,DEFCON geändert
hud.alert.desc.budget_deficit,Finanzministerium: ${0:N0}. Ausgaben senken oder Einnahmen steigern.
hud.alert.desc.defcon_changed,DEFCON {0}. Die militärische Bereitschaft wurde erhöht.
hud.alert.desc.diplomatic_requests,"{0}: Es liegen noch offene diplomatische Anfragen vor, die Ihre Antwort erfordern."
hud.alert.desc.events_pending,{0} ausstehende Ereignisse erfordern Ihre Aufmerksamkeit.
hud.alert.desc.high_debt,"Die Schuldenquote liegt bei {0:F0} % und damit über 100 %. Um die Haushaltslage wieder ins Gleichgewicht zu bringen, müssen die Ausgaben gesenkt oder die Einnahmen erhöht werden."
hud.alert.desc.high_inflation,"Die Inflation liegt mit {0:F1} % über der Zielobergrenze von {1:F1} %. Straffen Sie die Geldpolitik und erwägen Sie den Einsatz des „Reserve Shield“ aus dem Staatshaushalt, um die Stabilisierung zu beschleunigen."
hud.alert.desc.high_inflation.reserve_hint,Vorgeschlagener Transfer des Reserve-Schilds: {0}.
hud.alert.desc.high_war_exhaustion,"Kriegsmüdigkeit: {0:F1} %. Zieh in Betracht, Frieden zu suchen."
hud.alert.desc.low_stability,Stabilität: {0:F1}. Gefahr von Unruhen und Staatsstreichen.
hud.alert.desc.no_active_goal,"Setzen Sie sich ein nationales Ziel, um Fortschritte zu verfolgen und Belohnungen zu erhalten."
hud.alert.desc.no_research,"Es wird derzeit keine Technologie erforscht. Weisen Sie Forschungsarbeiten zu, um den Anschluss nicht zu verlieren."
hud.alert.desc.resource_shortage,"Baugeschwindigkeit {0:F0} %, Rekrutierungskosten {1:F0} %, Unruhedruck +{2:F1} %. Strategische Einsatzmöglichkeiten gesperrt: {3}. Sichern Sie Importe oder die heimische Produktion, um die Produktionsleistung wiederherzustellen."
hud.alert.diplomatic_requests,DIPLOMATISCHE ANFRAGEN
hud.alert.events_pending,Anstehende Veranstaltungen
hud.alert.filter_all,ALLE
hud.alert.filter_diplomacy,Diplomatie
hud.alert.filter_economy,Wirtschaft
hud.alert.filter_military,MIL
hud.alert.go_to,Weiter zu
hud.alert.high_debt,Überschuldung
hud.alert.high_defcon,DEFCON erhöht
hud.alert.high_inflation,Hohe Inflation
hud.alert.high_unrest,Große Unruhen
hud.alert.high_war_exhaustion,Starke Kriegserschöpfung
hud.alert.idle_armies,Untätige Armeen
hud.alert.low_stability,Geringe Stabilität
hud.alert.negative_treasury,Negative Staatsanleihe
hud.alert.no_active_goal,Kein aktives Ziel
hud.alert.no_research,Keine laufenden Forschungsarbeiten
hud.alert.resource_shortage,Ressourcenknappheit
hud.alert.war_declared,Kriegserklärung!
hud.army_tooltip.country,LAND
hud.army_tooltip.total_strength,GESAMTSTÄRKE
hud.army_tooltip.unknown_force,Unbekannte Kraft
hud.auto.1000m,Eine Milliarde Dollar
hud.auto.10_gdp,Ein Wachstum des BIP um zehn Prozent
hud.auto.12_months,12 Monate
hud.auto.12_units,12 Stück
hud.auto.1st_army,1. Armee
hud.auto.2_in_queue,2 in der Warteschlange
hud.auto.3_months,3 Monate
hud.auto.5_production,+5 % Produktion
hud.auto.action,AKTION
hud.auto.activate_counter_intelligence,Spionageabwehr aktivieren
hud.auto.active,Aktiv
hud.auto.agenda,TAGESORDNUNG
hud.auto.air_superiority,Luftüberlegenheit
hud.auto.air_wing,Luftflügel
hud.auto.air_wing_0,Flugstaffel Nr. 0
hud.auto.allies,VERBÜNDETE
hud.auto.army,ARMEE
hud.auto.army_1,Armee #?
hud.auto.art_5,ART. 5
hud.auto.assign_mission,MISSION ZUWEISEN
hud.auto.attack,ANGRIFF
hud.auto.attacked_by,angegriffen von
hud.auto.autosaving,WIRD AUTOMATISCH GESPEICHERT...
hud.auto.build,Erstellen
hud.auto.building,GEBÄUDE
hud.auto.building_name,GEBÄUDENAME
hud.auto.cancel,ABBRECHEN
hud.auto.cancel_mission,Mission abbrechen
hud.auto.casus_belli,CASUS BELLI
hud.auto.close_air_support,Luftnahunterstützung
hud.auto.confirm,BESTÄTIGEN
hud.auto.continue_playing,WEITERSPIELEN
hud.auto.cost_1000,Kosten: 1000
hud.auto.could_not_read_save_data,Die gespeicherten Daten konnten nicht gelesen werden.
hud.auto.country,LAND
hud.auto.declare_war,Den Krieg erklären
hud.auto.defcon,DEFCON
hud.auto.defcon_5,DEFCON 5
hud.auto.defeat,NIEDERLAGE
hud.auto.demolish,Abriss
hud.auto.detail_panel_content_will_be_loaded_here,Der Inhalt des Detailfensters wird hier geladen.
hud.auto.detailed_description_of_the_event_goes_here,Hier folgt die detaillierte Beschreibung der Veranstaltung.
hud.auto.dev_level,ENTWICKLUNGSSTUFE
hud.auto.diplomacy,DIPLOMATIE
hud.auto.dorlion_interactive,DORLION INTERACTIVE
hud.auto.economy,WIRTSCHAFT
hud.auto.enemy_allies,Feinde und Verbündete
hud.auto.event,VERANSTALTUNG
hud.auto.event_description_goes_here,Hier kommt die Beschreibung der Veranstaltung.
hud.auto.event_description_goes_here_this_can_be_multiple_lines_of_text_explaining_the_situation,"Hier steht die Beschreibung der Veranstaltung. Dies können mehrere Zeilen Text sein, in denen die Situation erläutert wird."
hud.auto.event_title,VERANSTALTUNGSTITEL
hud.auto.event_title_1,Veranstaltungstitel
hud.auto.explored,ENTDECKT
hud.auto.final_score,ENDSTAND
hud.auto.fleet,FLOTTE
hud.auto.force_comparison,Kraftvergleich
hud.auto.gdp,BIP
hud.auto.gdp_1,BIP
hud.auto.geopolitical_crisis,GEOPOLITISCHE KRISE
hud.auto.global_protocol,GLOBALES PROTOKOLL
hud.auto.global_search,GLOBALE SUCHE
hud.auto.go,Los
hud.auto.hp_100,HP 100 %
hud.auto.icbm,Interkontinentalrakete
hud.auto.inactive,Inaktiv
hud.auto.infrastructure,INFRASTRUKTUR
hud.auto.initializing_protocols,PROTOKOLLE WERDEN INITIALISIERT...
hud.auto.intelligence,INTELLIGENZ
hud.auto.invalid,UNGÜLTIG
hud.auto.invalid_save,Speichern fehlgeschlagen
hud.auto.invite_allies,VERBÜNDETE EINLADEN
hud.auto.jan_01_2026,1. Januar 2026
hud.auto.label,ETIKETT
hud.auto.label_1,Etikett
hud.auto.launch_nuclear_strike,ATOMANGREIF STARTEN
hud.auto.ledger,HAUSHALTSBUCH
hud.auto.lv_1,Stufe 1
hud.auto.lv_1_1,Stufe 1
hud.auto.main_menu,HAUPTMENÜ
hud.auto.manpower,MANNSTÄRKE:
hud.auto.military,MILITÄR
hud.auto.missile_defense,RAKETENABWEHR
hud.auto.missing_funds,Fehlende Gelder
hud.auto.mission_idle,Mission: Leerlauf
hud.auto.morale,MORAL
hud.auto.morale_100,MORAL 100 %
hud.auto.move,BEWEGEN
hud.auto.my_allies,Ruft die Verbündeten in den Krieg
hud.auto.n_a,Nicht zutreffend
hud.auto.naval_strike,Seeangriff
hud.auto.no,NEIN
hud.auto.no_adversary,KEIN GEGNER
hud.auto.nuclear_winter,ATOMARER WINTER
hud.auto.outcome.advantage,Vorteil: +{0}%
hud.auto.outcome.disadvantage,Nachteil: -{0}%
hud.auto.outcome.even,Ausgeglichene Kräfte
hud.auto.outliner,ÜBERSICHT
hud.auto.overview,ÜBERBLICK
hud.auto.owner,Eigentümer
hud.auto.panel,PANEL
hud.auto.paused,PAUSE
hud.auto.paused_ribbon,SPIEL UNTERBROCHEN
hud.auto.peace,FRIEDEN
hud.auto.pop,Pop
hud.auto.pop_1,Pop:
hud.auto.population,BEVÖLKERUNG
hud.auto.president_recep_tayyip_erdogan,Präsident Recep Tayyip Erdogan
hud.auto.press_esc_to_close,"Drücke die ESC-Taste, um das Fenster zu schließen"
hud.auto.province,Provinz
hud.auto.province_0,Provinz Nr. 0
hud.auto.provinces,PROVINZEN
hud.auto.radiation,STRAHLUNG
hud.auto.range,Reichweite: --
hud.auto.range_3_provinces,Umfang: ~3 Provinzen
hud.auto.readiness,Bereitschaft:
hud.auto.reconnaissance,Aufklärung
hud.auto.recruitment,STELLENANGEBOTE
hud.auto.research,FORSCHUNG
hud.auto.resource,RESSOURCE
hud.auto.sandbox_mode,SANDBOX-MODUS
hud.auto.save_load,SPEICHERN/LADEN
hud.auto.search_f,SUCHEN [F]
hud.auto.select_a_save_to_preview,"Wählen Sie eine gespeicherte Datei aus, um eine Vorschau anzuzeigen"
hud.auto.slbm,SLBM
hud.auto.split_army_drag_sliders_to_set_new_army_composition,"SPLIT ARMY – Ziehe die Schieberegler, um eine neue Armee-Zusammensetzung festzulegen"
hud.auto.strategic_bombing,Strategische Bombardierung
hud.auto.t1,T1
hud.auto.tech_name,TECHNISCHE BEZEICHNUNG
hud.auto.technology,TECHNOLOGIE
hud.auto.total,Insgesamt
hud.auto.total_detonations,GESAMTZAHL DER SPRENGUNGEN
hud.auto.treasury,FINANZMINISTERIUM
hud.auto.treasury_1,FINANZMINISTERIUM:
hud.auto.turkey,Türkei
hud.auto.u2014,—
hud.auto.u2022,•
hud.auto.u231a,⌚
hud.auto.u25b2,▲
hud.auto.u25b6,▶
hud.auto.u25bc,▼
hud.auto.u2620,☠
hud.auto.u2693_load_slbms,SLBMs laden
hud.auto.u26a0,⚠
hud.auto.u2713,✓
hud.auto.u2715,✕
hud.auto.u2717,✗
hud.auto.ud83d_udcca,📊
hud.auto.unexplored,UNERFORSCHT
hud.auto.unit,EINHEIT
hud.auto.units,Einheiten: —
hud.auto.units_0,Stück: 0
hud.auto.unknown,Unbekannt
hud.auto.unknown_date,Datum unbekannt
hud.auto.unrest,UNRUHE
hud.auto.upgrade,Upgrade
hud.auto.victory,SIEG
hud.auto.visible,SICHTBAR
hud.auto.vs,gegen
hud.auto.war_details,KRIEGSDETAILS
hud.auto.war_score_0,KRIEGSBILANZ: 0 %
hud.auto.warheads,SPRENGKÖPFE
hud.auto.wars,KRIEGE
hud.building.tooltip.produces,Erzeugt
hud.building.tooltip.requires,Erfordert
hud.building.tooltip.unlocks,Freischaltungen
hud.capital.ai_lost_body,{0} hat sein Kapital verloren. Neues Kapital: {1}.
hud.capital.ai_lost_title,KAPITALGEWINN
hud.capital.log_impact,Staatliche Aufgaben und stabilitätsfördernde Effekte wurden in die neue Hauptstadt verlagert.
hud.capital.log_who_player,Ihr Land
hud.capital.log_why_forced,Die ehemalige Hauptstadt wurde von einem Feind eingenommen.
hud.capital.log_why_voluntary,Die Hauptstadt wurde von der Regierung freiwillig verlegt.
hud.capital.lost_toast_body,Die Hauptstadt wurde nach {0} verlegt.
hud.capital.lost_toast_title,KAPITALGEWINN
hud.capital.moved_toast_body,Das Kapital wurde erfolgreich nach {0} verlagert.
hud.capital.moved_toast_title,KAPITALVERLAGERUNG
hud.chart.axis_infra,INFRA
hud.chart.axis_military,MILITÄR
hud.chart.axis_tech,TECH
hud.common.error,Fehler
hud.common.in_queue_count,{0} In der Warteschlange
hud.common.names_plus_more,{0} +{1} mehr
hud.common.none,KEINE
hud.confirm.no,ABBRECHEN
hud.confirm.title,AKTION BESTÄTIGEN
hud.confirm.yes,BESTÄTIGEN
hud.country.active_research,AKTUELLE FORSCHUNG
hud.country.back,◄ ZURÜCK ZU {0}
hud.country.bud_research,FORSCHUNG %
hud.country.bud_social,SOZIAL %
hud.country.bud_tax,STEUERSATZ
hud.country.budget,MITTELZUWEISUNG
hud.country.chart_growth,WIRTSCHAFTSWACHSTUM
hud.country.chart_mil,MILITÄRAUSGABEN
hud.country.chart_power,NATIONALER MACHTINDEX
hud.country.corruption,KORRUPTION
hud.country.demo_area,GEBIET
hud.country.demo_continent,KONTINENT
hud.country.demo_section,Demografie
hud.country.demographics,Demografie
hud.country.econ_debt,Schuldenquote
hud.country.econ_hdi,Hochleistungsspritzguss
hud.country.econ_inflation,INFLATION
hud.country.econ_section,WIRTSCHAFT
hud.country.economy,WIRTSCHAFT
hud.country.gov_section,REGIERUNG
hud.country.gov_type,TYP
hud.country.government,REGIERUNG
hud.country.ideology,IDEOLOGIE
hud.country.mil_artillery,ARTILLERIE
hud.country.mil_nukes,NUKES
hud.country.mil_reserve,RESERVIEREN
hud.country.mil_section,MILITÄR
hud.country.mil_ships,SCHIFFE
hud.country.mil_tanks,TANKS
hud.country.military,MILITÄR
hud.country.power_index,NATIONALER MACHTINDEX
hud.country.stability,STABILITÄT
hud.country.trade,HANDEL
hud.country.trade_imports,IMPORTE
hud.country.trade_section,HANDEL
hud.country.trade_tariff,PREISLISTE
hud.cta.accept_desc,Schließe dich dem Kampf gegen {0} an. Deine Allianz wird geehrt werden.
hud.cta.accept_header,ANRUF ANNEHMEN
hud.cta.attacked_by,angegriffen von
hud.cta.break_consequence,Deine Garantie ist erloschen. Es wird ein Ansehensmalus verhängt. Deine Beziehungen leiden darunter.
hud.cta.break_guarantee_btn,GARANTIE BRECHEN
hud.cta.casus_belli,CASUS BELLI: {0}
hud.cta.guarantee_called_body,"{0} hat {1} angegriffen, dessen Unabhängigkeit du garantiert hast."
hud.cta.guarantee_called_title,GARANTIE IN ANSPRUCH GENOMMEN
hud.cta.honor,BÜNDNIS EHREN
hud.cta.honor_consequence,"Du wirst in den Krieg gegen {0} ziehen, um {1} zu verteidigen."
hud.cta.honor_guarantee_btn,GARANTIE EHREN
hud.cta.refuse,ABLEHNEN
hud.cta.refuse_desc,Beende das Bündnis mit {0}. Du verlierst dadurch an Stabilität und Ansehen.
hud.cta.refuse_header,AUFRUF ABLEHNEN
hud.cta.title,Aufruf zu den Waffen
hud.declare_war.vs_target,VS {0}
hud.defcon.elevated,ERHÖHT
hud.defcon.exchange,BÖRSE
hud.defcon.imminent,VOR DER TÜR
hud.defcon.label,DEFCON {0}
hud.defcon.mobilized,MOBILISIERT
hud.defcon.no_adversary,KEIN GEGNER
hud.defcon.non_nuclear,NICHT-NUKLEAR
hud.defcon.peace,FRIEDEN
hud.defcon.primary_adversary,HAUPTGEGNER: Entität #{0}
hud.defcon.standby,STANDBY
hud.diplo.actions_section,DIPLOMATISCHE MASSNAHMEN
hud.diplo.ae_coalition,AGGRESSIVE EXPANSION UND KOALITION
hud.diplo.ae_perceptions,AE-Wahrnehmungen
hud.diplo.ae_score,AE-SCORE
hud.diplo.agreements_section,VEREINBARUNGEN
hud.diplo.ai_broke_guarantee,{0} hat seine Garantie gegenüber {1} nicht eingehalten.
hud.diplo.ai_honored_guarantee,"{0} kam seiner Verpflichtung nach und erklärte {1} den Krieg, um {2} zu verteidigen."
hud.diplo.alliance_type.ally,ALLY
hud.diplo.alliance_type.collective_def,KOLLEKTIVE DEFINITION
hud.diplo.alliance_type.defense_pact,VERTEIDIGUNGSPAKT
hud.diplo.alliance_type.economic,WIRTSCHAFTLICH
hud.diplo.alliance_type.intl_org,Internationale Organisation
hud.diplo.alliance_type.military,MILITÄR
hud.diplo.alliance_type.political,POLITISCH
hud.diplo.alliance_type.trade,HANDEL
hud.diplo.alliances_section,PARTNERSCHAFTEN
hud.diplo.allied,⚔
hud.diplo.allies_may_join,Mögliche Verbündete: {0}
hud.diplo.at_war,☠
hud.diplo.battles_won,GEWONNENE SCHLACHTEN
hud.diplo.bloc_exit_penalty,Ausstiegsstrafe: {0:F0}%
hud.diplo.bloc_leader,Leiter
hud.diplo.bloc_member,Mitglied
hud.diplo.blocked.title,{0} — Nicht verfügbar
hud.diplo.break_alliance,ALLIANZ AUFLÖSEN
hud.diplo.cancel_improve_relations,ABBRECHEN BEZIEHUNGEN VERBESSERN
hud.diplo.cancel_nap,NICHTANGRIFFSPAKT AUFHEBEN
hud.diplo.cancel_trade,HANDELSABKOMMEN AUFHEBEN
hud.diplo.casus_belli,CB: {0}
hud.diplo.cb_coalition_war,Koalitionskrieg
hud.diplo.cb_defense,Defensiv
hud.diplo.cb_desc.coalition_war,Schließen Sie sich einer Koalition gegen eine aggressiv expandierende Macht an.
hud.diplo.cb_desc.honor_guarantee,"Erfüllen Sie Ihre Verpflichtung zur Wahrung der Unabhängigkeit einer Nation, die angegriffen wird."
hud.diplo.cb_desc.humiliation,"Schwäche das Ansehen des Ziels und zwinge es dazu, den Status eines Rivalen zu akzeptieren."
hud.diplo.cb_desc.ideological,"Erzwinge einen Regimewechsel, um die Regierung des Ziels deiner Ideologie anzupassen."
hud.diplo.cb_desc.liberation,Befreie ein besetztes oder unterdrücktes Volk aus der Herrschaft des Ziels.
hud.diplo.cb_desc.reconquest,"Erobert Gebiete zurück, die historisch gesehen zu eurer Nation gehören."
hud.diplo.cb_desc.territorial,Erobere bestimmte Provinzen des Zielstaates.
hud.diplo.cb_honor_guarantee,Ehrengarantie
hud.diplo.cb_humiliation,Demütigung
hud.diplo.cb_ideological,Ideologisch
hud.diplo.cb_liberation,Befreiung
hud.diplo.cb_none,Keine
hud.diplo.cb_reconquest,Rückeroberung
hud.diplo.cb_territorial,Gebietsanspruch
hud.diplo.coalition,Koalition
hud.diplo.coalition_active,AKTIV
hud.diplo.coalition_members,Mitglieder der Koalition
hud.diplo.coalition_none,Keine
hud.diplo.coalition_sanction,Sanktion der Koalition verhängen
hud.diplo.coalition_status,STATUS DER KOALITION
hud.diplo.compliant,konform
hud.diplo.composite_score,GESAMTWERTUNG
hud.diplo.confirm.break_alliance,Das Bündnis mit {0} aufkündigen? Dies hat erhebliche negative Auswirkungen auf die Beziehungen zur Folge.
hud.diplo.confirm.cancel_improve,Die Verbesserung der Beziehungen zu {0} abbrechen?
hud.diplo.confirm.cancel_nap,Den Nichtangriffspakt mit {0} aufkündigen?
hud.diplo.confirm.cancel_trade,Handelsabkommen mit {0} kündigen?
hud.diplo.confirm.form_alliance,Ein Militärbündnis mit {0} eingehen?
hud.diplo.confirm.improve,"Einen Diplomaten entsenden, um die Beziehungen zu {0} zu verbessern?"
hud.diplo.confirm.insult,{0} beleidigen? Das würde die Beziehungen erheblich beeinträchtigen.
hud.diplo.confirm.join_bloc,Dem Handelsblock über {0} beitreten?
hud.diplo.confirm.leave_bloc,Den derzeitigen Handelsblock verlassen?
hud.diplo.confirm.lift_sanction,Sollten die Wirtschaftssanktionen gegen {0} aufgehoben werden?
hud.diplo.confirm.nap,Einen Nichtangriffspakt mit {0} vorschlagen?
hud.diplo.confirm.open_embassy,Eine Botschaft in {0} eröffnen?
hud.diplo.confirm.recall_embassy,Ihre Botschaft aus {0} abberufen?
hud.diplo.confirm.sanction,Sollen Sanktionen gegen {0} verhängt werden? Dies wird den Handel einschränken und die Beziehungen beeinträchtigen.
hud.diplo.confirm.trade,Ein Handelsabkommen mit {0} vorschlagen?
hud.diplo.confirm_aid_package,Möchtest du wirklich ein Hilfspaket an {0} senden?
hud.diplo.confirm_coalition_sanction,Sollte eine multilaterale Koalition Sanktionen gegen {0} verhängen?
hud.diplo.confirm_currency_manip,Versuchte Währungsmanipulation gegen {0}?
hud.diplo.confirm_debt_trap,{0} einen hochverzinslichen Wucherkredit anbieten?
hud.diplo.confirm_peace,{0} Frieden anbieten?
hud.diplo.confirm_trade_war,Sollen die Handelsbeschränkungen zu einem Handelskrieg mit {0} eskalieren?
hud.diplo.confirm_treaty,Den ausgewählten multilateralen Vertrag vorschlagen?
hud.diplo.confirm_un_membership,Soll {0} für die UN-Mitgliedschaft vorgeschlagen werden?
hud.diplo.confirm_unsc_sanction,Eine Resolution des UN-Sicherheitsrats zur Verhängung von Sanktionen gegen {0} vorschlagen?
hud.diplo.confirm_war,{0} den Krieg erklären? Verbündete könnten zu den Waffen gerufen werden.
hud.diplo.context.independent_action,Separate diplomatische Maßnahme: Dieser Vorschlag wird unabhängig von Missionen zur Verbesserung der Beziehungen bewertet.
hud.diplo.currency_manipulation,WÄHRUNGSMANIPULATION
hud.diplo.debt_trap_loan,"KREDIT, DER IN EINE SCHULDENFALLE FÜHRT"
hud.diplo.declare_war,Den Krieg erklären
hud.diplo.defense_pact,Verteidigungsabkommen
hud.diplo.designate_rival,RIVALEN BENENNEN
hud.diplo.diplomatic_weight,DIPLOMATISCHES GEWICHT
hud.diplo.economic_warfare_section,WIRTSCHAFTSKRIEG
hud.diplo.escalate_trade_war,ESKALATION DES HANDELSKRIEGS
hud.diplo.ew_aid_received,HILFE ERHALTEN
hud.diplo.ew_debt_outstanding,AUSSTEHENDE VERBINDLICHKEITEN
hud.diplo.ew_inflation,AUSWIRKUNGEN DER INFLATION
hud.diplo.ew_none,Keine
hud.diplo.ew_trade_war,STAND DES HANDELSKRIEGS
hud.diplo.gp_no,Von
hud.diplo.gp_rank,RANG
hud.diplo.gp_status,GROSSE MACHT
hud.diplo.gp_yes,Ja
hud.diplo.great_power_sphere,Großmacht & Einflusssphäre
hud.diplo.guarantee,Garantie
hud.diplo.guarantee_failed_body,Die Unabhängigkeit von {0} kann nicht garantiert werden – die Voraussetzungen sind nicht erfüllt.
hud.diplo.guarantee_failed_title,KANN NICHT GARANTIERT WERDEN
hud.diplo.guarantee_independence,UNABHÄNGIGKEIT SICHERN
hud.diplo.guarantee_revoked_body,Die Unabhängigkeitsgarantie für {0} wurde widerrufen.
hud.diplo.guarantee_revoked_title,GARANTIE AUFGEHOBEN
hud.diplo.guarantee_row,{0} (läuft ab am {1})
hud.diplo.guarantee_success_body,Die Unabhängigkeit von {0} ist nun gewährleistet.
hud.diplo.guarantee_success_title,GARANTIE FESTGELEGT
hud.diplo.guarantees_given,GEWÄHRTE GARANTIEN
hud.diplo.guarantees_received,ERHALTENE GARANTIEN
hud.diplo.has_treaty,VERFÜGT ÜBER EIN ABKOMMEN
hud.diplo.header_country,LAND
hud.diplo.header_relation,BEZIEHUNG
hud.diplo.header_value,WERT
hud.diplo.impose_sanctions,VERHÄNGT SANKTIONEN
hud.diplo.improve_relations,DIE BEZIEHUNGEN VERBESSERN
hud.diplo.insult,INSULT
hud.diplo.international_section,INTERNATIONAL
hud.diplo.join_coalition,DER KOALITION BEITRETEN
hud.diplo.join_trade_bloc,WERDE MITGLIED BEI TRADE BLOC
hud.diplo.leave_coalition,KOALITION VERLASSEN
hud.diplo.leave_trade_bloc,AUS DEM HANDELSBUND AUSTRITTEN
hud.diplo.lift_sanctions,Sanktionen aufheben
hud.diplo.membership_failed,ABGELEHNT
hud.diplo.membership_failed_counts,ABGELEHNT ({0} dafür / {1} dagegen / {2} Vetos)
hud.diplo.membership_passed,ZUR UN ZUGELASSEN
hud.diplo.membership_passed_counts,In die UNO aufgenommen ({0} Ja-Stimmen / {1} Nein-Stimmen / {2} Vetos)
hud.diplo.membership_stage_completed,Abgeschlossen
hud.diplo.membership_stage_confirmation,Bestätigung des Bewerbers
hud.diplo.membership_stage_ratification,Abstimmung über die Ratifizierung
hud.diplo.modifier.alliance_member,Allianzmitglied
hud.diplo.modifier.at_war,Im Krieg
hud.diplo.modifier.backed_rebels,Unterstützte Rebellen
hud.diplo.modifier.broke_guarantee,Garantie bei Zahlungsunfähigkeit
hud.diplo.modifier.coalition_target,Ziel der Koalition
hud.diplo.modifier.diff_ideology,Unterschiedliche Ideologie
hud.diplo.modifier.gift_sent,Zu spät verschickt
hud.diplo.modifier.guaranteed_ind,Garantierte Unabhängigkeit
hud.diplo.modifier.honored_guarantee,Garantieversprechen
hud.diplo.modifier.insult_sent,Beleidigung gesendet
hud.diplo.modifier.nuke_nearby,Atomexplosion in der Nähe
hud.diplo.modifier.past_war,Vergangener Krieg
hud.diplo.modifier.province_taken,Provinz eingenommen
hud.diplo.modifier.returned_prov,Zurückgekehrte Provinz
hud.diplo.modifier.rival,Rival
hud.diplo.modifier.same_ideology,Gleiche Ideologie
hud.diplo.modifier.sanctions_applied,Verhängte Sanktionen
hud.diplo.modifier.sanctions_recv,Verhängte Sanktionen
hud.diplo.modifier.sphere_left,Sphäre verlassen
hud.diplo.modifier.sphere_member,Sphären-Mitglied
hud.diplo.modifier.spy_caught,Spion überführt
hud.diplo.modifier.trade_partner,Handelspartner
hud.diplo.ms_enforcers,Enforcers: {0}
hud.diplo.ms_evasion,Umgehungsquote
hud.diplo.ms_fatigue,Strafe wegen Ermüdung
hud.diplo.ms_proposer,Vorgeschlagen von: {0}
hud.diplo.multilateral,Multilateral
hud.diplo.multilateral_sanction,Multilaterale Sanktion
hud.diplo.multilateral_sanctions_section,MULTILATERALE SANKTIONEN
hud.diplo.nap,NICHTANGRIFFSPAKT
hud.diplo.no_ae_observers,Keine AE-Beobachter
hud.diplo.no_alliances,Keine Bündnisse.
hud.diplo.no_coalition_members,Keine Koalitionspartner
hud.diplo.no_guarantees,Es wurden keine Garantien erteilt
hud.diplo.no_guarantees_given,Es werden keine Garantien gegeben
hud.diplo.no_membership_proposals,Keine aktuellen Vorschläge zur Mitgliedschaft
hud.diplo.no_multilateral_sanctions,Keine multilateralen Sanktionen.
hud.diplo.no_ongoing_votings,Derzeit finden keine Abstimmungen statt
hud.diplo.no_opinion_modifiers,Keine aktiven Modifikatoren
hud.diplo.no_org_memberships,Keine Mitgliedschaften
hud.diplo.no_relations,Keine diplomatischen Beziehungen.
hud.diplo.no_resolutions,Keine aktiven Beschlüsse
hud.diplo.no_rivals,Keine ausgewiesenen Konkurrenten
hud.diplo.no_sphere_members,Keine Mitglieder in dieser Gruppe
hud.diplo.no_states,Es gibt keine aktiven diplomatischen Staaten.
hud.diplo.no_trade_blocs,Keine Mitgliedschaft in Handelsblöcken.
hud.diplo.no_treaties,Es bestehen keine geltenden Verträge.
hud.diplo.no_wars,Keine laufenden Kriege.
hud.diplo.non_compliant,Nicht konform
hud.diplo.none,Keine
hud.diplo.offer_nap,Vorschlag für einen Nichtangriffspakt
hud.diplo.offer_peace,FRIEDEN SCHAFFEN
hud.diplo.offer_trade,ANGEBOT ZUM HANDELSABKOMMEN
hud.diplo.ongoing_votings,LAUFENDE ABSTIMMUNGEN
hud.diplo.open_embassy,BOTSCHAFT ERÖFFNEN
hud.diplo.open_un_command_center,UN-Einsatzzentrale öffnen
hud.diplo.opinion_decay,(verfällt {0}/Tag)
hud.diplo.opinion_expiry,(läuft ab {0})
hud.diplo.opinion_modifiers,MEINUNGSMODIFIKATOREN
hud.diplo.opinion_row_label,{0}: {1}
hud.diplo.org_memberships,INTERNATIONALE ORGANISATIONEN
hud.diplo.our_relation,UNSERE BEZIEHUNG
hud.diplo.persona_non_grata,Persona non grata
hud.diplo.prestige,PRESTIGE
hud.diplo.prestige_econ,WIRTSCHAFTLICHES ANSEHEN
hud.diplo.prestige_mil,MILITÄRISCHES ANSEHEN
hud.diplo.prestige_org,ORG PRESTIGE
hud.diplo.propose_alliance,VORSCHLAG EINER ALLIANZ
hud.diplo.propose_treaty,EINEN VERTRAG VORSCHLAGEN
hud.diplo.propose_un_membership,Vorschlag für eine UN-Mitgliedschaft
hud.diplo.propose_unsc_sanction,VORSCHLAG FÜR EINE SANKTION DES UN-Sicherheitsrats
hud.diplo.proposed_by,vorgeschlagen von
hud.diplo.provinces_occupied,BESETZTE PROVINZEN
hud.diplo.reason.allied,Ein Verbündeter kann nicht als Ziel ausgewählt werden
hud.diplo.reason.already_un_member,Das Land ist bereits Mitglied der Vereinten Nationen
hud.diplo.reason.at_war,Derzeit im Krieg
hud.diplo.reason.cooldown,Diese diplomatische Maßnahme wurde kürzlich ergriffen. Sie wird ab {0} wieder zur Verfügung stehen.
hud.diplo.reason.defense_pact,Ein Verteidigungsabkommen verhindert dies
hud.diplo.reason.embassy_relations,Die Beziehungen sind zu angespannt für eine Botschaft (erforderlich: -20 oder besser)
hud.diplo.reason.has_treaty,Es besteht bereits ein Vertrag
hud.diplo.reason.no_cb,Wähle zuerst einen Casus Belli aus
hud.diplo.reason.not_at_war,Kein Krieg
hud.diplo.reason.not_unsc_member,Erfordert die Mitgliedschaft im UN-Sicherheitsrat
hud.diplo.reason.truce,Aktiver Waffenstillstand
hud.diplo.reason.unavailable,NICHT VERFÜGBAR
hud.diplo.reason.unexplored,Noch unerforschtes Gebiet
hud.diplo.recall_embassy,RÜCKRUF DER BOTSCHAFT
hud.diplo.reduce_ae,DIPLOMATISCHE KOSTENSENKUNG
hud.diplo.relation_cold,KALT
hud.diplo.relation_friendly,FREUNDLICH
hud.diplo.relation_hostile,FEINDLICH
hud.diplo.relation_neutral,NEUTRAL
hud.diplo.relation_warm,WARM
hud.diplo.relations_section,BEZIEHUNGEN
hud.diplo.remove_rival,KONKURRENT AUS DEM WEG RÄUMEN
hud.diplo.request_expired_body,Die Anfrage von {0} ist abgelaufen.
hud.diplo.request_expired_title,{0} Abgelaufen
hud.diplo.res_condemnation,Verurteilung
hud.diplo.res_embargo,Waffenembargo
hud.diplo.res_failed,FEHLGESCHLAGEN
hud.diplo.res_failed_counts,ABGELEHNT ({0} dafür / {1} dagegen / {2} Vetos)
hud.diplo.res_passed,BESTANDEN
hud.diplo.res_passed_counts,ANGENOMMEN ({0} Ja-Stimmen / {1} Nein-Stimmen / {2} Vetos)
hud.diplo.res_peacekeeping,Friedenssicherungsmandat
hud.diplo.res_sanction,Multilaterale Sanktionen
hud.diplo.res_vetoed,VETO von {0}
hud.diplo.res_vetoed_counts,VETO von {0} ({1} dafür / {2} dagegen / {3} Veto)
hud.diplo.res_voting,Abstimmung: {0} Dafür / {1} Dagegen
hud.diplo.response_accepted_body,Du hast {0}s {1} angenommen.
hud.diplo.response_accepted_title,{0} Akzeptiert
hud.diplo.response_rejected_body,Du hast {0}s {1} abgelehnt.
hud.diplo.response_rejected_title,{0} Abgelehnt
hud.diplo.revoke_guarantee,WIDERRUFSRECHT
hud.diplo.rival,Rival
hud.diplo.rival_count,RIVALENZÄHLUNG
hud.diplo.rivals,KONKURRENTEN
hud.diplo.sanction,SANKTION
hud.diplo.sanctions_section,SANKTIONEN
hud.diplo.search_placeholder,Länder filtern...
hud.diplo.select_cb,CASUS BELLI
hud.diplo.select_treaty_type,ART DES VERTRAGS
hud.diplo.send_aid_package,HILFSPAKET VERSENDEN
hud.diplo.sphere_invite,EINLADUNG ZUR SPHÄRE
hud.diplo.sphere_leader,SPHÄRENLEITER
hud.diplo.sphere_members,Sphären-Mitglieder
hud.diplo.sphere_of_influence,Einflussbereich
hud.diplo.sphere_release,AUS DER SPHÄRE ENTLASSEN
hud.diplo.start_trade_war,HANDELSKRIEG BEGINNEN
hud.diplo.states_section,DIPLOMATISCHE VERTRETUNGEN
hud.diplo.trade_active,AKTIVES HANDELSABKOMMEN
hud.diplo.trade_agreement,HANDELSABKOMMEN
hud.diplo.trade_bloc_partner,Handelsblock-Partner
hud.diplo.trade_blocs_section,HANDELSBÜNDNISSE
hud.diplo.trade_export_boost,EXPORTANKURBELUNG
hud.diplo.trade_growth_bonus,BILATERALER WACHSTUMSBONUS
hud.diplo.trade_import_inflation_damp,IMPORTINFLATION GEDÄMPFT
hud.diplo.trade_months_remaining,GÜLTIG BIS
hud.diplo.trade_permanent,STÄNDIG
hud.diplo.trade_tariff_reduction,Zollsenkung
hud.diplo.trade_war,Handelskrieg
hud.diplo.treaties_section,VERTRÄGE
hud.diplo.treaty,Vertrag
hud.diplo.treaty_arms_limitation,Rüstungsbegrenzung
hud.diplo.treaty_climate_agreement,Klimaschutzabkommen
hud.diplo.treaty_defense_pact,Verteidigungsabkommen
hud.diplo.treaty_non_proliferation,Nichtverbreitung
hud.diplo.truce,WAFFENRUHE
hud.diplo.un_membership_proposals,Vorschläge zur UN-Mitgliedschaft
hud.diplo.un_vote_in_panel_hint,Die Steuerung der Abstimmung wurde in die Kommandozentrale der Vereinten Nationen verlegt
hud.diplo.unsc_resolutions,Resolutionen des UN-Sicherheitsrats
hud.diplo.verb.accepted,akzeptiert
hud.diplo.verb.rejected,abgelehnt
hud.diplo.veto,⛔ VETO
hud.diplo.veto_power,VETO
hud.diplo.vision.explored,ENTDECKT
hud.diplo.vision.full,VOLLSTÄNDIG
hud.diplo.vision.none,KEINE
hud.diplo.vote_against,✘ Dagegen stimmen
hud.diplo.vote_for,✔ Für stimmen
hud.diplo.vote_totals_short,Für {0} / Gegen {1} / Vetos {2}
hud.diplo.war_exhaustion,Kriegsmüdigkeit
hud.diplo.war_exhaustion_section,Kriegsmüdigkeit
hud.diplo.war_peace_section,KRIEG UND FRIEDEN
hud.diplo.war_role_allied_participant,ROLLE: PARTNER
hud.diplo.war_role_ally,ROLLE: UNTERSTÜTZUNG FÜR VERBÜNDETE
hud.diplo.war_role_primary,ROLLE: HAUPTKRIEGSFÜHRER
hud.diplo.war_score,KRIEGSBILANZ
hud.diplo.war_score_perspective_player,Dein Zwischenstand
hud.diplo.war_score_perspective_viewed,Länderbewertung anzeigen
hud.diplo.war_score_side_player,deine Seite
hud.diplo.war_score_side_viewed,"die Landschaft, die man sieht"
hud.diplo.war_score_tooltip,"Dieser Balken zeigt den Kriegsstand von {0} an: {1:F0} %. 60 %+ = Sieg, 40–59 % = Patt, unter 40 % = Niederlage. Der Stand wird durch Schlachten, besetzte Provinzen und die Erschöpfung des Gegners bestimmt."
hud.diplo.war_score_tooltip_desc,Perspektive: {0}
hud.diplo.war_score_tooltip_label_drivers,Hauptfaktoren
hud.diplo.war_score_tooltip_label_score,Ergebnis
hud.diplo.war_score_tooltip_label_status,Status
hud.diplo.war_score_tooltip_label_thresholds,Schwellenwerte
hud.diplo.war_score_tooltip_title,KRIEGSBILANZ
hud.diplo.war_score_tooltip_value_drivers,"Schlachten, besetzte Provinzen, Kriegsmüdigkeit des Feindes"
hud.diplo.war_score_tooltip_value_thresholds,"Gewinnquote >= 60 %, Unentschieden 40–59 %, Verlustquote < 40 %"
hud.diplo.war_status_early,Anfangsphase des Krieges
hud.diplo.war_status_losing,Verlieren
hud.diplo.war_status_stalemate,Pattsituation
hud.diplo.war_status_winning,Gewinnen
hud.diplo.wars_section,AKTIVE KRIEGE
hud.diplo.world_order_section,WELTORDNUNG
hud.econ.actual_bldg_cost,BAUKOSTEN
hud.econ.actual_bldg_maint,GEBÄUDEWARTUNG
hud.econ.actual_bonds,Anleiheemission
hud.econ.actual_debt_int,ZINSEN
hud.econ.actual_debt_repayment,SCHULDENRÜCKZAHLUNG
hud.econ.actual_envoy,NET ENVOY-BETRIEB
hud.econ.actual_events,NET EVENTS
hud.econ.actual_expense,Ausgaben
hud.econ.actual_gdp_envoy,ENVOY IMPACT
hud.econ.actual_gdp_events,AUSWIRKUNGEN DER VERANSTALTUNG
hud.econ.actual_gdp_net,NETTO-BIP-DELTA
hud.econ.actual_gdp_resource,Ressourcenabgleich
hud.econ.actual_gdp_section,Komponenten des BIP-Wachstums
hud.econ.actual_income,Einkommen
hud.econ.actual_inf_budget,INFRASTRUKTUR-AUSGABEN
hud.econ.actual_mil_budget,MILITÄRAUSGABEN
hud.econ.actual_mil_maint,MILITÄRISCHE INSTANDHALTUNG
hud.econ.actual_net,NETTOVERÄNDERUNG
hud.econ.actual_other_expense,SONSTIGE AUFWENDUNGEN
hud.econ.actual_other_income,SONSTIGE EINNAHMEN
hud.econ.actual_recruit,REKRUTIERUNGSKOSTEN
hud.econ.actual_refunds,RÜCKERSTATTUNGEN
hud.econ.actual_res_budget,FORSCHUNGSAUSGABEN
hud.econ.actual_reserve_contrib,RÜCKLAGENZULAGE
hud.econ.actual_reserve_spend,RESERVEAUSGABEN
hud.econ.actual_soc_budget,Sozialausgaben
hud.econ.actual_tariff,Zoll-Einnahmen
hud.econ.actual_tax,STEUEREINNAHMEN
hud.econ.alloc_note,Der Steuersatz ist nicht in der Gesamtsumme von 100 % enthalten.
hud.econ.bond_issuance,Anleiheemission
hud.econ.breakdown.imported_pressure,Importierter Druck
hud.econ.breakdown.reserve_shield,Reserveschild
hud.econ.breakdown.stabilization_reserve,Stabilisierungsreserve
hud.econ.budget_section,MITTELZUWEISUNG
hud.econ.budget_status_applied,ANGEWENDET: {0}
hud.econ.budget_status_current,AKTUELL: {0}
hud.econ.budget_status_invalid_over,"DIE AUSGABEN MÜSSEN INSGESAMT 100,0 % BETRAGEN. {0:F1} % ÜBERSCHREITUNG. DER STEUERSATZ IST VON DER AUSGABENSUMME GETRENNT."
hud.econ.budget_status_invalid_remaining,"DIE AUSGABEN MÜSSEN INSGESAMT 100,0 % BETRAGEN. {0:F1} % VERBLEIBEN. DER STEUERSATZ WIRD SEPARAT VON DEN GESAMTAUSGABEN BERECHNET."
hud.econ.budget_status_pending,AUSSTEHEND: {0}
hud.econ.budget_status_ready,"Passen Sie die Schieberegler an, um Ihre Budgetaufteilung zu überprüfen, bevor Sie die Änderungen übernehmen."
hud.econ.budget_status_summary,STEUERN {0:F1} % | MILITÄR {1:F1} % | EINWOHNER {2:F1} % | INFRASTRUKTUR {3:F1} % | SOZIALES {4:F1} % | RESERVE {5:F1} %
hud.econ.budget_status_view_only,NUR ANZEIGEN: Die Bearbeitung des Budgets ist nur für Ihr Land verfügbar.
hud.econ.consumption,VERBRAUCH
hud.econ.debt_payment_apply,ZAHLUNG VORNEHMEN
hud.econ.debt_payment_note,Reduzieren Sie die Staatsverschuldung direkt mit Mitteln aus der Staatskasse. Einmal pro Monat verfügbar.
hud.econ.debt_payment_section,SCHULDENRÜCKZAHLUNG
hud.econ.debt_payment_status_applied,Bezahlt {0}. Schuldenquote: {1} → {2}.
hud.econ.debt_payment_status_cooldown,Die nächste Zahlung ist in {0} Tagen fällig.
hud.econ.debt_payment_status_low_treasury,Zu geringe Liquidität – mindestens zwei Monatsausgaben vorhalten.
hud.econ.debt_payment_status_no_debt,Es sind keine ausstehenden Schulden zu begleichen.
hud.econ.debt_payment_status_ready,Zahlung möglich. Ausreichende Liquidität vorhanden.
hud.econ.debt_payment_status_rejected,Die Zahlung konnte nicht verbucht werden.
hud.econ.debt_service_section,SCHULDENBEDIENUNG
hud.econ.deficit_blocked_uses,GESPERRTE STRATEGISCHE NUTZUNGEN
hud.econ.deficit_construction_speed,BAUGESCHWINDIGKEIT
hud.econ.deficit_no_deficits,Keine aktiven Ressourcenengpässe.
hud.econ.deficit_recruitment_cost,REKRUTIERUNGSKOSTEN
hud.econ.deficit_row_format,{0}: -{1} ({2:0} % Defizit)
hud.econ.deficit_unrest_pressure,UNRUHENDRUCK
hud.econ.deficits_section,RESSOURCENMANGEL
hud.econ.exp_last_month,"Das letzte, {0}."
hud.econ.exp_military,MILITÄR
hud.econ.exp_reserve,RESERVIEREN
hud.econ.exports,EXPORTE
hud.econ.gdp,Bruttoinlandsprodukt
hud.econ.gdp_trend,BIP-Entwicklung
hud.econ.growth,WACHSTUM
hud.econ.guidance.build_reserve,"Bilden Sie eine Stabilisierungsreserve, indem Sie Liquiditätsmittel in den „Reserve Shield“ übertragen, bevor sich die Inflationsspitzen verschärfen."
hud.econ.guidance.deficit_driven,"Die Inflation wird durch das Haushaltsdefizit verursacht. Erhöhen Sie die Steuern oder kürzen Sie die Ausgaben, bis der monatliche Saldo positiv ist."
hud.econ.guidance.import_driven,"Die Inflation wird durch Importe angetrieben. Nutzen Sie „Reserve Shield“-Transfers aus der Staatskasse, vermeiden Sie plötzliche Zollerhöhungen und sichern Sie sich Handelspartner."
hud.econ.guidance.policy_working,"Die Politik zeigt Wirkung. Behalten Sie die restriktive Geldpolitik für 6 bis 12 Monate bei, um die Inflation zu senken, ohne dass es zu einem starken Wachstumseinbruch kommt."
hud.econ.hdi,Hochauflösende Bildgebung
hud.econ.hdi_drivers_label,Teilindizes
hud.econ.hdi_education,Bildungsindex
hud.econ.hdi_health,Gesundheitsindex
hud.econ.hdi_income,Einkommensindex
hud.econ.hdi_trend_chart_label,HDI-Entwicklung (monatlich)
hud.econ.hdi_trend_closed,▶ HDI-Entwicklung
hud.econ.hdi_trend_delta_label,im Vergleich zum Vormonat
hud.econ.hdi_trend_open,▼ HDI-Entwicklung
hud.econ.imports,IMPORTE
hud.econ.inflation,INFLATION
hud.econ.inflation_imported_note,(bedingt durch den Importpreisdruck seitens der Handelspartner)
hud.econ.infra_pct,INFRASTRUKTUR
hud.econ.interest_payment,Zinszahlung
hud.econ.intervention_apply,RESERVESCHILD EINSETZEN
hud.econ.intervention_apply_tooltip,"Kosten: {0} aus der Staatskasse. Staatskasse danach: {1}. Wird direkt in die Stabilisierungsreserve eingezahlt, um die Inflation schneller zu dämpfen."
hud.econ.intervention_note,"Die Staatskasse sollte genutzt werden, um die Stabilisierungsreserven rasch wieder aufzufüllen, wenn die Inflation über dem Zielwert liegt."
hud.econ.intervention_section,NOTFALLMASSNAHMEN
hud.econ.intervention_status_applied,Reserveintervention durchgeführt: {0} injiziert. Stabilisierungsreserve beträgt nun {1}.
hud.econ.intervention_status_no_funds,Maßnahme nicht verfügbar: Die Kassenmittel oder Einnahmen sind zu gering.
hud.econ.intervention_status_not_needed,Ein Eingreifen ist nicht erforderlich: Die Inflation liegt derzeit im Zielkorridor.
hud.econ.intervention_status_ready,Reserve-Intervention bereit. Empfohlene Eingabe: {0}.
hud.econ.intervention_status_rejected,Die Maßnahme wurde bei der Validierung abgelehnt.
hud.econ.intervention_status_unavailable,Maßnahme nicht verfügbar: Die erforderlichen Wirtschaftsdaten fehlen.
hud.econ.intervention_status_view_only,NUR ANZEIGEN: Interventionskontrollen sind nur für Ihr Land verfügbar.
hud.econ.market_summary.row,{0}: {1}
hud.econ.military_pct,MILITÄR
hud.econ.monthly_actuals_closed,▸ MONATLICHE IST-ZAHLEN (LETZTER MONAT)
hud.econ.monthly_actuals_open,▾ MONATLICHE IST-ZAHLEN (LETZTER MONAT)
hud.econ.monthly_expenses,MONATLICHE AUSGABEN
hud.econ.monthly_revenue,MONATLICHER UMSATZ
hud.econ.national_debt,STAATSVERSCHULDUNG
hud.econ.net,Nicht
hud.econ.net_income,REINGEWINN
hud.econ.overview_section,WIRTSCHAFTLICHER ÜBERBLICK
hud.econ.policy_apply,RICHTLINIEN ANWENDEN
hud.econ.policy_error_rejected,Die Aktualisierung der Richtlinie wurde bei der Validierung abgelehnt.
hud.econ.policy_error_target_band,Ungültiger Zielbereich: Der untere Wert muss kleiner oder gleich dem oberen Wert sein.
hud.econ.policy_neutral_rate,NEUTRALRATE
hud.econ.policy_note,"Höhere Zinsen wirken sich positiv auf die Inflation aus, können aber das Wachstum bremsen. Zielvorgaben und geldpolitische Ausrichtung dienen der Stabilisierung."
hud.econ.policy_rate,VERSICHERUNGSPRÄMIE
hud.econ.policy_rate_gap,ZINSGAP
hud.econ.policy_rate_tooltip_easing,Der Zinssatz liegt {0:F1} % unter dem neutralen Niveau. Wachstumsimpuls: ~{3:F2} % pro Monat. Geringere Inflationsresistenz.
hud.econ.policy_rate_tooltip_neutral,Der Zinssatz entspricht dem neutralen Zinssatz. Es ergeben sich keine zusätzlichen Dämpfungswirkungen oder Wachstumseinbußen aufgrund der Zinsdifferenz.
hud.econ.policy_rate_tooltip_tightening,Der Zinssatz liegt um +{0:F1} % über dem neutralen Niveau. Inflationsdämpfung: ~{2:F2} % pro Monat. Wachstumseinbußen: ~{3:F2} % pro Monat.
hud.econ.policy_reset,RÜCKSETZ-RICHTLINIE
hud.econ.policy_section,GELDPOLITIK
hud.econ.policy_stance,POLITISCHE HALTUNG
hud.econ.policy_stance.ease,Leichtigkeit
hud.econ.policy_stance.neutral,Neutral
hud.econ.policy_stance.tighten,Festziehen
hud.econ.policy_status_applied,Angewandte Politik: Zinssatz {0:F1} % | Zielkorridor {1:F1} % bis {2:F1} % | Geldpolitische Ausrichtung {3}.
hud.econ.policy_status_current,Aktuelle Politik: Zinssatz {0:F1} % | Zielkorridor {1:F1} % bis {2:F1} % | Geldpolitische Ausrichtung {3}.
hud.econ.policy_status_pending,Aktuelle Geldpolitik: Leitzins {0:F1} % | Zielkorridor {1:F1} % bis {2:F1} % | Geldpolitische Ausrichtung {3}.
hud.econ.policy_status_synced,Richtlinie synchronisiert.
hud.econ.policy_status_view_only,NUR ANZEIGEN: Die Bearbeitung der Richtlinien ist nur für Ihr Land verfügbar.
hud.econ.policy_target_high,HOHES INFLATIONSZIEL
hud.econ.policy_target_low,NIEDRIGES INFLATIONSZIEL
hud.econ.production,PRODUKTION
hud.econ.res_col_cons,HINWEIS
hud.econ.res_col_eff,Electronic Frontier Foundation
hud.econ.res_col_price,PREIS
hud.econ.res_col_stock,LAGER
hud.econ.research_pct,FORSCHUNG
hud.econ.reserve_contribution,+ DIESEN MONAT
hud.econ.reserve_flow_section,RESERVESTROM
hud.econ.reserve_last_spend,- LETZTE AUSGABE
hud.econ.reserve_pct,RESERVIEREN
hud.econ.reserve_toast_desc,Das Ziel {0} wurde auf {1} Monate festgelegt.
hud.econ.reserve_toast_title,RESERVZIEL AKTUALISIERT
hud.econ.reserves_months,{0} Mo
hud.econ.reserves_none,Es wurden keine Ziele für strategische Reserven festgelegt.
hud.econ.reserves_section,STRATEGISCHE RESERVEN
hud.econ.reset_budget,ZURÜCKSETZEN
hud.econ.resource_short.natural_gas,Erdgas
hud.econ.resource_short.pharmaceuticals,Pharma
hud.econ.resource_short.rare_earths,Seltene Erden
hud.econ.resource_short.refined_petroleum,Ref. Erdöl
hud.econ.resources_section,ROHSTOFFPRODUKTION
hud.econ.sanctions_modifier,HANDELSEFFIZIENZ
hud.econ.social_pct,SOZIALES
hud.econ.stabilization_reserve,STABILISIERUNGSRESERVE
hud.econ.stock_months,{0:F1}{1}
hud.econ.tariff_rate,Zollsatz
hud.econ.tax_income,STEUEREINKÜNFTE
hud.econ.tax_rate,STEUERSATZ
hud.econ.toast_apply_rejected_body,"Die Budgetwerte wurden abgelehnt. Stellen Sie sicher, dass alle Zuweisungen gültig sind und sich auf genau 100 % summieren."
hud.econ.toast_apply_rejected_title,Budget nicht angewendet
hud.econ.toast_invalid_budget_body,"Die Ausgaberegler müssen insgesamt 100 % ergeben, bevor die Einstellung übernommen wird."
hud.econ.toast_invalid_budget_title,Ungültige Budgetzuweisung
hud.econ.trade_balance,HANDELSBILANZ
hud.econ.trade_section,ÜBERBLICK ÜBER DEN HANDEL
hud.econ.treasury,FINANZMINISTERIUM
hud.econ.unemployment,ARBEITSLOSIGKEIT
hud.envoy.activate_signature,Signatur aktivieren
hud.envoy.delta.exposure,Exposition
hud.envoy.delta.gdp,Bruttoinlandsprodukt
hud.envoy.delta.relations,Beziehungen
hud.envoy.delta.target_gdp,Ziel-BIP
hud.envoy.delta.target_treasury,Ziel: Finanzministerium
hud.envoy.delta.treasury,Finanzministerium
hud.envoy.deploy,Bereitstellen
hud.envoy.deploy_target_hint,Bereitstellung auf: {0}. Wählen Sie nach dem Klicken auf „Bereitstellen“ einen Vorgang aus.
hud.envoy.deploy_to_target,Bereitstellungsspezialist
hud.envoy.dismiss,Schließen
hud.envoy.expel,Ausschließen
hud.envoy.foreign_threats,Ausländische Bedrohungen entdeckt
hud.envoy.my_active_envoys,Meine aktiven Botschafter
hud.envoy.no_idle_specialists,Es stehen keine freien Spezialisten zur Verfügung.
hud.envoy.recall,Rückruf
hud.envoy.recruit,Personalvermittler
hud.envoy.recruit_at_capacity,Die Kapazitätsgrenze ist erreicht.
hud.envoy.recruit_foreign_hint,Ergänzt dein Team um einen Spezialisten
hud.envoy.recruit_hint,Hier Spezialisten rekrutieren. Kosten: {0}
hud.envoy.recruit_insufficient_funds,Unzureichende Kassenmittel. Rekrutierungskosten: {0}
hud.envoy.recruit_missing_config,Die Konfiguration für die Envoy-Rekrutierung fehlt in der Szene.
hud.envoy.recruit_no_budget,Für dieses Land liegen keine Haushaltsdaten vor.
hud.envoy.recruit_no_country,Es wurde kein gültiges Spielerland ausgewählt.
hud.envoy.recruit_unavailable,Keine Stellenangebote verfügbar.
hud.envoy.roster_empty,Es wurden noch keine Fachkräfte eingestellt.
hud.envoy.row_status_burned_out,Verbrannt
hud.envoy.row_status_deployed,{0} in {1} – Exposition {2} %
hud.envoy.row_status_idle,Leerlauf – XP {0}
hud.envoy.row_status_recalled,Zurückgerufen (Abklingzeit bis zum Tick {0})
hud.envoy.select_operation,Vorgang auswählen
hud.envoy.tab_label,SPEZIALISTEN
hud.envoy.threat_operation,Operation: {0} – Zecke entdeckt {1}
hud.envoy.threat_origin,Von {0} – Vermutlich {1}
hud.envoy.threats_empty,In Ihrem Land wurden keine ausländischen Gesandten festgestellt.
hud.envoy.tooltip.burnout_penalty,Verbrennungsstrafe
hud.envoy.tooltip.burnout_unknown,Verbrennungsstrafen sind nicht verfügbar.
hud.envoy.tooltip.current_state_header,Aktuelle Umsetzung
hud.envoy.tooltip.deploy,Setze diesen Spezialisten für Leerlauf in dem aktuell angezeigten fremden Land ein.
hud.envoy.tooltip.detection_risk,Erkennungsrisiko
hud.envoy.tooltip.detection_risk_desc,Ausländische Spionageabwehr kann das Netzwerk aufspüren und es unter „Ausländische Bedrohungen“ auflisten.
hud.envoy.tooltip.dismiss,Entferne diesen Spezialisten dauerhaft aus deinem Kader.
hud.envoy.tooltip.effects_header,Wirkungsprofil
hud.envoy.tooltip.expel,"Versuchen Sie, diesen identifizierten ausländischen Fachkräfte auszuweisen."
hud.envoy.tooltip.exposure_curve,Belichtungskurve
hud.envoy.tooltip.failure_effects,Über das Scheitern
hud.envoy.tooltip.ledger_note,Hauptbuch
hud.envoy.tooltip.ledger_recruitment_cost,Wird unter den monatlichen Ist-Zahlen als Einstellkosten verbucht.
hud.envoy.tooltip.max_specialists,Max-Spezialisten
hud.envoy.tooltip.no_direct_bonus,In dieser Phase gibt es keinen direkten Bonus.
hud.envoy.tooltip.recall,Beordern Sie diesen im Ausland eingesetzten Spezialisten zurück in Ihr Land.
hud.envoy.tooltip.recruit,Nimm einen neuen Spezialisten in dein Team auf.
hud.envoy.tooltip.recruit_cost,Rekrutierungskosten
hud.envoy.tooltip.risks_header,Risiko
hud.envoy.tooltip.shared_profile_desc,Die Wahl der Operation ist derzeit rein beschreibender Natur. Die tatsächlichen mechanischen Boni ergeben sich aus dem oben dargestellten Archetyp und Phasenprofil dieses Spezialisten.
hud.envoy.tooltip.shared_profile_note,Betriebsstatus
hud.envoy.tooltip.signature,"Lösen Sie die „Deep State“-Signaturoperation aus, sobald sie verfügbar ist."
hud.envoy.tooltip.success_effects,Über den Erfolg
hud.envoy.tooltip.success_window,Erfolgsfenster
hud.envoy.tooltip.target,Ziel
hud.envoy.usage_hint,"So setzen Sie eine Einheit ein: Öffnen Sie zunächst das Fenster eines anderen Landes. Die Option „Zurückrufen“ wird nur bei Spezialisten angezeigt, die derzeit im Einsatz sind."
hud.event.allies_joined_war,Verbündete traten in den Krieg ein
hud.event.allies_joined_war_desc,{0} ist seinem Bündnis treu geblieben und hat sich dem Krieg gegen {1} angeschlossen
hud.event.ally_joined_war,Ally ist dem Krieg beigetreten
hud.event.ally_joined_war_desc,{0} ist seiner Allianz treu geblieben und hat sich dem Krieg gegen {1} angeschlossen
hud.event.auto_timer,Standardwert automatisch auswählen in {0} Tag(en)…
hud.event.cat_default,VERANSTALTUNG
hud.event.cat_diplomatic_opportunity,DIPLOMATISCHE CHANCE
hud.event.cat_economic_shock,WIRTSCHAFTLICHER SCHOCK
hud.event.cat_geopolitical_crisis,GEOPOLITISCHE KRISE
hud.event.cat_internal_politics,INNENPOLITIK
hud.event.cat_military_incident,MILITÄRISCHER VORFALL
hud.event.cat_natural_disaster,Naturkatastrophe
hud.event.cat_social_cultural,SOZIALES & KULTURELLES
hud.event.cat_technology_breakthrough,TECHNOLOGISCHER DURCHBRUCH
hud.event.click_to_view,"Klicken Sie hier, um die Optionen anzuzeigen"
hud.event.country_joined_war,"Land, das in den Krieg eintrat"
hud.event.country_joined_war_desc,{0} schloss sich {1} im Krieg gegen {2} an
hud.event.effect.add_relation,Beziehungen zwischen {0} und {1}
hud.event.effect.add_treasury,Finanzministerium {0}
hud.event.effect.clear_flag,Löscht ein Ländereignis-Flag
hud.event.effect.declare_war,{0} den Krieg erklären
hud.event.effect.engage_diplomatically,Diplomatische Beziehungen zu {0}
hud.event.effect.fire_event,Löst ein Folgeereignis aus
hud.event.effect.generic,{0}
hud.event.effect.impose_sanction,Sanktionen gegen {0} verhängen
hud.event.effect.lift_sanction,Die Sanktionen gegen {0} aufheben
hud.event.effect.modify_stat,{0} {1}
hud.event.effect.modify_unrest,Unruhen in der Provinz {0}
hud.event.effect.set_flag,Setzt ein Länderevent-Flag
hud.event.effect.withdraw_home,Entschicke die stationierten Armeen ins Heimatgebiet ({0} verfügbar)
hud.event.effect.withdraw_target,Entziehe die stationierten Armeen aus {0} ({1} verfügbar)
hud.event.option_fallback,Option {0}
hud.event.peace_deal,Friedensabkommen
hud.event.peace_deal_desc,{0} und {1} haben ein Friedensabkommen unterzeichnet. Bedingungen: {2}
hud.event.reason.blocked_by_flag,Durch aktuelle Ereignisfahnen blockiert.
hud.event.reason.country_data_unavailable,Keine Daten für dieses Land verfügbar.
hud.event.reason.expired,Diese Option ist abgelaufen.
hud.event.reason.invalid_option,Ungültige Option.
hud.event.reason.missing_flag,Ein erforderliches Ereignisflag fehlt.
hud.event.reason.no_deployed_forces_abroad,"Es sind keine Truppen außerhalb Ihres Hoheitsgebiets stationiert, die abgezogen werden könnten."
hud.event.reason.no_deployed_forces_target,"Im Zielland sind keine Truppen stationiert, die abgezogen werden könnten."
hud.event.reason.no_sanctions_to_lift,Für dieses Ziel sind keine aktiven Sanktionen aufzuheben.
hud.event.reason.not_yet_available,Diese Option ist noch nicht verfügbar.
hud.event.reason.relation_too_high,Die Werte sind für diese Option zu hoch.
hud.event.reason.relation_too_low,Die Werte sind für diese Option zu niedrig.
hud.event.reason.requirements_not_met,Die Anforderungen wurden nicht erfüllt.
hud.event.reason.requires_nuclear,Erfordert nukleare Fähigkeiten.
hud.event.reason.requires_peace,Dazu muss man innerlich im Reinen sein.
hud.event.reason.requires_war,"Voraussetzung ist, dass sich das Land im Krieg befindet."
hud.event.reason.sanction_target_unresolved,Das Sanktionsziel konnte nicht ermittelt werden.
hud.event.reason.sanctions_already_active,Gegen dieses Ziel sind bereits Sanktionen in Kraft.
hud.event.stat.budget_treasury,Finanzministerium
hud.event.stat.economy_gdp,Bruttoinlandsprodukt
hud.event.stat.economy_growth_rate,BIP-Wachstum
hud.event.stat.economy_inflation,Inflation
hud.event.stat.government_corruption,Korruption
hud.event.stat.government_stability,Stabilität
hud.event.stat.military_active_personnel,Arbeitskräfte
hud.event.stat.military_defense_budget,Verteidigungshaushalt
hud.event.stat.resource_food_price,Multiplikator für Lebensmittelpreise
hud.event.stat.resource_global_price,Globaler Preismultiplikator
hud.event.stat.resource_oil_price,Ölpreis-Multiplikator
hud.event.stat.trade_sanctions_modifier,Sanktionsdruck
hud.event.tech_breakthrough,TECHNISCHER DURCHBRUCH
hud.event.tech_breakthrough_desc,Bonus für die Fusionsenergieforschung +15 %
hud.event.tooltip.expected_impact,Erwartete Auswirkungen:
hud.event.trade_agreement,HANDELSABKOMMEN
hud.event.trade_agreement_desc,Einrichtung einer Freihandelszone mit den Nachbarstaaten
hud.event.war_declared,Kriegserklärung!
hud.event.war_declared_desc,{0} hat {1} den Krieg erklärt (CB: {2})
hud.eventlog.detail.fallback_context,Der Ereigniskontext ist teilweise verfügbar.
hud.eventlog.detail.fallback_impact,"Überprüfen Sie die zugehörigen Overlays, um umgehend entsprechende Maßnahmen zu ergreifen."
hud.eventlog.detail.fallback_why,"Diese Entwicklung könnte sich auf Ihre diplomatische, wirtschaftliche oder militärische Planung auswirken."
hud.eventlog.detail.impact_heading,Was Sie sich als Nächstes ansehen sollten:
hud.eventlog.detail.story_with_context,{0} {1}
hud.eventlog.detail.why_heading,Warum das wichtig ist:
hud.eventlog.filter_all,ALLE
hud.eventlog.filter_crisis,KRISE
hud.eventlog.filter_diplomacy,Diplomatie
hud.eventlog.filter_economy,Wirtschaft
hud.eventlog.filter_intelligence,Intel
hud.eventlog.filter_military,MIL
hud.eventlog.filter_politics,POL
hud.eventlog.filter_tech,TECH
hud.global_search.button,SUCHEN [F]
hud.global_search.hint,"Geben Sie mindestens zwei Buchstaben ein, um nach Ländern oder Provinzen zu suchen. Drücken Sie die ESC-Taste, um das Fenster zu schließen."
hud.global_search.placeholder,Länder oder Bundesländer suchen...
hud.global_search.title,GLOBALE SUCHE
hud.inbox.accept,Anfrage annehmen
hud.inbox.ai_trigger.form_alliance,Bewertung des Allianz-Vorschlags
hud.inbox.ai_trigger.generic,Bewertung diplomatischer Vorschläge
hud.inbox.ai_trigger.propose_trade,Bewertung von Handelsangeboten
hud.inbox.ai_trigger.propose_treaty,Bewertung des Vertragsentwurfs
hud.inbox.ai_trigger.sue_for_peace,Bewertung des Friedensangebots
hud.inbox.bulk.accept_all,Alle akzeptieren: {0} ({1})
hud.inbox.bulk.cancel,ABBRECHEN
hud.inbox.bulk.confirm_accept,Alle ausstehenden {0} als {1} übernehmen?
hud.inbox.bulk.confirm_reject,Alle ausstehenden {0} ablehnen? {1}
hud.inbox.bulk.confirm_title,MASSENAKTION BESTÄTIGEN
hud.inbox.bulk.menu_tooltip,Massenaktionen
hud.inbox.bulk.proceed,WEITER
hud.inbox.bulk.reject_all,Alle ablehnen: {0} ({1})
hud.inbox.empty,Es liegen keine ausstehenden Anfragen vor.
hud.inbox.reject,Anfrage ablehnen
hud.inbox.timer_expiring,Läuft ab
hud.inbox.timer_ticks,{0} Tage
hud.inbox.title,DIPLOMATISCHER POSTEINGANG
hud.inbox.toast.alliance_proposal,{0} schlägt ein Bündnis vor.
hud.inbox.toast.call_to_arms,{0} ruft euch zu den Waffen!
hud.inbox.toast.generic,{0} hat eine diplomatische Anfrage gesendet.
hud.inbox.toast.honor_guarantee,{0} steht unter Beschuss – Ihre Garantie ist nun in Kraft getreten!
hud.inbox.toast.nap_proposal,{0} schlägt einen Nichtangriffspakt vor.
hud.inbox.toast.peace_offer,{0} bietet Frieden an.
hud.inbox.toast.trade_proposal,{0} schlägt ein Handelsabkommen vor.
hud.inbox.toast.treaty_proposal,{0} schlägt einen Vertrag vor.
hud.inbox.toast.treaty_proposal_specific,{0} schlägt Ihnen {1} vor.
hud.inbox.toast.un_membership_consideration,{0} schlägt Sie für die Prüfung einer UN-Mitgliedschaft vor.
hud.inbox.toast.un_membership_vote,{0} bittet Sie um Ihre Stimme bei der Wahl zum UN-Mitglied.
hud.inbox.toast_title,DIPLOMATISCHE ANFRAGE
hud.inbox.tooltip.accept.alliance_proposal,Du schließt ein Bündnis mit {0}.
hud.inbox.tooltip.accept.call_to_arms,Du schließt dich dem Krieg deines Verbündeten gegen {0} an.
hud.inbox.tooltip.accept.generic,Die Anfrage wurde angenommen.
hud.inbox.tooltip.accept.honor_guarantee,Du beginnst den Verteidigungskrieg gegen {0}.
hud.inbox.tooltip.accept.nap_proposal,Du unterzeichnest einen Nichtangriffspakt mit {0}.
hud.inbox.tooltip.accept.peace_offer,Der Krieg endet gemäß den vorgeschlagenen Bedingungen sofort.
hud.inbox.tooltip.accept.trade_proposal,Sie unterzeichnen einen Handelsvertrag mit {0}.
hud.inbox.tooltip.accept.treaty_proposal,Sie unterzeichnen den vorgeschlagenen Vertrag mit {0}.
hud.inbox.tooltip.accept.treaty_proposal_specific,Sie unterschreiben {1} mit {0}.
hud.inbox.tooltip.accept.un_membership_consideration,"Sie stimmen zu, dass die Beratung und die Bestätigungsabstimmung beginnen können."
hud.inbox.tooltip.accept.un_membership_vote,Sie stimmen mit JA für die UN-Mitgliedschaft von {0}.
hud.inbox.tooltip.button_accept_desc,Nimm diese Anfrage sofort an.
hud.inbox.tooltip.button_reject_desc,Lehnen Sie diesen Antrag unverzüglich ab.
hud.inbox.tooltip.desc.alliance_proposal,Dieses Land strebt ein formelles Bündnis an.
hud.inbox.tooltip.desc.call_to_arms,"Ein Verbündeter bittet dich, dich an einem laufenden Krieg zu beteiligen."
hud.inbox.tooltip.desc.generic,Prüfen Sie dieses diplomatische Ersuchen und wählen Sie Ihre Antwort aus.
hud.inbox.tooltip.desc.honor_guarantee,"Ein Land, für das eine Garantie besteht, wird angegriffen und bittet dich, deiner Garantie nachzukommen."
hud.inbox.tooltip.desc.nap_proposal,Dieses Land schlägt einen Nichtangriffspakt vor.
hud.inbox.tooltip.desc.peace_offer,"Der Feind schlägt vor, den derzeitigen Krieg zu beenden."
hud.inbox.tooltip.desc.trade_proposal,Dieses Land will ein Handelsabkommen.
hud.inbox.tooltip.desc.treaty_proposal,Dieses Land schlägt einen multilateralen Vertrag vor.
hud.inbox.tooltip.desc.treaty_proposal.arms_limitation,Dies ist ein Vorschlag zur beidseitigen Rüstungsbegrenzung zwischen diesem Land und Ihnen.
hud.inbox.tooltip.desc.treaty_proposal.climate_agreement,Dies ist ein Vorschlag für ein bilaterales Klimaabkommen zwischen diesem Land und Ihnen.
hud.inbox.tooltip.desc.treaty_proposal.defense_pact,"Es handelt sich um einen Vorschlag für einen bilateralen Verteidigungsvertrag zwischen diesem Land und Ihnen. Wird einer von Ihnen angegriffen, kann der andere in den Krieg hineingezogen werden."
hud.inbox.tooltip.desc.treaty_proposal.nuclear_nonproliferation,Dies ist ein bilateraler Vorschlag zur Nichtverbreitung von Kernwaffen zwischen diesem Land und Ihnen.
hud.inbox.tooltip.desc.un_membership_consideration,"Du wurdest für die UN-Mitgliedschaft nominiert. Entscheide, ob du die Kandidatur annehmen möchtest."
hud.inbox.tooltip.desc.un_membership_vote,Über einen Antrag auf Aufnahme in die UNO muss noch abgestimmt werden.
hud.inbox.tooltip.label.accept,Falls angenommen
hud.inbox.tooltip.label.context,Kontext
hud.inbox.tooltip.label.expires,Gültig bis
hud.inbox.tooltip.label.reject,Im Falle einer Ablehnung
hud.inbox.tooltip.label.requester,Anfragender
hud.inbox.tooltip.label.target,Ziel
hud.inbox.tooltip.label.treaty_type,Vertragsart
hud.inbox.tooltip.label.war_score,Kriegsbilanz
hud.inbox.tooltip.reject.alliance_proposal,Die Beziehungen zu {0} verschlechtern sich.
hud.inbox.tooltip.reject.call_to_arms,Du bringst Schande über den Ruf. Die Allianz zerbricht. -10 Ansehen. -40 Beziehungen zu {0}.
hud.inbox.tooltip.reject.generic,Der Antrag wird abgelehnt.
hud.inbox.tooltip.reject.honor_guarantee,Deine Garantie ist erloschen. Dein Ansehen sinkt und deine Beziehungen zu {0} verschlechtern sich.
hud.inbox.tooltip.reject.nap_proposal,Die Beziehungen zu {0} lassen leicht nach.
hud.inbox.tooltip.reject.peace_offer,"Der Krieg dauert an. Der Initiator wartet länger, bevor er erneut einen Friedensvorschlag unterbreitet."
hud.inbox.tooltip.reject.trade_proposal,Die Beziehungen zu {0} lassen leicht nach.
hud.inbox.tooltip.reject.treaty_proposal,Die Beziehungen zu {0} lassen leicht nach.
hud.inbox.tooltip.reject.un_membership_consideration,"Sie lehnen die Prüfung ab, und die Nominierung scheitert."
hud.inbox.tooltip.reject.un_membership_vote,Sie stimmen gegen die UN-Mitgliedschaft von {0}.
hud.inbox.tooltip.title,{0} von {1}
hud.inbox.type_alliance_proposal,Vorschlag für ein Bündnis
hud.inbox.type_call_to_arms,Aufruf zu den Waffen
hud.inbox.type_generic,Diplomatische Anfrage
hud.inbox.type_honor_guarantee,Garantie in Anspruch genommen
hud.inbox.type_nap_proposal,Nichtangriffspakt
hud.inbox.type_peace_offer,Friedensangebot
hud.inbox.type_trade_proposal,Handelsvorschlag
hud.inbox.type_treaty_proposal,Vertragsentwurf
hud.inbox.type_treaty_proposal_specific,{0} Vorschlag
hud.inbox.type_un_membership_consideration,Prüfung der UN-Mitgliedschaft
hud.inbox.type_un_membership_vote,Abstimmung über die UN-Mitgliedschaft
hud.intel.active_slots,Aktiv: {0} / {1}-Steckplätze
hud.intel.agency_acronym,Akronym
hud.intel.agency_name,Name der Agentur
hud.intel.agency_title,NACHTRICHTENDIENST
hud.intel.capability_title,FÄHIGKEITSBEWERTUNGEN
hud.intel.confirm_launch,Soll die Mission {0} gegen {1} gestartet werden?
hud.intel.counterintel_progress,Aktiv ({0:F0} % abgeschlossen)
hud.intel.cyber,Cyber
hud.intel.defense,Verteidigung
hud.intel.estimate.high,Hoch
hud.intel.estimate.low,Niedrig
hud.intel.estimate.medium,Mittel
hud.intel.five_eyes,Five Eyes
hud.intel.five_eyes_no,VON
hud.intel.five_eyes_yes,JA – Mitglied
hud.intel.founded,Gegründet
hud.intel.group_cyber,CYBER
hud.intel.group_intelligence,INTELLIGENZ
hud.intel.group_offensive,OFFENSIV
hud.intel.has_counterintel,Abteilung für Spionageabwehr
hud.intel.has_cyber_center,Cyber-Einsatzzentrale
hud.intel.has_hq,Zentrale der Geheimdienste
hud.intel.launch_btn,START DER MISSION
hud.intel.launch_detail,Der Vorgang „{0}“ wurde für „{1}“ gestartet.
hud.intel.launch_detail_self,Die Funktion „{0}“ wurde aktiviert.
hud.intel.launcher_title,MISSION-LAUNCHER
hud.intel.mission_launched,Mission erfolgreich gestartet
hud.intel.mission_type,Auftragstyp
hud.intel.missions_title,AKTIVE EINSÄTZE
hud.intel.no_agency,Kein Geheimdienst
hud.intel.no_hq_capability,"Kein Geheimdiensthauptquartier – Errichte ein Geheimdiensthauptquartier, um Spionagemissionen zu starten"
hud.intel.no_missions,Keine aktiven Missionen
hud.intel.no_reports,Keine Geheimdienstberichte
hud.intel.no_target_selected,Wählen Sie ein Zielland aus
hud.intel.offense,Angriff
hud.intel.open_specialists.cta,Spezialisten öffnen
hud.intel.open_specialists.title,Spezialisten
hud.intel.reason.cooldown,Abklingzeit der Mission aktiv (noch {0} Monate)
hud.intel.reason.counterintel_active,Die Spionageabwehr ist bereits im Einsatz
hud.intel.reason.max_missions,Bei maximaler Anzahl aktiver Missionen ({0}/{1})
hud.intel.reason.no_hq,Erfordert das Hauptquartier des Geheimdienstes
hud.intel.reason.no_player,Es wurde kein Spielerland ausgewählt
hud.intel.reason.no_specialist,Der Spezialist ist für diesen Missionstyp nicht zugelassen
hud.intel.reason.own_country,Man darf keine Informationen über das eigene Land sammeln
hud.intel.reason.requires_cyber_center,Erfordert ein Cyber-Operations-Center
hud.intel.reason.unavailable,Aktion nicht verfügbar
hud.intel.reason.use_specialists_panel,"Verwenden Sie den Bereich „Spezialisten“, um Ihre Informationsressourcen zu verwalten"
hud.intel.report_gdp,Geschätztes BIP: {0}
hud.intel.report_mil,Militärische Stärke: {0}
hud.intel.reports_title,GEHEIMDIENSTBERICHTE
hud.intel.request_error_unknown,Die Mission konnte nicht gestartet werden
hud.intel.request_hint_ready,Bereit: Informationen sammeln
hud.intel.request_tooltip_ready,Starte eine „Gather Intelligence“-Mission gegen dieses Land
hud.intel.result_caught,Die Operation von {0} auf {1} wurde offengelegt.
hud.intel.result_failed,Die Operation {0} auf {1} ist fehlgeschlagen.
hud.intel.result_success,Die Operation {0} auf {1} war erfolgreich.
hud.intel.section_counterintel,SPIONAGEABWEHR
hud.intel.section_espionage_operations,SPIONAGEAKTIVITÄTEN
hud.intel.section_estimated_capability,VORAUSSICHTLICHE LEISTUNGSFÄHIGKEIT
hud.intel.spec_balanced,Ausgewogen
hud.intel.spec_counterintel,Spionageabwehr
hud.intel.spec_cyber,Cyberoperationen
hud.intel.spec_humint,Menschliche Intelligenz
hud.intel.spec_signals,Signalaufklärung
hud.intel.specialization,Spezialisierung
hud.intel.state_active,AKTIV
hud.intel.state_caught,ERWISCHT
hud.intel.state_failed,FEHLGESCHLAGEN
hud.intel.state_success,ERFOLG
hud.intel.status,Status
hud.intel.target_country,Zielland
hud.intel.type_counterintel,Spionageabwehr
hud.intel.type_gather,Informationen sammeln
hud.intel.type_influence,Auf die Regierung Einfluss nehmen
hud.intel.type_sabotage_econ,Sabotagewirtschaft
hud.intel.type_sabotage_infra,Sabotage an der Infrastruktur
hud.intel.type_satellite,Satellitenüberwachung
hud.intel.type_steal_tech,Technologie stehlen
hud.ledger.col.agg_expansion,Weitere Informationen
hud.ledger.col.aircraft,FLUGZEUG
hud.ledger.col.alliances,PARTNERSCHAFTEN
hud.ledger.col.area,FLÄCHE (km²)
hud.ledger.col.composite_score,PUNKTESTAND
hud.ledger.col.corruption,KORRUPTION
hud.ledger.col.country,LAND
hud.ledger.col.cyber,CYBER
hud.ledger.col.debt_gdp,Schuldenquote
hud.ledger.col.def_budget,DEF. HAUSHALT
hud.ledger.col.density,DICHTE
hud.ledger.col.diplo_power,Diplomatische Macht
hud.ledger.col.diplo_weight,DIPLO-GEWICHT
hud.ledger.col.education,BILDUNG
hud.ledger.col.exports,EXPORTE
hud.ledger.col.gdp,Bruttoinlandsprodukt
hud.ledger.col.gdp_capita,BIP pro Kopf
hud.ledger.col.gdp_mod,Bruttoinlandsprodukt-Modul
hud.ledger.col.gini,Gini
hud.ledger.col.growth,WACHSTUM
hud.ledger.col.guarantees,GARANTIEN
hud.ledger.col.hdi,Hochleistungsspritzguss
hud.ledger.col.healthcare,GESUNDHEIT
hud.ledger.col.icbm,Interkontinentalrakete
hud.ledger.col.imports,IMPORTE
hud.ledger.col.literacy,ALPHABETISIERUNG
hud.ledger.col.mil_attack,Gelände-Kit-Modus
hud.ledger.col.mil_defense,Verteidigungsmodus
hud.ledger.col.missile_defense,Raketenabwehr
hud.ledger.col.missile_range,RANGES DER RAKETEN
hud.ledger.col.nukes,NUKES
hud.ledger.col.personnel,PERSONAL
hud.ledger.col.population,BEVÖLKERUNG
hud.ledger.col.prestige,PRESTIGE
hud.ledger.col.prestige_econ,WIRTSCHAFTLICH
hud.ledger.col.prestige_mil,MILITÄR
hud.ledger.col.prestige_org,Organisation für eine freie Gesellschaft
hud.ledger.col.rank,RANG
hud.ledger.col.research_pts,Republik der Philippinen / Innenministerium
hud.ledger.col.reserves,RESERVEN
hud.ledger.col.rivals,KONKURRENTEN
hud.ledger.col.ships,SCHIFFE
hud.ledger.col.slbm,SLBM
hud.ledger.col.sphere_size,SPHERE
hud.ledger.col.stability,STABILITÄT
hud.ledger.col.submarines,UNTERTITEL
hud.ledger.col.tanks,TANKS
hud.ledger.col.tech_count,TECHS
hud.ledger.col.treasury,FINANZMINISTERIUM
hud.ledger.col.unemployment,UNEMP
hud.ledger.col.urbanization,STÄDTISCH
hud.ledger.col.war_exhaustion,KRIEGSMÜDIGK.
hud.ledger.col.wars,Krieger
hud.ledger.gp.no_members,Keine Mitglieder in dieser Gruppe
hud.ledger.gp.sphere_members,SPHERE-MITGLIEDER
hud.ledger.graph.gdp_history,Das BIP im Zeitverlauf
hud.ledger.graph.mil_history,Militärische Macht im Wandel der Zeit
hud.ledger.graph.no_data,Es sind keine historischen Daten verfügbar
hud.ledger.graph.pop_history,Bevölkerungsentwicklung im Zeitverlauf
hud.ledger.graph.prestige_history,Ansehen im Laufe der Zeit
hud.ledger.graph.select_countries,Wählen Sie Länder zum Vergleich aus (klicken Sie auf die Zeilen oben)
hud.ledger.search_placeholder,Länder suchen...
hud.ledger.tab.demographics,Demografie
hud.ledger.tab.diplomacy,DIPLOMATIE
hud.ledger.tab.economy,WIRTSCHAFT
hud.ledger.tab.graphs,DIAGRAMME
hud.ledger.tab.great_powers,Großmächte
hud.ledger.tab.military,MILITÄR
hud.ledger.tab.prestige,PRESTIGE
hud.ledger.tab.technology,TECHNOLOGIE
hud.ledger.title,GLOBALES HAUPTBUCH
hud.ledger.tooltip.click_header_sort,Zum Sortieren hier klicken
hud.ledger.tooltip.click_to_view,Zum Anzeigen des Landes bitte hier klicken
hud.ledger.tooltip.rank_indicator,Globale Rangliste – Zum Öffnen des Ledgers hier klicken
hud.loading.core,KERN-SYSTEME WERDEN INITIALISIERT...
hud.loading.diplomacy,SYNCHRONISIERUNG DIPLOMATISCHER DATEN...
hud.loading.error,KRITISCHER FEHLER: KARTSZENE NICHT GEFUNDEN
hud.loading.init,PROTOKOLLE WERDEN INITIALISIERT...
hud.loading.ready,EINSATZBEREITE SYSTEME
hud.loading.saving,SPIEL WIRD GESPEICHERT...
hud.loading.steam_verify_hint,Versuch: Steam → Rechtsklick auf das Spiel → Eigenschaften → Lokale Dateien → Integrität der Spieldateien überprüfen.
hud.loading.subscenes,ECS-Unterszenen erstellen...
hud.loading.unloading,Sitzung wird geladen...
hud.loading.world,WELTZUSTAND WIRD ERSTELLT...
hud.log.action_executed.impact_fail,"Dieser Vorgang ist fehlgeschlagen; überprüfen Sie die Voraussetzungen und Schwellenwerte, bevor Sie es erneut versuchen."
hud.log.action_executed.impact_success,Diese Maßnahme war erfolgreich und veränderte die bilateralen Beziehungen sofort.
hud.log.action_executed.title,{0}: {1} ({2})
hud.log.action_executed.who,Akteur: du. Ziel: {0}.
hud.log.action_executed.why,Direkte diplomatische Maßnahmen prägen die Beziehungen und beeinflussen den Ausgang künftiger Verhandlungen.
hud.log.ai_action.impact,Beobachten Sie diplomatische und militärische Überlagerungen auf unmittelbare Folgewirkungen hin.
hud.log.ai_action.who,Aktionsquelle: {0}. Ziel: {1}.
hud.log.ai_action.why,"Wichtige Entscheidungen im Bereich der künstlichen Intelligenz können das strategische Gleichgewicht, die Haltung von Bündnissen und das Eskalationsrisiko verändern."
hud.log.ai_peace_offer_accepted.impact,Der Krieg wurde durch die Annahme der Bedingungen deeskaliert.
hud.log.ai_peace_offer_accepted.title,Friedensangebot angenommen: {0} – {1}
hud.log.ai_peace_offer_accepted.what,{0} akzeptierte Bedingungen: {1}.
hud.log.ai_peace_offer_accepted.who,{0} bot {1} Frieden an.
hud.log.ai_peace_offer_accepted.why,Der gegenseitige Kriegsdruck hat eine Akzeptanzschwelle erreicht.
hud.log.ai_peace_offer_rejected.impact,Der Krieg dauert an; es wurden keine Bedingungen akzeptiert.
hud.log.ai_peace_offer_rejected.title,Friedensangebot abgelehnt: {0} – {1}
hud.log.ai_peace_offer_rejected.what,{0} abgelehnte Begriffe: {1}.
hud.log.ai_peace_offer_rejected.who,{0} bot {1} Frieden an.
hud.log.ai_peace_offer_rejected.why,Die Führung von Target hält eine Fortsetzung des Krieges für die bessere Option.
hud.log.aid_received.impact,Ihre Finanzabteilung erhält eine direkte Überweisung.
hud.log.aid_received.title,{0} schickt Hilfsgüter
hud.log.aid_received.what,{0} hat ein Hilfspaket in Ihr Land geschickt.
hud.log.aid_received.who,{0} bietet finanzielle Unterstützung.
hud.log.aid_received.why,Entwicklungshilfe kann die bilateralen Beziehungen stärken und die kurzfristige Finanzlage verbessern.
hud.log.alliance_broken.impact,"Verlust der gegenseitigen militärischen Unterstützung; erwäge, neue Bündnisse einzugehen oder die Grenzen zu stärken."
hud.log.alliance_broken.title,{0} löst deine Allianz auf
hud.log.alliance_broken.what,{0} hat dein Bündnis einseitig gekündigt.
hud.log.alliance_broken.who,Zuständiges Land: {0}.
hud.log.alliance_broken.why,Das Scheitern von Bündnissen kann das regionale Kräfteverhältnis verschieben und auf eine Verschlechterung der diplomatischen Beziehungen hindeuten.
hud.log.alliance_eval.impact_fail,Dieser Allianzpfad ist derzeit gesperrt; möglicherweise muss die Beziehung neu aufgebaut werden.
hud.log.alliance_eval.impact_success,Ihr Bündnisnetzwerk wurde gestärkt und die Abschreckung verbessert.
hud.log.alliance_eval.title,{0} {1} Dein Bündnisvorschlag
hud.log.alliance_eval.what,Der Vorschlag der Allianz stammte von {1} und {0}.
hud.log.alliance_eval.who,Zielland: {0}. Antragsteller: Sie.
hud.log.alliance_eval.why,Die Ergebnisse der Allianz bestimmen die künftige militärische Zusammenarbeit und das Verhalten im Ernstfall.
hud.log.alliance_offer.impact,Akzeptanz stärkt die gegenseitige Verteidigung; Ablehnung kann das diplomatische Vertrauen schwächen.
hud.log.alliance_offer.title,{0} schlägt eine Allianz vor
hud.log.alliance_offer.what,{0} hat einen formellen Vorschlag für ein Bündnis unterbreitet.
hud.log.alliance_offer.who,Vorschlag: {0}.
hud.log.alliance_offer.why,"Allianzen beeinflussen unmittelbar die Abschreckung, den Mobilisierungsfluss und die Dynamik regionaler Blöcke."
hud.log.ally_joined_war.impact,"Je stärker die Koalition wird, desto größer wird der Umfang des Krieges und desto heftiger wird der Widerstand."
hud.log.ally_joined_war.title,{0} hat sich dem Krieg gegen {1} angeschlossen
hud.log.ally_joined_war.what,"Ein befreundetes Land schloss sich dem Konflikt an, nachdem es einem Aufruf zum Waffengang gefolgt war."
hud.log.ally_joined_war.who,Verbündeter: {0}. Anführer der gegnerischen Seite: {1}.
hud.log.ally_joined_war.why,Neue Akteure können das regionale Kräfteverhältnis und das diplomatische Risiko rasch verändern.
hud.log.army_merged.impact,Die Truppenkonzentration in {0} hat zugenommen. Kämpfe oder Belagerungen in der Nähe könnten nun diesem Heer zugutekommen.
hud.log.army_merged.title,"{0}: Kräfte, die in {1} gebündelt sind"
hud.log.army_merged.what,Die Einheiten {0} und {1} wurden zu einer einzigen Streitmacht mit {2} Einheiten zusammengefasst.
hud.log.army_merged.who,{0} hat zwei Armeen in {1} zusammengelegt.
hud.log.army_merged.why,Eine Truppenkonzentration kann ein Zeichen für die Vorbereitung eines Angriffs oder einer Verteidigungsstellung sein – konzentrierte Streitkräfte lassen sich schwerer vertreiben.
hud.log.army_split.impact,Zwei unabhängige Armeen können nun gleichzeitig auf unterschiedliche Ziele vorrücken oder verschiedene Provinzen verstärken.
hud.log.army_split.title,{0}: Armee gespalten in {1}
hud.log.army_split.what,Eine Einheit behielt {0} Einheiten bei; eine neue Abteilung mit {1} Einheiten wurde gebildet.
hud.log.army_split.who,{0} teilt die Kräfte in {1} auf.
hud.log.army_split.why,Eine Aufteilung kann auf einen Vorstoß an mehreren Fronten oder auf die Entsendung einer speziellen Garnisonstruppe hindeuten.
hud.log.battle.impact_lost,Die Truppenstärke wurde reduziert; möglicherweise ist eine defensive Haltung erforderlich.
hud.log.battle.impact_won,Gebietsdruck und Moralvorteil errungen.
hud.log.battle.why_lost,Die gegnerischen Truppen haben deine Linien gehalten oder durchbrochen.
hud.log.battle.why_won,Die feindlichen Truppen wurden im Gefecht besiegt.
hud.log.call_to_arms.impact,Diese Entscheidung kann sowohl das diplomatische Ansehen als auch den Druck an der Front beeinflussen.
hud.log.call_to_arms.title,{0} ruft dich zu den Waffen
hud.log.call_to_arms.what,{0} hat um militärische Unterstützung gegen {1} gebeten.
hud.log.call_to_arms.who,Verbündete: {0}. Gegner: {1}.
hud.log.call_to_arms.why,"Deine Antwort wirkt sich unmittelbar auf das Vertrauen, die Stabilität des Bündnisses und die Bereitschaft zum Krieg aus."
hud.log.coalition_joined.impact,Die Mitglieder der Koalition könnten militärischen Druck oder Sanktionen gegen Ihr Land koordinieren.
hud.log.coalition_joined.title,{0} schließt sich einer Koalition gegen dich an
hud.log.coalition_joined.what,"{0} hat sich einer Koalition angeschlossen, die es auf Ihr Land abgesehen hat."
hud.log.coalition_joined.who,Neues Koalitionsmitglied: {0}.
hud.log.coalition_joined.why,Es bilden sich Koalitionen gegen Länder mit hohen Werten bei der aggressiven Expansion.
hud.log.country_joined_war.impact,"Es ist damit zu rechnen, dass sich das Kräfteverhältnis verschiebt, da die später beigetretenen Länder neue Druckpunkte schaffen."
hud.log.country_joined_war.title,{0} schloss sich {1} im Krieg gegen {2} an
hud.log.country_joined_war.what,Ein Land trat zur Unterstützung eines Verbündeten in einen andauernden Krieg ein.
hud.log.country_joined_war.who,Beitrittsland: {0}. Unterstützter Verbündeter: {1}. Gegner: {2}.
hud.log.country_joined_war.why,Reaktionen von Verteidigungsbündnissen können nach der ersten Erklärung die Konfliktfronten erweitern.
hud.log.currency_manipulated.impact,Bis zum Ende dieser Manipulationen ist mit einer geringeren Wettbewerbsfähigkeit im Export und geringeren Handelseinnahmen zu rechnen.
hud.log.currency_manipulated.title,{0} manipuliert die Währung
hud.log.currency_manipulated.what,"{0} hat Währungsmanipulationen vorgenommen, die auf Ihren Handel abzielen."
hud.log.currency_manipulated.who,{0} passt den Wert seiner Währung strategisch an.
hud.log.currency_manipulated.why,Währungsmanipulationen verschaffen unfaire Handelsvorteile auf Kosten der Handelspartner.
hud.log.debt_trap_offered.impact,"Ihr Finanzministerium erhält zwar kurzfristige Mittel, riskiert jedoch, dass diese Hebelwirkung später gegen Sie eingesetzt wird."
hud.log.debt_trap_offered.title,{0} führt in die Schuldenfalle
hud.log.debt_trap_offered.what,"{0} hat einen Kredit angeboten, der in eine Schuldenfalle führt – mit hohen Zinsen und wirtschaftlich ausbeuterischen Bedingungen."
hud.log.debt_trap_offered.who,{0} unterbreitet ein betrügerisches Finanzangebot.
hud.log.debt_trap_offered.why,"Kredite, die in eine Schuldenfalle führen, scheinen vorteilhaft zu sein, bringen jedoch langfristige finanzielle Verpflichtungen und Abhängigkeit mit sich."
hud.log.embassy_established.impact,Ihre Länder können nun komplexere Abkommen anstreben; die Mitarbeiter der Botschaften tragen im Laufe der Zeit zur Verbesserung der Beziehungen bei.
hud.log.embassy_established.title,{0} eröffnet eine Botschaft
hud.log.embassy_established.what,{0} hat auf Ihrem Territorium eine Botschaft eröffnet.
hud.log.embassy_established.who,Gastgeber der Botschaft: {0}.
hud.log.embassy_established.why,Botschaften tragen zur diplomatischen Stabilität bei und ermöglichen fortgeschrittene Verhandlungen.
hud.log.embassy_recalled.impact,Die direkten diplomatischen Kanäle sind unterbrochen; entweder werden die Beziehungen wiederhergestellt oder man muss sich auf eine weitere Eskalation einstellen.
hud.log.embassy_recalled.title,{0} ruft seine Botschaft zurück
hud.log.embassy_recalled.what,{0} hat seine diplomatische Vertretung aus Ihrem Hoheitsgebiet abgezogen.
hud.log.embassy_recalled.who,Land der Botschaft: {0}.
hud.log.embassy_recalled.why,Die Rückberufung von Botschaftern deutet auf einen schwerwiegenden diplomatischen Bruch hin und geht oft stärkeren feindseligen Maßnahmen voraus.
hud.log.envoy_what_burned_out,Verbrannt
hud.log.envoy_what_deployed,Eingesetzt
hud.log.envoy_what_operation_failed,Vorgang fehlgeschlagen
hud.log.envoy_what_operation_succeeded,Die Operation war erfolgreich
hud.log.envoy_what_recalled,Zurückgerufen
hud.log.envoy_what_threat,Ausländischer Agent erkannt
hud.log.envoy_who,{0}
hud.log.event_choice.auto.impact,"Sehen Sie sich die obige Zusammenfassung der Auswirkungen an, um zu verstehen, was sich geändert hat, und überprüfen Sie die zugehörigen Überlagerungen für weitere Schritte."
hud.log.event_choice.auto.title,{0} – standardmäßig automatisch ausgewählt
hud.log.event_choice.auto.what,Ausgewählt: {0} – nach {1} Tagen ohne Eingabe des Spielers.
hud.log.event_choice.auto.who,Vom Spiel automatisch ausgewählte Standardoption.
hud.log.event_choice.auto.why,Innerhalb des zulässigen Entscheidungszeitraums wurde keine Spieleraktion vorgenommen.
hud.log.event_choice.manual.impact,"Lesen Sie die obenstehende Zusammenfassung der Auswirkungen, um zu erfahren, was sich geändert hat, und sehen Sie sich die zugehörigen Überlagerungen an, um weitere Informationen zu erhalten."
hud.log.event_choice.manual.title,{0} – du hast dich entschieden
hud.log.event_choice.manual.what,Gewählte Option: {0}.
hud.log.event_choice.manual.who,Du hast die Entscheidung getroffen.
hud.log.event_choice.manual.why,Ihre Entscheidung tritt sofort in Kraft und kann sich auf den weiteren Verlauf auswirken.
hud.log.independence_guaranteed.impact,Ein Verstoß gegen eine Garantie schadet den diplomatischen Beziehungen und schwächt den regionalen Einfluss des Garanten.
hud.log.independence_guaranteed.title,{0} garantiert Ihnen Unabhängigkeit
hud.log.independence_guaranteed.what,{0} hat die politische Unabhängigkeit Ihres Landes gewährleistet.
hud.log.independence_guaranteed.who,Bürge: {0}.
hud.log.independence_guaranteed.why,Unabhängigkeitsgarantien bieten strategischen Schutz und schrecken potenzielle Angreifer ab.
hud.log.intel_result.impact_caught,"Das Risiko einer Enthüllung ist gestiegen, und es könnte zu diplomatischen Gegenreaktionen kommen."
hud.log.intel_result.impact_fail,Die Mission hat den angestrebten Nutzen nicht erbracht; erwägen Sie eine Umverteilung der nachrichtendienstlichen Ressourcen.
hud.log.intel_result.impact_success,Das Ziel hat einen operativen Mehrwert erbracht; Folgeaktionen könnten bessere Erfolgsaussichten haben.
hud.log.intel_result.who,Mission: {0}. Ziel: {1}.
hud.log.intel_result.why,Die Ergebnisse der Mission beeinflussen den Informationsvorsprung und die verfügbaren verdeckten Druckmittel.
hud.log.missile.impact_hit,Der Angriff traf sein Ziel und richtete Schaden an.
hud.log.missile.impact_intercepted,Die Rakete wurde vor dem Aufprall erfolgreich abgefangen.
hud.log.missile.impact_lost,"Die Rakete ging verloren, bevor ihr Aufprall verfolgt werden konnte."
hud.log.missile.reason_invalid_state,Die Rakete ist in einen ungültigen Simulationszustand übergegangen.
hud.log.missile.reason_source_unresolved,Der Abschussort konnte für die Raketenverfolgung nicht ermittelt werden.
hud.log.missile.reason_target_unresolved,Die Zielprovinz konnte für die Raketenverfolgung nicht ermittelt werden.
hud.log.missile.why,In diesem Konfliktgebiet wurde eine Rakete abgefeuert.
hud.log.multilateral_sanction.impact,Rechnen Sie mit geringeren Handelserträgen und diplomatischen Sanktionen seitens der sanktionierenden Länder.
hud.log.multilateral_sanction.title,{0} organisiert Koalitionssanktionen
hud.log.multilateral_sanction.what,{0} hat multilaterale Sanktionen gegen Ihr Land verhängt.
hud.log.multilateral_sanction.who,{0} leitet die Sanktionsbemühungen.
hud.log.multilateral_sanction.why,Sanktionen der Koalition üben gleichzeitig Handelsdruck seitens mehrerer Nationen aus.
hud.log.peace_offer.impact,"Lesen Sie die Bedingungen sorgfältig durch, bevor Sie antworten; eine Zustimmung kann den strategischen Schwung zunichte machen."
hud.log.peace_offer.title,{0} bietet Frieden
hud.log.peace_offer.what,{0} hat Friedensbedingungen zur Beendigung der derzeitigen Feindseligkeiten vorgelegt.
hud.log.peace_offer.who,Vorschlag: {0}.
hud.log.peace_offer.why,Friedensangebote können Kriege schnell beenden und die Verteilung militärischer und wirtschaftlicher Ressourcen neu gestalten.
hud.log.peace_signed.impact,"Der Kriegsdruck lässt nach, sodass beide Länder Ressourcen aus dem Kampfgeschehen abziehen können."
hud.log.peace_signed.title,Frieden unterzeichnet: {0} und {1}
hud.log.peace_signed.what,Zulässige Begriffe: {0}.
hud.log.peace_signed.who,Parteien: {0} und {1}.
hud.log.peace_signed.why,Friedensabkommen beenden die aktiven Kampfhandlungen und definieren die kurzfristigen strategischen Ziele neu.
hud.log.proposal_evaluated.impact,Erfolg kann Ihren diplomatischen Einfluss stärken; eine Ablehnung kann ihn vorübergehend schwächen.
hud.log.proposal_evaluated.title,{0} {1} Ihr Vorschlag für {2}
hud.log.proposal_evaluated.what,{0} {1} Ihr Vorschlag für {2}.
hud.log.proposal_evaluated.who,Zielland: {0}. Antragsteller: Sie.
hud.log.proposal_evaluated.why,"Die Ergebnisse eines Vorschlags beeinflussen das Vertrauen, die Dynamik und die Frage, welche Folgemaßnahmen realisierbar sind."
hud.log.relations_improved.impact,Dies stärkt das gegenseitige Vertrauen und kann den Weg für neue Vereinbarungen oder Vorschläge ebnen.
hud.log.relations_improved.title,{0} verbessert die Beziehungen
hud.log.relations_improved.what,{0} verbesserte Beziehungen zu Ihrem Land.
hud.log.relations_improved.who,Zuständiges Land: {0}.
hud.log.relations_improved.why,Bessere Beziehungen verringern die Wahrscheinlichkeit von Konflikten und eröffnen diplomatische Möglichkeiten.
hud.log.request_expired.impact,"Öffnen Sie die Verhandlungen manuell wieder, wenn Sie diese Vereinbarung weiterhin anstreben."
hud.log.request_expired.title,{0} ist seit {1} abgelaufen
hud.log.request_expired.what,"Eine ausstehende {0}-Anfrage ist abgelaufen, ohne dass eine endgültige Antwort eingegangen ist."
hud.log.request_expired.who,Anfragender: {0}.
hud.log.request_expired.why,Verfallene Ersuchen können diplomatische Möglichkeiten zunichte machen und die Optionen für eine kurzfristige Zusammenarbeit einschränken.
hud.log.request_response.impact,Aufgrund Ihrer Entscheidung hat sich Ihre diplomatische Haltung gegenüber diesem Land geändert.
hud.log.request_response.title,{0} von {1} {2}
hud.log.request_response.what,You {0} a {1} request from {2}.
hud.log.request_response.who,Antragsteller: {0}. Entscheidungsträger: Sie.
hud.log.request_response.why,Diese Reaktion wirkt sich auf das gegenseitige Vertrauen und den Ausgang künftiger Vorschläge aus.
hud.log.resource_shortage.impact,"Öffnen Sie das Ressourcenfenster, um die fehlenden Inputs zu ermitteln und zu entscheiden, ob Handel oder Gewinnung Vorrang haben soll."
hud.log.resource_shortage.who,Land des Spielers.
hud.log.resource_shortage.why,"Ein Mangel an strategischen Ressourcen bremst den Bau, treibt die Personalbeschaffungskosten in die Höhe und schürt Unruhen."
hud.log.rival_designated.impact,Dein Land wird zu einer vorrangigen Bedrohung; rechne mit verstärkter Aggression und einer geringeren Akzeptanz von Vorschlägen.
hud.log.rival_designated.title,{0} bezeichnet dich als Rivalen
hud.log.rival_designated.what,{0} hat dein Land offiziell als Rivalen ausgewiesen.
hud.log.rival_designated.who,Bezeichnendes Land: {0}.
hud.log.rival_designated.why,Rivalitäten sind Ausdruck tiefgreifender diplomatischer Gegensätze und können feindselige Handlungen oder die Bildung von Koalitionen auslösen.
hud.log.sanction_imposed.impact,Verschärfte Sanktionen können Handelsblöcke oder die Unterstützung von Verbündeten auslösen; erwäge Vergeltungsmaßnahmen oder Verhandlungen.
hud.log.sanction_imposed.title,Von {0} verhängte Sanktionen
hud.log.sanction_imposed.what,{0} hat Wirtschaftssanktionen gegen Ihr Land verhängt.
hud.log.sanction_imposed.who,Zuständiges Land: {0}.
hud.log.sanction_imposed.why,"Sanktionen beeinträchtigen die Handelseffizienz, den Zugang zu Ressourcen und bestimmte Produktionsleistungen."
hud.log.sphere_invite.impact,Durch eine Annäherung binden Sie Ihren Einfluss an eine Großmacht; wägen Sie Autonomie gegen wirtschaftliche und militärische Unterstützung ab.
hud.log.sphere_invite.title,{0} lädt Sie in seine Welt ein
hud.log.sphere_invite.what,"{0} lädt Ihr Land ein, sich seinem Einflussbereich anzuschließen."
hud.log.sphere_invite.who,Sphärenleiter: {0}.
hud.log.sphere_invite.why,"Die Mitgliedschaft in diesem Kreis verschafft Ihnen geschäftliche Vorteile und regionales Ansehen, kann jedoch Ihre Unabhängigkeit einschränken."
hud.log.trade_offer.impact,Eine Zustimmung würde Handelsströme und Zolleinnahmen verändern; eine Ablehnung könnte die Beziehungen leicht abkühlen lassen.
hud.log.trade_offer.title,{0} schlägt ein Handelsabkommen vor
hud.log.trade_offer.what,{0} hat ein bilaterales Handelsabkommen auf den Weg gebracht.
hud.log.trade_offer.who,Vorschlag: {0}.
hud.log.trade_offer.why,"Handelsabkommen senken bilaterale Zölle, kurbeln den Export an und sorgen für einen leichten jährlichen Wachstumsschub beim BIP."
hud.log.trade_war_started.impact,Rechnen Sie mit geringeren Handelserlösen und möglichen Störungen in der Lieferkette.
hud.log.trade_war_started.title,{0} erklärt den Handelskrieg
hud.log.trade_war_started.what,{0} hat Ihrem Land den Handelskrieg erklärt.
hud.log.trade_war_started.who,{0} löst wirtschaftliche Feindseligkeiten aus.
hud.log.trade_war_started.why,Handelskriege führen zur Einführung von Zöllen und Handelshemmnissen zwischen Ländern.
hud.log.treaty_eval.impact_fail,Die Vertragsbedingungen wurden abgelehnt; man soll zunächst über Alternativen verhandeln oder die Beziehungen verbessern.
hud.log.treaty_eval.impact_success,Die Vertragsbestimmungen sind nun in Kraft getreten und werden im Laufe der Zeit Einfluss auf bilaterale Entscheidungen nehmen.
hud.log.treaty_eval.title,{0} {1} Ihr Vorschlag für {2}
hud.log.treaty_eval.what,Ihr Vorschlag {0} wurde von {2} auf {1} geändert.
hud.log.treaty_eval.who,Zielland: {0}. Antragsteller: Sie.
hud.log.treaty_eval.why,Verträge legen langfristige diplomatische Verpflichtungen und strategische Rahmenbedingungen fest.
hud.log.treaty_offer.impact,Eine Zustimmung verbindet Ihre Länder; eine Ablehnung könnte das diplomatische Vertrauen beeinträchtigen.
hud.log.treaty_offer.impact_specific,"Wenn du zustimmst, unterschreibst du {1} mit {0}. Wenn du ablehnst, kühlt das Verhältnis etwas ab."
hud.log.treaty_offer.title,{0} schlägt einen Vertrag vor
hud.log.treaty_offer.title_specific,{0} schlägt {1} vor
hud.log.treaty_offer.what,{0} hat einen Vertragsvorschlag eingebracht.
hud.log.treaty_offer.what_specific,{0} hat dir einen Vorschlag namens {1} geschickt.
hud.log.treaty_offer.who,Vorschlag: {0}.
hud.log.treaty_offer.why,Verträge besiegeln strategische Partnerschaften und prägen Ihr diplomatisches Ansehen weltweit.
hud.log.vision.impact,Der Nebel des Krieges hat sich gelichtet; es liegen nun aktuelle Informationen vor.
hud.log.vision.why,Geheimdienstquellen betraten Neuland.
hud.log.war_declared.impact,Militärische Aktivitäten und diplomatischer Druck können sich von diesem Zeitpunkt an rasch zuspitzen.
hud.log.war_declared.title,{0} hat {1} den Krieg erklärt
hud.log.war_declared.what,Als Casus belli angeführt: {0}.
hud.log.war_declared.who,Angreifer: {0}. Verteidiger: {1}.
hud.log.war_declared.why,Eine Kriegserklärung verändert sofort die Bündnisverpflichtungen und die Prioritäten an der Front.
hud.log.war_result.impact_header,Auferlegte Bedingungen:
hud.log.war_result.term_full_annexation,Vollständige Eingliederung vollzogen: {0} hat {1} übernommen.
hud.log.war_result.term_humiliation,{0} gedemütigt – Abzug bei Ansehen und Stabilität.
hud.log.war_result.term_liberation,"Ein besetztes Land, das befreit werden soll."
hud.log.war_result.term_province_transfer,"{1} Provinz(en), die von {0} annektiert wurden."
hud.log.war_result.term_province_transfer_named,"{1} Provinz(en), die von {0} annektiert wurden: {2}."
hud.log.war_result.term_regime_change,{0} wurde ein Regimewechsel aufgezwungen.
hud.log.war_result.term_reparations,{0} auferlegte Kriegsentschädigungen.
hud.log.war_result.term_status_quo,Weißer Frieden – der Status quo bleibt erhalten.
hud.log.war_result.what,{0} setzte sich mit einer Kriegsbilanz von {1:F0} % durch. {2} erzielte {3:F0} %.
hud.log.war_result.who,{0} vs. {1} – Casus belli: {2}
hud.log.war_result.why,Kämpfe — {0}: {1}/{2} hat gewonnen. {3}: {4}/{5} hat gewonnen. Der Krieg dauerte {6} Tage.
hud.mapmode.diplomatic.desc,"Beziehungen zu Ihrem Land – rot = feindlich, gelb = neutral, grün = freundlich."
hud.mapmode.diplomatic.title,Diplomatisch
hud.mapmode.economic.desc,"BIP-Dichte nach Bundesland – dunkler = ärmer, goldfarben = am wohlhabendsten."
hud.mapmode.economic.title,Wirtschaft
hud.mapmode.military.desc,"Verteidigungsstärke der Provinz – dunkler = ungeschützt, rot = stark befestigt."
hud.mapmode.military.title,Militär
hud.mapmode.nuclear.desc,DEFCON-Bereitschaft (Friedenszeit) oder radioaktiver Niederschlag (Kriegszeit).
hud.mapmode.nuclear.title,Nuklear
hud.mapmode.political.desc,Länderspezifische Farben – jedes Land hat seine eigene Farbe.
hud.mapmode.political.title,Politisch
hud.mapmode.population.desc,"Bevölkerungsdichte – dunkler = dünn besiedelt, hell = dicht besiedelt."
hud.mapmode.population.title,Bevölkerung
hud.mapmode.terrain.desc,Natürliche Höhenunterschiede und die Farbgebung der Vegetation.
hud.mapmode.terrain.title,Grundstück
hud.mil.active_personnel,MANNSTÄRKE
hud.mil.air_needs_airfield,Erfordert einen Flugplatz in dieser Provinz.
hud.mil.air_no_aircraft,Wing verfügt über keine einsatzfähigen Flugzeuge.
hud.mil.air_no_base,Wing hat keine operative Basis-Provinz.
hud.mil.air_rebase_out_of_range,Die ausgewählte Fliegerstaffel kann diesen Flugplatz nicht direkt erreichen.
hud.mil.air_rebase_unavailable,Die ausgewählte Luftflotte kann ihren Stützpunkt nicht wechseln.
hud.mil.air_section,Konstruktion des Flügels
hud.mil.aircraft,FLUGZEUG
hud.mil.apcs,APCs
hud.mil.armies_section,ARMEE
hud.mil.army_at_sea_eta,"⛴ Auf See nach P#{0}, voraussichtliche Ankunftszeit {1}d ({2} Fahrten)"
hud.mil.army_busy_combat,Die Armee befindet sich im Kampf und kann sich nicht bewegen.
hud.mil.army_embarking_eta,"⛴ Einschiffung in P#{0}, voraussichtliche Ankunftszeit {1}d"
hud.mil.army_in_retreat,Die Armee befindet sich im erzwungenen Rückzug und kann nicht umgeleitet werden.
hud.mil.army_moving,→ P#{0} ({1:F0}%)
hud.mil.army_moving_eta,→ P#{0} ({1:F0}%) ETA {2}d
hud.mil.army_name,Armee #{0}
hud.mil.army_target_sea_zone,Landstreitkräfte können nicht in Seegebiete beordert werden.
hud.mil.army_unavailable,Army ist derzeit nicht erreichbar und kann derzeit keine Bestellungen annehmen.
hud.mil.artillery,ARTILLERIE
hud.mil.attack,ANGRIFF
hud.mil.attack_map,⚔ ANGRIFF
hud.mil.attack_target,ANGRIFF...
hud.mil.btn_cancel_move_tooltip,Den aktuellen Bewegungsauftrag stornieren
hud.mil.btn_deselect_tooltip,Auswahl löschen
hud.mil.btn_load_slbm_tooltip,SLBMs von diesem Hafen auf U-Boote verladen
hud.mil.btn_merge_army_only,Die Funktion „Zusammenführen“ steht nur für Armeen zur Verfügung
hud.mil.btn_merge_hint,Wähle mindestens zwei stationäre Armeen aus; jede Provinz wird separat zusammengeführt
hud.mil.btn_merge_tooltip,Alle ausgewählten Armeen zu einer zusammenführen
hud.mil.btn_split_army_only,„Split“ ist nur für Armeen verfügbar
hud.mil.btn_split_hint,"Wähle eine stationäre Armee mit mindestens 2 Einheiten aus, die aufgeteilt werden soll"
hud.mil.btn_split_tooltip,Einheiten aus der Hauptarmee abspalten
hud.mil.budget_last_month,"Das letzte, {0}."
hud.mil.build_air_wing,Luftflügel anheben
hud.mil.build_fleet,Flotte der Kommission
hud.mil.build_time,BAUZEIT
hud.mil.cancel_mode,ABBRECHEN (ESC)
hud.mil.combat_attacker,Angriffe
hud.mil.combat_attacker_advantage,Vorteil für den Angreifer
hud.mil.combat_defender,Verteidigen
hud.mil.combat_defender_advantage,Vorteil für Verteidiger
hud.mil.combat_details_title,Kampfdetails
hud.mil.combat_enemy,Feind
hud.mil.combat_enemy_army,{0} ({1} Einheiten)
hud.mil.combat_enemy_unknown,Unbekannter Feind
hud.mil.combat_even,Ein ausgeglichenes Duell
hud.mil.combat_more_types,+ {0} weitere Typen
hud.mil.combat_our,Unsere Streitkräfte
hud.mil.combat_our_army,Unsere Armee ({0} Einheiten)
hud.mil.combat_section,AKTIVER KAMPF
hud.mil.combat_ticks,Kampfdauer: {0} Tage
hud.mil.combat_unit_composition,Zusammensetzung der Einheit
hud.mil.combat_vs,— vs —
hud.mil.confirm_launch,Einen Atomschlag gegen die Provinz {0} ausführen? Dieser Vorgang kann nicht rückgängig gemacht werden.
hud.mil.confirm_merge,Soll die Armee #{0} mit einer anderen Armee in dieser Provinz zusammengelegt werden?
hud.mil.confirm_split,Sollten {0} Einheiten der Armee #{1} in eine neue Armee aufgeteilt werden?
hud.mil.confirm_transport_ships,"Für diesen Vorgang ist ein Seetransport erforderlich. Es werden {0} Schiffe für {1} Fahrten reserviert, um {2} Truppen nach {3} zu transportieren. Möchten Sie fortfahren?"
hud.mil.cost,KOSTEN
hud.mil.defcon_level,DEFCON LEVEL
hud.mil.defcon_prefix,DEFCON {0}
hud.mil.defcon_section,DEFCON STATUS
hud.mil.defense_budget,VERTEIDIGUNGSHAUSHALT
hud.mil.detonated,ZÜNDET
hud.mil.early_warning,Frühwarnradare
hud.mil.fleet_invalid_selection,Die ausgewählte Flotte ist ungültig oder nicht verfügbar.
hud.mil.fleet_move_blocked_owner_denied,Diese Küstenprovinz untersteht nicht deiner Kontrolle.
hud.mil.fleet_move_unavailable,Die Flotte kann sich nicht zum ausgewählten Ziel bewegen.
hud.mil.fleet_needs_naval_base,Erfordert einen Marinestützpunkt in einer Küstenprovinz.
hud.mil.fleet_no_adjacent_sea_zone,Die ausgewählte Landprovinz verfügt über keine angrenzende Meereszone zum Anlegen.
hud.mil.fleet_no_route,Es gibt keine gültige Seeroute zum Zielort.
hud.mil.fleet_section,FLOTTENAUFBAU
hud.mil.forces_section,ÜBERBLICK ÜBER DIE FORCE
hud.mil.helicopters,HELIKOPTER
hud.mil.hp_percent,HP {0}%
hud.mil.icbm_capability,ICBM-FÄHIGKEIT
hud.mil.intercept_slots,Intercept-Steckplätze
hud.mil.intercepted,ABGEFANGEN
hud.mil.invalid_target_id,Geben Sie eine gültige ID der Zielprovinz ein.
hud.mil.launch_cancel,ABTREIBUNG
hud.mil.launch_confirm,START BESTÄTIGEN
hud.mil.launch_controls,Startsteuerung
hud.mil.launch_nuclear,ATOMANGREIF STARTEN
hud.mil.manpower_cost,MANNSTÄRKE
hud.mil.merge.error.config_missing,Konfiguration nicht verfügbar
hud.mil.merge.error.different_categories,Armeen mit unterschiedlichen Einheitenkategorien können nicht zusammengelegt werden
hud.mil.merge.error.different_owners,Armeen verschiedener Besitzer können nicht zusammengelegt werden
hud.mil.merge.error.get_category_failed,Die Einheitskategorie konnte nicht ermittelt werden
hud.mil.merge.error.in_combat,Armeen können im Kampf nicht zusammengelegt werden
hud.mil.merge.error.invalid_structure,Ungültige Armeestruktur
hud.mil.merge.error.moving,Armeen können während der Bewegung nicht zusammengelegt werden
hud.mil.merge.error.need_min_armies,Zum Zusammenlegen sind mindestens 2 Armeen erforderlich
hud.mil.merge.error.no_armies,Es wurden keine Armeen ausgewählt
hud.mil.merge.error.no_merges,"Es gibt keine Armeen, die zusammengelegt werden könnten"
hud.mil.merge.error.normalize_failed,Die Normalisierung der Armeen ist fehlgeschlagen
hud.mil.merge.error.target_missing,Zielarmee fehlt
hud.mil.merge.success,Vereinigte Armeen
hud.mil.merge.success_provinces_suffix,({0} Provinzen)
hud.mil.merge.toast_complete_title,ZUSAMMENFÜHRUNG ABGESCHLOSSEN
hud.mil.merge.toast_failed_title,ZUSAMMENFÜHRUNG FEHLGESCHLAGEN
hud.mil.merge.toast_title,FUNKTIONIERT
hud.mil.merge_army,⊕ FUNKTIONIERT
hud.mil.merge_tooltip,Schließe dich in dieser Provinz mit einer anderen Armee zusammen
hud.mil.merge_unavailable,Keine andere verbündete Armee in dieser Provinz
hud.mil.missile_defense,RAKETENABWEHR
hud.mil.missile_inventory,Raketenbestand
hud.mil.mode_attack,"⚔ Klicke auf eine Provinz mit feindlichen Truppen, um anzugreifen..."
hud.mil.mode_move,"→ Klicken Sie auf eine Provinz, um das Ziel der Armee festzulegen..."
hud.mil.morale_percent,MORAL {0}%
hud.mil.move,MOVE
hud.mil.move_map,→ VERSCHIEBEN
hud.mil.move_to,WEITER ZU...
hud.mil.no_active_battles,Keine laufenden Kämpfe
hud.mil.no_air_orders,Es sind keine Luftflügel im Bau.
hud.mil.no_armies,Keine Armeen.
hud.mil.no_fleet_orders,Es befinden sich keine Flotten im Bau.
hud.mil.no_recruitment,Derzeit sind keine Geräte in Produktion.
hud.mil.no_strikes,Es wurden keine Nuklearschläge verzeichnet.
hud.mil.no_units_available,Es stehen keine Einheiten zur Rekrutierung zur Verfügung
hud.mil.no_warheads,Es sind keine Atomsprengköpfe verfügbar
hud.mil.nuclear_section,ATOMWAFFENARSENAL
hud.mil.nuclear_strikes,ATOMANGRIFFE
hud.mil.nuclear_warheads,ATOMSPRENGKÖPFE
hud.mil.ongoing_battle_title,Kampf – {0}
hud.mil.ongoing_battle_vs,{0} vs. {1}
hud.mil.ongoing_battles_section,LAUFENDE KÄMPFE
hud.mil.ongoing_siege_title,Siege - {0}
hud.mil.open_missile_command,OPEN MISSILE COMMAND
hud.mil.open_nuclear_controls,OFFENE KERNKONTROLLEN
hud.mil.pending_strikes,ANSTEHENDE STREIKS
hud.mil.pick_air_unit,Wählen Sie den Einheitentyp für die Luftflotte aus:
hud.mil.pick_fleet_unit,Wählen Sie den Fahrzeugtyp für die Flotte aus:
hud.mil.pick_unit,EINHEIT ZUR REKRUTIERUNG AUSWÄHLEN
hud.mil.primary_adversary,HAUPTGEGNER
hud.mil.production_queue,Produktionswarteschlange
hud.mil.province_id,Provinz #{0}
hud.mil.province_short,P#{0}
hud.mil.recruit,STELLENANGEBOTE
hud.mil.recruit_unit,ABTEILUNG FÜR PERSONALGEWINNUNG
hud.mil.recruitment_section,STELLENANGEBOTE
hud.mil.reserve_personnel,RESERVIEREN
hud.mil.select_missile_type,RAKETENTYP
hud.mil.select_target_province,Geben Sie die ID der Zielprovinz ein:
hud.mil.selection_mode_air,WASSER
hud.mil.selection_mode_army,ARMEE
hud.mil.selection_mode_fleet,FLOTTE
hud.mil.ships,SCHIFFE
hud.mil.ships_usage_value,{0} (frei / {1} / reserviert {2})
hud.mil.siege_attacker_army,Unsere Belagerungstruppe ({0} Einheiten)
hud.mil.siege_blocker_no_force,Es befinden sich keine Belagerungstruppen auf den Stadtmauern.
hud.mil.siege_blocker_stalled,Belagerung ins Stocken geraten: Verstärkung oder Reduzierung der Unterstützung für die Verteidiger.
hud.mil.siege_blocker_strong_defense,Die starke Präsenz der Verteidiger verlangsamt das Vorankommen.
hud.mil.siege_defender_army,{0} Garnison ({1} Einheiten)
hud.mil.siege_defense,Provinzverteidigung
hud.mil.siege_defense_value,Verteidigung: {0:F1}/{1:F1}
hud.mil.siege_details_title,Siege Details
hud.mil.siege_eta_ticks,Voraussichtlicher Ablauf: {0} Tage
hud.mil.siege_eta_unknown,Voraussichtlicher Einsturz: --
hud.mil.siege_progress,Verlauf der Belagerung
hud.mil.siege_progress_value,Fortschritt: {0:F0}%
hud.mil.siege_section,AKTIVE BELAGERUNG
hud.mil.slbm_capability,SLBM-FÄHIGKEIT
hud.mil.slbm_count_label,SLBMs: {0}
hud.mil.source_province,Quelle: Provinz
hud.mil.split_army,✂ SPLIT
hud.mil.split_tooltip,Einheiten in eine neue Armee aufteilen
hud.mil.split_unavailable,Es werden mindestens 2 Einheiten zur Aufteilung benötigt
hud.mil.strike_history,STREIKVERLAUF
hud.mil.submarines,U-BOOTE
hud.mil.tanks,TANKS
hud.mil.target_province,ZIELPROVINZ
hud.mil.transport.confirm_army_legacy,Armee {0}: temporäre Transportflotte
hud.mil.transport.confirm_army_with_fleets,Armee {0}: Flotten #{1}
hud.mil.transport.confirm_body,Armeen nach {0} transportieren?\\nVoraussichtlich {1} Tage auf dem Seeweg.
hud.mil.transport.confirm_orders_cancelled,Die derzeitigen Flottenaufträge werden ersetzt
hud.mil.transport.confirm_round_trips,{0} Hin- und Rückfahrten
hud.mil.transport.confirm_title,SEETRANSPORT
hud.mil.transport.confirm_total_capacity,Kapazität {0}
hud.mil.transport.confirm_trips,{0} löst aus
hud.mil.transport_auto,⛵ AUTOTRANSPORT
hud.mil.transport_best_land,Beste Option: LAND-Route ({0}-Hops).
hud.mil.transport_best_sea,"Beste Option: SEA-Transport über P#{0} → P#{1} (Fahrten: {2}, Obergrenze pro Fahrt: {3}, Truppen: {4})."
hud.mil.transport_cancelled,Der Transport wurde abgesagt.
hud.mil.transport_enemy_naval_control,Der Feind kontrolliert die erforderliche Seeroute.
hud.mil.transport_failed_capacity,"Der Transport konnte nicht gestartet werden, da sich die freie Schiffskapazität geändert hat. Bitte versuchen Sie es erneut."
hud.mil.transport_merge_deferred.desc,Der letzte Transport ist an {0} eingetroffen. Ihre Reserveeinheit bleibt dort weiterhin getrennt.
hud.mil.transport_merge_deferred.impact,"Zwei Armeen verbleiben in der Provinz, bis sie manuell zusammengelegt werden"
hud.mil.transport_merge_deferred.title,TRANSPORTSPLIT BEIBEHALTEN
hud.mil.transport_merge_deferred.who,Aufstellung der Spieler
hud.mil.transport_merge_deferred.why,Die Reservierung konnte nicht sofort zusammengeführt werden
hud.mil.transport_no_access,Kein militärischer Zugang zum Zielort.
hud.mil.transport_no_coastal,"Es wurden keine befreundeten Provinzen an der Küste gefunden, in denen man an- oder von Bord gehen kann."
hud.mil.transport_no_route,Es gibt keine gültige Route zum Ziel.
hud.mil.transport_no_ships,Es stehen keine Transportschiffe für den Seetransport zur Verfügung.
hud.mil.transport_sea_pending,Planung für den Seetransport liegt vor; die Umsetzungsmaßnahmen sind noch nicht eingeleitet.
hud.mil.transport_started,Seetransport eingeleitet: {0} Schiff(e) für den Transport nach {1} reserviert.
hud.mil.transport_target_province,Geben Sie die ID der Zielprovinz ein:
hud.mil.transport_unavailable,Für diese Armee steht derzeit kein Transport zur Verfügung.
hud.mil.unit.tooltip.anti_air,Luftabwehr-Bewertung: {0:F0}
hud.mil.unit.tooltip.anti_sub,U-Boot-Abwehr-Bewertung: {0:F0}
hud.mil.unit.tooltip.attack_power,Angriffskraft: {0:F0}
hud.mil.unit.tooltip.capability.anti_air,Bietet Schutz vor Luftangriffen.
hud.mil.unit.tooltip.capability.anti_sub,Wirksam in der U-Boot-Abwehr.
hud.mil.unit.tooltip.capability.frontline,Zuverlässige Kampfeinheit an der Front.
hud.mil.unit.tooltip.capability.range,Kann Projektion bei einer Entfernung von {0:F0} erzeugen.
hud.mil.unit.tooltip.capability.rapid,Zeigt seine Stärken bei schnellen Manövern.
hud.mil.unit.tooltip.capability.strategic,Entwickelt für strategische Angriffseinsätze.
hud.mil.unit.tooltip.category_air,WASSERVERSORGUNG
hud.mil.unit.tooltip.category_ground,BODENEINHEIT
hud.mil.unit.tooltip.category_missile,RAKETENSYSTEM
hud.mil.unit.tooltip.category_naval,MARINEEINHEIT
hud.mil.unit.tooltip.category_special,SPEZIALABTEILUNG
hud.mil.unit.tooltip.category_unknown,EINHEIT
hud.mil.unit.tooltip.defensive_strength,Defensive Stärke: {0:F0}
hud.mil.unit.tooltip.durability,Haltbarkeit (HP): {0:F0}
hud.mil.unit.tooltip.label.anti_air,Luftabwehr-Bewertung
hud.mil.unit.tooltip.label.anti_sub,U-Boot-Abwehr-Einstufung
hud.mil.unit.tooltip.label.attack_power,Angriffskraft
hud.mil.unit.tooltip.label.defensive_strength,Defensive Stärke
hud.mil.unit.tooltip.label.durability,Haltbarkeit (HP)
hud.mil.unit.tooltip.label.operational_speed,Betriebsgeschwindigkeit
hud.mil.unit.tooltip.label.personnel,Personal pro Einheit
hud.mil.unit.tooltip.label.range,Reichweite
hud.mil.unit.tooltip.operational_speed,Betriebsgeschwindigkeit: {0:F1}
hud.mil.unit.tooltip.personnel,Personal pro Einheit: {0:N0}
hud.mil.unit.tooltip.range,Reichweite: {0:F0}
hud.mil.unit_attack,ATK: {0}
hud.mil.unit_category,Kategorie: {0}
hud.mil.unit_count,{0} Einheiten
hud.mil.unit_defense,Definition: {0}
hud.mil.unit_hp,HP: {0}
hud.mil.unit_name,Einheit #{0}
hud.mil.unit_speed,SPD: {0}
hud.mil.unit_type_unresolved,Einheitentyp nicht aufgelöst (Bereitstellungen nach militärischer Konfiguration neu importieren)
hud.mil.unknown_unit,Unbekannte Einheit
hud.mil.war_exhaustion,Kriegsmüdigkeit
hud.mil.warhead_count,WARHEADS
hud.mil.warhead_type,Sprengkopftyp
hud.missile.btn.cancel,Abbrechen
hud.missile.btn.focus,Schwerpunkt
hud.missile.btn.load_slbms,SLBMs laden
hud.missile.btn.load_slbms.no_stock,SLBMs laden (kein Lagerbestand)
hud.missile.btn.load_slbms.no_sub_pen,SLBMs laden (ohne U-Boot-Bunker)
hud.missile.btn.rebase,Rebase
hud.missile.btn.unload,Entladen
hud.missile.confirm.cancel_production.body,Raketenbestellung Nr. {0} stornieren? Es erfolgt keine Rückerstattung.
hud.missile.confirm.cancel_production.title,Produktion abbrechen
hud.missile.confirm.rebase.body,Soll eine Rakete von {0} nach {1} verlegt werden?
hud.missile.confirm.rebase.title,Rebase-Rakete
hud.missile.defcon.adversary,HAUPTGEGNER
hud.missile.defcon.adversary_fallback,Entität #{0}
hud.missile.defcon.level,DEFCON LEVEL
hud.missile.defcon.none,Keine
hud.missile.defcon.status,STATUS
hud.missile.defcon.status_elevated,Erhöht
hud.missile.defcon.status_exchange,AKTIVER KERNENERGIEAUSTAUSCH
hud.missile.defcon.status_imminent,Unmittelbare Gefahr
hud.missile.defcon.status_mobilized,Mobilisiert
hud.missile.defcon.status_peace,Friedenszeit
hud.missile.defcon.status_standby,Standby
hud.missile.defense.early_warning,Frühwarnradare
hud.missile.defense.intercept_slots,Intercept-Steckplätze
hud.missile.defense.saturation,Sättigungsschwelle
hud.missile.defense.saturation_overwhelmed,Überlastet durch {0} gleichzeitige Sprengköpfe
hud.missile.defense.vs1,vs 1 Rakete
hud.missile.defense.vs10,vs 10 Raketen
hud.missile.defense.vs20,vs 20 Raketen
hud.missile.defense.vs5,vs 5 Raketen
hud.missile.error.config_missing,Die Raketenkonfiguration fehlt.
hud.missile.error.country_invalid,Die Länderdaten sind ungültig.
hud.missile.error.country_not_enough_slbm,Das Land verfügt nicht über genügend SLBMs dieses Typs.
hud.missile.error.entity_not_fleet,Das ausgewählte Objekt ist keine Flotte.
hud.missile.error.fleet_moving,"Die Flotte ist gerade in Bewegung. Warte, bis sie zum Stillstand gekommen ist."
hud.missile.error.fleet_no_loaded,Die Flotte hat keine geladenen Raketen.
hud.missile.error.fleet_no_position,Die Position der Flotte ist nicht verfügbar.
hud.missile.error.fleet_no_submarines,Die Flotte verfügt über keine U-Boot-Einheiten.
hud.missile.error.fleet_no_units,Die Flotte verfügt über keine Einheiten.
hud.missile.error.fleet_not_enough_loaded,Die Flotte verfügt nicht über genügend geladene Raketen dieses Typs.
hud.missile.error.fleet_not_owned,Diese Flotte gehört nicht dem angezeigten Land.
hud.missile.error.insufficient_budget,Das Verteidigungsbudget reicht für diesen Fertigungsauftrag nicht aus.
hud.missile.error.invalid_count,Ungültige Menge.
hud.missile.error.invalid_entity,Die ausgewählte Entität ist ungültig.
hud.missile.error.invalid_type,Ungültiger Raketentyp.
hud.missile.error.no_provinces,Launcher kontrolliert keine Provinzen.
hud.missile.error.no_warheads_available,Es sind keine Raketen dieses Typs verfügbar.
hud.missile.error.not_at_war_conventional,"Herkömmliche Angriffe können nur gegen Länder angeordnet werden, mit denen man sich im Krieg befindet."
hud.missile.error.not_at_war_nuclear,"Nuklearschläge können nur gegen Länder angeordnet werden, mit denen man sich im Krieg befindet."
hud.missile.error.only_submarine_missiles,Auf Flotten dürfen nur U-Boot-kompatible Raketen geladen werden.
hud.missile.error.own_territory,Du kannst keine Angriffe auf dein eigenes Territorium starten.
hud.missile.error.port_no_inventory,Im Hafen wurden keine Raketen gefunden.
hud.missile.error.port_not_enough_slbm,Die Provinz Port verfügt nicht über genügend SLBMs dieses Typs.
hud.missile.error.sub_pen_required,"Die Flotte muss sich in einem Seegebiet befinden, das an einen Hafen mit U-Boot-Bunker angrenzt."
hud.missile.error.submarine_capacity,Die Kapazität der U-Boot-Flotte würde überschritten werden.
hud.missile.error.target_infra_missing,In der Zielprovinz fehlt die erforderliche Raketeninfrastruktur.
hud.missile.error.target_invalid,Die Zielprovinz ist ungültig.
hud.missile.error.target_out_of_range,"Ziel außerhalb der Reichweite ({0} Provinzen, effektive Reichweite {1})."
hud.missile.fallback.province,P#{0}
hud.missile.fallback.type,Typ #{0}
hud.missile.fleet.check.fail,VERMISST
hud.missile.fleet.check.ok,Na gut
hud.missile.fleet.helper_hint,"Laderegel: Die Flotte muss sich in der Nähe eines Hafens mit U-Boot-Bunker befinden. Ist der lokale Hafenvorrat aufgebraucht, kann ein SLBM automatisch aus dem nationalen Vorrat übertragen werden."
hud.missile.fleet.port_stock,Aktien des Hafens ({0}): {1}  |  Aktien des Landes: {2}
hud.missile.fleet.port_stock_no_port,Lagerbestand im Hafen: nicht verfügbar (nicht im U-Boot-Hafen)  |  Lagerbestand im Land: {0}
hud.missile.fleet.requirements,Anforderungen: Nähe zum Unterbezirk {0}  |  Lagerbestand des Landes {1}  |  Flottenkapazität {2}
hud.missile.fleet.row,Flotte #{0} – {1} | U-Boote: {2} | SLBMs: {3}/{4}
hud.missile.fleet.summary,U-Boote: {0}  |  Geladene SLBMs: {1}/{2}
hud.missile.history.attacker_fallback,Land #{0}
hud.missile.history.empty,Es wurden keine Streiks verzeichnet.
hud.missile.history.empty_missing,Keine Streikvorgeschichte.
hud.missile.inventory.empty_missing,Kein Raketenbestand. Infrastruktur aufbauen und Produktion in die Warteschlange stellen.
hud.missile.inventory.empty_stockpile,Keine Raketen im Bestand.
hud.missile.inventory.group.mobile,Mobil
hud.missile.inventory.group.silo,Silo-basiert
hud.missile.inventory.group.submarine,Von U-Booten abgefeuert
hud.missile.inventory.row,{0} {1} x{2} @ {3}
hud.missile.location.fleet,Flotte #{0}
hud.missile.location.unassigned,Nicht zugewiesen
hud.missile.production.available_budget,Verfügbares Budget: {0}
hud.missile.production.btn_produce,Warteschlange Produktion
hud.missile.production.choice,"{0} ({1}, R:{2})"
hud.missile.production.cost,Kosten: {0}
hud.missile.production.destination,Reiseziel
hud.missile.production.destination_capacity,{0} ({1} kostenlos)
hud.missile.production.destination_none,Keine Kapazität verfügbar
hud.missile.production.destination_submarine,(U-Boot – später zuweisen)
hud.missile.production.empty,Es werden derzeit keine Raketen hergestellt.
hud.missile.production.empty_missing,Keine Produktionswarteschlange.
hud.missile.production.failed,Die Raketenproduktion ist gescheitert.
hud.missile.production.mini_label,RAKETENPRODUKTIONSMODUS
hud.missile.production.missile_type,Raketentyp
hud.missile.production.new_title,Warteschlange „Neue Produktion“
hud.missile.production.platform,Plattform: {0}
hud.missile.production.row_time,{0}mo ({1:P0})
hud.missile.production.time,Erstellungszeit: {0}
hud.missile.production.time_months,{0} Monate
hud.missile.production.warhead,Sprengkopf
hud.missile.production.warhead.conventional,Herkömmlich
hud.missile.production.warhead.nuclear,Nuklear
hud.missile.section.defcon,DEFCON STATUS
hud.missile.section.defense,RAKETENABWEHR
hud.missile.section.fleet_slbm,VERWALTUNG DER FLOTTEN-SLBM
hud.missile.section.history,STREIKGESCHICHTE
hud.missile.section.inventory,Raketenbestand
hud.missile.section.production,PRODUKTIONSWARTESCHLANGE
hud.missile.section.strike_controls,STRIKE-STEUERUNGEN
hud.missile.status.fleet_not_found,Flotte nicht gefunden.
hud.missile.status.no_destination_capacity,Es gibt keine Zielprovinzen mit verfügbaren Kapazitäten.
hud.missile.status.no_missiles_to_load,Es sind keine Raketen zum Laden verfügbar.
hud.missile.status.no_submarine_inventory,Es befinden sich keine U-Boot-fähigen Raketen im Bestand.
hud.missile.status.production_queued,"Produktion in der Warteschlange ({0} Monate, {1})."
hud.missile.status.select_target_first,"Wählen Sie „Ziel auf der Karte auswählen“, um ein Ziel auszuwählen."
hud.missile.strike.btn_launch,Startangriff
hud.missile.strike.btn_select_target,Ziel auf der Karte auswählen
hud.missile.strike.choice,{0} x{1} (R:{2})
hud.missile.strike.missile,Rakete
hud.missile.strike.no_conv_but_nuclear,"{0} Atomsprengköpfe verfügbar – erkläre den Krieg, um den Reiter „Atomwaffen“ freizuschalten."
hud.missile.strike.no_missile_selected,Es wurde keine Rakete ausgewählt.
hud.missile.strike.no_missiles,Keine Raketen verfügbar
hud.missile.strike.nuclear_tab_desc,Feuer nukleare Raketen auf feindliches Gebiet ab. Bei Befehl erfolgt automatisch eine Eskalation auf DEFCON 1.
hud.missile.strike.nuclear_tab_requires_war,Nuklearschläge erfordern einen aktiven Krieg (DEFCON 3 oder niedriger).
hud.missile.strike.preview_select,Wählen Sie ein Ziel für die Vorschau aus.
hud.missile.strike.select_target_hint,"Klicken Sie auf „Ziel auf der Karte auswählen“, um die Zielprovinz auszuwählen."
hud.missile.strike.source,Quelle
hud.missile.strike.source_auto,Auto (nächstgelegen)
hud.missile.strike.tab_conventional,Herkömmlich
hud.missile.strike.tab_nuclear,Kernenergie
hud.missile.targeting.hint_cancel,Rechtsklick oder ESC zum Abbrechen
hud.missile.targeting.hint_confirm,"Klicke mit der linken Maustaste auf die Karte, um das Ziel zu bestätigen"
hud.missile.targeting.title,Zielangriff
hud.missile.unknown,--
hud.missile.warhead_tag_conventional,[C]
hud.missile.warhead_tag_nuclear,[N]
hud.nav.agenda,TAGESORDNUNG
hud.nav.agenda_desc,Strategische Ziele und nationale Zielsetzungen
hud.nav.diplomacy,DIPLOMATIE
hud.nav.diplomacy_desc,Beziehungen und Bündnisse pflegen
hud.nav.economy,WIRTSCHAFT
hud.nav.economy_desc,Budget und Ausgaben verwalten
hud.nav.envoys_desc,Ihre Spezialistenliste und aktuelle Einsätze
hud.nav.hotkey_label,Tastenkombination
hud.nav.intel,INTELLIGENZ
hud.nav.intel_desc,Spionage und verdeckte Operationen
hud.nav.military,MILITÄR
hud.nav.military_desc,Streitkräfte und deren Einsatz verwalten
hud.nav.overview,ÜBERBLICK
hud.nav.overview_desc,Länderstatistiken auf einen Blick
hud.nav.provinces,PROVINZEN
hud.nav.provinces_desc,Liste der eigenen Provinzen
hud.nav.quick_build_tooltip,Schnellbau
hud.nav.quick_recruit_tooltip,Schnellrekrutierung
hud.nav.recruit,STELLENANGEBOTE
hud.nav.recruit_desc,Neue Einheiten rekrutieren und ausbilden
hud.nav.tech,TECHNOLOGIE
hud.nav.tech_desc,Neue Technologien erforschen
hud.outliner.actor_player,Ihre Regierung
hud.outliner.agenda_entry_body,Öffnen Sie die Agenda und legen Sie Ihr aktuelles Hauptziel fest. Die Aufgaben im Outliner richten sich nach dieser Auswahl.
hud.outliner.agenda_entry_title,Offene strategische Agenda
hud.outliner.air_wing_entry,Luftflügel {0} ({1})
hud.outliner.alerts,BENACHRICHTIGUNGEN
hud.outliner.and_more,...und {0} weitere
hud.outliner.armies,ARMEE
hud.outliner.army_entry,Armee {0} (Prov {1})
hud.outliner.category_air_wings,LUFTFLÜGEL
hud.outliner.category_fleet,FLOTTE
hud.outliner.category_land,LAND
hud.outliner.category_units,{0} {1}
hud.outliner.coalition_sanction_applied_impact,Die betroffenen Handels- und diplomatischen Kanäle stehen unter unmittelbarem Druck.
hud.outliner.coalition_sanction_applied_what,Es wurden Koalitionssanktionen gegen {0} verhängt.
hud.outliner.coalition_sanction_applied_why,Abgestimmter wirtschaftlicher Druck gemeinsam mit gleichgesinnten Staaten.
hud.outliner.construction,BAUWESEN
hud.outliner.counterintel_mission,Aufklärung (Verteidigung) ({0}%)
hud.outliner.diplo_action_expires,{0} – {1} noch verbleibend
hud.outliner.diplo_action_permanent,{0}
hud.outliner.diplo_actions,DIPLOMATISCHE MASSNAHMEN
hud.outliner.diplo_agreements,VEREINBARUNGEN
hud.outliner.diplo_alliances,PARTNERSCHAFTEN
hud.outliner.diplo_relations,BEZIEHUNGEN
hud.outliner.diplomacy,DIPLOMATIE
hud.outliner.diplomats,DIPLOMATEN
hud.outliner.envoy_active,Aktive Gesandte: {0}/{1}
hud.outliner.envoy_high_exposure,Hohe Sichtbarkeit: {0}
hud.outliner.envoy_reserve,Reserve: Nicht im Einsatz {0} · Abgerufen {1} · Ausgebrannt {2}
hud.outliner.envoy_signature_ready,Zur Unterschrift bereit: {0}
hud.outliner.envoy_threats,Bedrohungen aus dem Ausland: {0}
hud.outliner.espionage,SPIONAGE
hud.outliner.espionage_mission,{0} vs. {1} ({2}%)
hud.outliner.event_log,Ereignisprotokoll
hud.outliner.events,VERANSTALTUNGEN
hud.outliner.fleet_entry,Flotte {0} ({1})
hud.outliner.military,MILITÄR
hud.outliner.no_alerts,Keine Benachrichtigungen
hud.outliner.no_armies,Keine Armeen
hud.outliner.no_construction,Es ist nichts im Bau
hud.outliner.no_diplo_actions,Keine laufenden diplomatischen Maßnahmen
hud.outliner.no_diplomacy,Keine aktive Diplomatie
hud.outliner.no_espionage,Keine laufenden Vorgänge
hud.outliner.no_events,Keine anstehenden Termine
hud.outliner.no_events_log,Es wurden keine Ereignisse aufgezeichnet
hud.outliner.no_military,Keine militärischen Einheiten
hud.outliner.no_specialists,Keine Spezialisten verfügbar
hud.outliner.no_wars,Keine laufenden Kriege
hud.outliner.objective_click_hint,"Klicken Sie hier, um das entsprechende Fenster zu öffnen."
hud.outliner.objectives,ZIELE
hud.outliner.objectives_complete,Alle Lernziele des Tutorials sind erreicht
hud.outliner.objectives_disabled,Lernziele deaktiviert
hud.outliner.objectives_loading,Ziele werden vorbereitet...
hud.outliner.specialist_burned_out,VERBRANNT
hud.outliner.specialist_deployed,EINGESETZT
hud.outliner.specialist_idle,Ich weiß es nicht
hud.outliner.specialist_recalled,ZURÜCKGERUFEN
hud.outliner.title,ÜBERSICHT
hud.outliner.trade_agreement_tooltip,Tarifsenkung: {0}\\nExportförderung: {1}\\nJährlicher Wachstumsbonus: {2}\\n{3} verbleibende Monate
hud.outliner.un_admitted_impact,Das Land profitiert nun von seiner UN-Mitgliedschaft.
hud.outliner.un_admitted_what,{0} wurde in die Vereinten Nationen aufgenommen.
hud.outliner.un_admitted_why,Die Ratifizierungsabstimmung wurde angenommen.
hud.outliner.un_proposed_impact,"Die Bestätigungsabstimmung beginnt, sobald der Kandidat zustimmt."
hud.outliner.un_proposed_what,{0} hat {1} für die UN-Mitgliedschaft nominiert.
hud.outliner.un_proposed_why,Ein Mitglied des UN-Sicherheitsrats hat den Vorschlag eingebracht.
hud.outliner.un_rejected_impact,Der Kandidat kann in Zukunft erneut nominiert werden.
hud.outliner.un_rejected_what,Der Antrag von {0} auf Aufnahme in die Vereinten Nationen wurde abgelehnt.
hud.outliner.un_rejected_why,Die Ratifizierungsabstimmung scheiterte.
hud.outliner.unit_air_wings,Luftflügel
hud.outliner.unit_armies,Armeen
hud.outliner.unit_composition,ZUSAMMENSETZUNG
hud.outliner.unit_fleets,Flotten
hud.outliner.unsc_vote_started_impact,Die Stimmen der Mitglieder und ein mögliches Veto werden über den Ausgang entscheiden.
hud.outliner.unsc_vote_started_what,Hat eine Abstimmung über Sanktionen des UN-Sicherheitsrats gegen {0} vorgeschlagen.
hud.outliner.unsc_vote_started_why,Zunehmender Druck durch das Verfahren im Sicherheitsrat.
hud.outliner.vote_against_word,GEGEN
hud.outliner.vote_final_accepted_title,Abstimmungsergebnis: Angenommen
hud.outliner.vote_final_accepted_what,Das Endergebnis für {0} wurde akzeptiert.
hud.outliner.vote_final_rejected_title,Abstimmungsergebnis: Abgelehnt
hud.outliner.vote_final_rejected_what,Das Endergebnis für {0} wurde abgelehnt.
hud.outliner.vote_final_vetoed_title,Abstimmungsergebnis: Abgelehnt
hud.outliner.vote_final_vetoed_what,Das Endergebnis für {0} wurde abgelehnt.
hud.outliner.vote_for_word,FÜR
hud.outliner.vote_progress_impact,Aktueller Stand: {0} dafür / {1} dagegen / {2} Vetos (vorgeschlagen von {3}).
hud.outliner.vote_progress_membership_title,Aktuelles zur Abstimmung über die UN-Mitgliedschaft
hud.outliner.vote_progress_membership_what,{0} stimmte für {1} bezüglich der UN-Mitgliedschaft von {2}.
hud.outliner.vote_progress_membership_why,Die Ratifizierungsabstimmungen der Mitgliedstaaten finden nach und nach statt.
hud.outliner.vote_progress_unsc_title,Aktuelles zur Abstimmung im UN-Sicherheitsrat
hud.outliner.vote_progress_unsc_what,{0} stimmte für {1} bezüglich der Sanktionen gegen {2}.
hud.outliner.vote_progress_unsc_why,Die Abstimmung im Sicherheitsrat verläuft in mehreren Phasen.
hud.outliner.vote_veto_word,VETO
hud.outliner.war_allied,(Alliierte)
hud.outliner.war_battles,Kämpfe: {0}/{1}
hud.outliner.war_exhaustion_pct,Kriegsmüdigkeit: {0:F0}%
hud.outliner.war_provinces,Belegt: {0}
hud.outliner.war_vs,Krieg gegen {0}
hud.outliner.wars,Krieger
hud.outliner.with_partner,{0} mit {1}
hud.overlay.diplo_map_desc,Grafische Darstellung der diplomatischen Beziehungen zu allen Staaten.
hud.overlay.diplo_map_title,WELTKARTENBEZIEHUNGEN
hud.overlay.diplo_rel_desc,"Allianzmanagement, Vertragsverhandlungen, Abstimmungen in der UNO und diplomatische Maßnahmen."
hud.overlay.diplo_rel_title,DIPLOMATISCHE BEZIEHUNGEN
hud.overlay.diplomacy_title,DIPLOMATIE
hud.overlay.econ_budget_desc,"Hier werden Steuersätze, Mittelzuweisungen, Handelsabkommen und wirtschaftspolitische Maßnahmen festgelegt."
hud.overlay.econ_budget_title,HAUSHALTSVERWALTUNG
hud.overlay.econ_trade_desc,"Import-/Exportpartner, Zolltarifverwaltung, Visualisierung von Handelsrouten."
hud.overlay.econ_trade_title,ÜBERBLICK ÜBER DEN HANDEL
hud.overlay.economy_title,WIRTSCHAFT
hud.overlay.intel_title,INTELLIGENZ
hud.overlay.mil_force_desc,"Zusammensetzung von Heer, Marine und Luftwaffe. Befehle zum Einsatz und zur Verlegung von Einheiten."
hud.overlay.mil_force_title,ÜBERBLICK ÜBER DIE FORCE
hud.overlay.mil_plan_desc,"Auswahl der Militärdoktrin, Produktionspläne für Ausrüstung, Wehrpflichtpolitik."
hud.overlay.mil_plan_title,VERTEIDIGUNGSPLANUNG
hud.overlay.military_title,MILITÄR
hud.overlay.missile_title,MISSILE COMMAND
hud.overlay.tech_invest_desc,"Zuweisung von Forschungs- und Entwicklungsmitteln, Forschungspartnerschaften, Vereinbarungen zum Technologieaustausch."
hud.overlay.tech_invest_title,INVESTITION
hud.overlay.tech_title,TECHNOLOGIE
hud.overlay.tech_tree_desc,"Technologie-Forschungsbaum mit zivilen, militärischen und Sonderprojekten."
hud.overlay.tech_tree_title,FORSCHUNGSBAUM
hud.overlay.un_title,UN-LEITSTELLE
hud.overlay.under_construction,Diese Seite befindet sich derzeit im Aufbau.
hud.panel.expand_to_overlay,In einem Overlay-Fenster öffnen
hud.peace.acceptance,ZUSTIMMUNG
hud.peace.cancel,ABBRECHEN
hud.peace.confirm_send,Friedensangebot an {0} senden?\\nForderungen: {1}
hud.peace.deal_terms.with_province_names,{0} ({1})
hud.peace.demand_cost,Kosten: {0}
hud.peace.demand_humiliation,Demütigung
hud.peace.demand_liberation,Befreiung
hud.peace.demand_provincetransfer,Provinzwechsel
hud.peace.demand_regimechange,Regimewechsel
hud.peace.demand_statusquo,Status Quo (White Peace)
hud.peace.demand_warreparations,Kriegsentschädigungen
hud.peace.failed.reason_cost_exceeds,Die Gesamtnachfragekosten übersteigen den aktuellen Kriegsstand.
hud.peace.failed.reason_generic,Bitte überprüfen Sie die ausgewählten Begriffe und versuchen Sie es erneut.
hud.peace.failed.reason_invalid_cb,Eine oder mehrere der ausgewählten Forderungen sind für den aktuellen Casus Belli ungültig.
hud.peace.failed.reason_not_at_war,Du befindest dich derzeit nicht im Krieg mit diesem Land.
hud.peace.failed.reason_not_occupied,Eine oder mehrere ausgewählte Provinzen sind nicht mehr besetzt.
hud.peace.failed.reason_province_required,Für die Provinzauswahl muss mindestens eine Provinz ausgewählt werden.
hud.peace.failed.reason_self_target,Ein Land kann sich selbst keinen Frieden bieten.
hud.peace.failed_message,Der Friedensschluss mit {0} konnte nicht vollzogen werden. {1}
hud.peace.failed_title,Friedensangebot gescheitert
hud.peace.full_annexation.summary,Vollständige Eingliederung: {0}
hud.peace.invalid_cb,Erfordert einen entsprechenden Casus Belli
hud.peace.no_occupied_provinces,Es sind keine besetzten Provinzen verfügbar
hud.peace.rejected_message,{0} lehnte dieses Friedensangebot ab.
hud.peace.rejected_title,FRIEDEN ABGELEHNT
hud.peace.remaining_score,AKTUELLER STAND
hud.peace.section_title,FRIEDENSVERHANDLUNGEN
hud.peace.select_demands,AUSGEWÄHLTE ANFORDERUNGEN
hud.peace.select_provinces,WÄHLEN SIE DIE PROVINZEN FÜR DIE ÜBERTRAGUNG AUS
hud.peace.send_offer,ANGEBOT SENDEN
hud.peace.status_quo,Status quo
hud.peace.your_war_score,DEINE KRIEGSBILANZ
hud.peace_offer.accept,AKZEPTIERE DEN FRIEDEN
hud.peace_offer.accept_desc,Der Krieg wird gemäß den vorgeschlagenen Bedingungen unverzüglich beendet.
hud.peace_offer.consequences,{0}\\n\\n{1}
hud.peace_offer.demands_header,VORGESCHLAGENE FORDERUNGEN
hud.peace_offer.from,ANGEBOT VON: {0}
hud.peace_offer.reject,NEIN ZUM FRIEDEN
hud.peace_offer.reject_desc,"Der Konflikt wird weitergehen. Wenn deine Kriegsbilanz schlecht ist, könntest du an Ansehen verlieren."
hud.peace_offer.title,FRIEDENSANGEBOT
hud.peace_offer.war_score,AKTUELLER KRIEGSSTAND: {0}
hud.prov.avg_infra,AVG INFRA
hud.prov.avg_unrest,Durchschnittliche Unruhe
hud.prov.col_gdp,Bruttoinlandsprodukt
hud.prov.col_infra,INFRA
hud.prov.col_name,NAME
hud.prov.col_pop,Pop
hud.prov.col_unrest,UNRUHEN
hud.prov.filter,FILTER:
hud.prov.filter_all,Alle
hud.prov.filter_building,Gebäude
hud.prov.filter_low_infra,Geringe Infrastruktur
hud.prov.filter_occupied,Besetzt
hud.prov.filter_unrest,Unruhen >30
hud.prov.mode,MODUS:
hud.prov.mode_build_ops,Gebäudebetrieb
hud.prov.mode_overview,Übersicht
hud.prov.ops_action_build,Erstellen
hud.prov.ops_action_cancel,Abbrechen
hud.prov.ops_action_upgrade,Upgrade
hud.prov.ops_build_failed,In dieser Provinz kann kein verfügbares Gebäude in die Warteschlange gestellt werden.
hud.prov.ops_cancel_failed,"Es gibt keine Bauwarteschlangenposition, die storniert werden könnte."
hud.prov.ops_col_actions,AKTIONEN
hud.prov.ops_col_built,GEBAUT
hud.prov.ops_col_maint,Größe
hud.prov.ops_col_name,NAME
hud.prov.ops_col_next,WEITER
hud.prov.ops_col_queue,WARTESCHLANGE
hud.prov.ops_col_upgradable,UPGR
hud.prov.ops_filter_all,Alle
hud.prov.ops_filter_constructing,Errichten
hud.prov.ops_filter_idle,Leerlauf
hud.prov.ops_filter_queue_full,Warteschlange voll
hud.prov.ops_filter_upgradeable,Aufrüstbar
hud.prov.ops_no_rows,"Es gibt keine Provinzen, die den aktuellen Filtern entsprechen."
hud.prov.ops_search,Suche:
hud.prov.ops_sort_built,Errichtet
hud.prov.ops_sort_maint,Größe
hud.prov.ops_sort_name,Name
hud.prov.ops_sort_next,Weiter
hud.prov.ops_sort_queue,Warteschlange
hud.prov.ops_upgrade_failed,"In dieser Provinz gibt es kein Gebäude, das ausgebaut werden kann."
hud.prov.sort_by,ERGEBNIS:
hud.prov.sort_gdp,Bruttoinlandsprodukt
hud.prov.sort_infra,Infra
hud.prov.sort_name,Name
hud.prov.sort_pop,Pop
hud.prov.sort_unrest,Unruhen
hud.prov.total_gdp,GESAMT-BIP
hud.prov.total_pop,GESAMTBEVÖLKERUNG
hud.prov.total_provinces,PROVINZEN
hud.province.action_build,erstellen
hud.province.action_upgrade,Upgrade
hud.province.area,GEBIET
hud.province.armies,STATIONIERTE ARMEE
hud.province.army_morale,Moral: {0:F0}/{1:F0}
hud.province.army_owner,Eigentümer: {0}
hud.province.army_units,{0} Einheiten
hud.province.available_buildings,BAUBARE GEBÄUDE
hud.province.base_production,PRODUKTIONSSTÄTTE
hud.province.battle,AKTIVER KAMPF
hud.province.battle_armies,Armeen: {0}
hud.province.battle_attacker,Angriffe: {0}
hud.province.battle_defender,Defender: {0}
hud.province.battle_domain_land,LAND
hud.province.battle_domain_naval,MARINE
hud.province.battle_duration,Dauer: {0} Tage
hud.province.battle_participant,{0} [{1}]
hud.province.battle_power,Leistung: {0:F0}
hud.province.battle_side_atk,EDV
hud.province.battle_side_def,Verteidigen
hud.province.build,ERSTELLEN
hud.province.build_new,+ NEU ERSTELLEN
hud.province.building_effects,BAULICHE AUSWIRKUNGEN
hud.province.building_fallback,Gebäude #{0}
hud.province.building_slots,BAU-SLOTS
hud.province.buildings,GEBÄUDE
hud.province.cancel_construction,ABBRECHEN
hud.province.cannot_build,Kann nicht kompiliert werden
hud.province.cat.defense,Verteidigungsanlagen
hud.province.cat.economic,Wirtschaftsgebäude
hud.province.cat.infrastructure,Infrastrukturgebäude
hud.province.cat.intelligence,Geheimdienstgebäude
hud.province.cat.military,Militärgebäude
hud.province.cat.research,Forschungsgebäude
hud.province.cat.social,Soziale Einrichtungen
hud.province.close_picker,SCHLIESSEN
hud.province.coastal_required,KÜSTENPROVINZ ERFORDERLICH
hud.province.confirm_build,Möchten Sie diese Einrichtung wirklich {0}?
hud.province.confirm_demolish,{0} abreißen? Es erfolgt eine teilweise Rückerstattung.
hud.province.construction,WARTESCHLANGE
hud.province.construction_upgrade,{0} (Upgrade)
hud.province.demographics,Demografie
hud.province.demolish,ABREISSEN
hud.province.dev_level,ENTWICKLUNGSSTUFE
hud.province.duration_months,Monate
hud.province.duration_tooltip,Voraussichtliche Bauzeit. In Provinzen mit besserer Infrastruktur schreitet der Bau schneller voran.
hud.province.economy,WIRTSCHAFT
hud.province.education,BILDUNG
hud.province.efx_defense,VERTEIDIGUNG
hud.province.efx_gdp_mod,BIP ÄNDERN
hud.province.efx_infra,INFRASTRUKTUR
hud.province.efx_maintenance,WARTUNG
hud.province.efx_pop_growth,BEVÖLKERUNGSWACHSTUM
hud.province.efx_research,FORSCHUNG
hud.province.efx_unrest_reduction,VERRINGERUNG VON UNRUHEN
hud.province.fertility,FRUCHTBARKEIT
hud.province.gdp,Bruttoinlandsprodukt
hud.province.geo_requirement.continental_shelf,ERFORDERT EINE LAGE AN DER KÜSTE
hud.province.geo_requirement.equatorial,ERFORDERT ÄQUATORIALES GELÄNDE
hud.province.geo_requirement.mountain,ERFORDERT BERGIGES GELÄNDE
hud.province.geo_requirement.tropical,ERFORDERT TROPISCHES GELÄNDE
hud.province.growth_rate,WACHSTUMSRATE
hud.province.header,PROVINZ-DETAILS
hud.province.healthcare,GESUNDHEITSWESEN
hud.province.infra,INFRASTRUKTUR
hud.province.infra_maxed,MAXIMALE INFRASTRUKTUR ERREICHT
hud.province.level,Stufe
hud.province.level_new,Neu
hud.province.level_short,Lv. {0}
hud.province.life_expectancy,LEBENSERWARTUNG
hud.province.life_expectancy_years,{0:F1} der
hud.province.literacy,ALPHABETISIERUNG
hud.province.max_reached,Max erreichte
hud.province.migration,MIGRATIONSDRUCK
hud.province.missile_infrastructure,Raketeninfrastruktur
hud.province.missiles_stationed,Stationierte Raketen
hud.province.missing_funds,FEHLENDE GELDER
hud.province.mobile_launchers,Mobile Startprogramme
hud.province.move_capital,Kapital hierher verlagern
hud.province.move_capital_confirm,Kapital nach {0} verlagern? Dies würde die Stabilität um {1} verringern.
hud.province.next_slot_progress,Der nächste Platz wird nach der Infrastruktur „+{0:F1}“ freigeschaltet (insgesamt {1:F1})
hud.province.no_armies,Es sind keine Truppen stationiert
hud.province.no_available_buildings,In dieser Provinz gibt es keine bebaubaren Gebäude
hud.province.no_build_slots,Es sind keine Bauplätze verfügbar.
hud.province.no_buildings,Es wurden keine Gebäude errichtet
hud.province.no_construction,Keine laufenden Bauarbeiten
hud.province.no_deposit,KEINE RESSOURCENVORKOMMEN
hud.province.no_unavailable_buildings,Derzeit können alle Gebäude gebaut werden
hud.province.pick_building,Wählen Sie das zu errichtende Gebäude aus
hud.province.population,BEVÖLKERUNG
hud.province.prod_modifier,PROD BEARBEITEN
hud.province.produced_resources,PRODUZIERTE RESSOURCEN
hud.province.queue_full,WARTESCHLANGE VOLL
hud.province.radiation,STRAHLUNG
hud.province.reason_cannot_construct,Das Gebäude kann nicht errichtet werden
hud.province.recommend_badge,Freizeit
hud.province.req_infra,INFRA {0} (SIE {1})
hud.province.req_population,POP {0} (DU {1})
hud.province.req_tech,TECH {0}
hud.province.request_intel,INFORMATIONEN ANFORDERN
hud.province.resource_none,Keine
hud.province.resource_output,RESSOURCENVERBRAUCH
hud.province.resource_primary,Grundschule
hud.province.resources_deposits,VERFÜGBARE RESSOURCEN
hud.province.resources_production,PRODUKTION
hud.province.select_prompt,Wählen Sie eine Provinz auf der Karte aus
hud.province.silo_capacity,Silo-Kapazität
hud.province.slot_cap,PLÄTZE AUSGEBUCHT ({0}/{1})
hud.province.slot_constructing,Erstellen von {0} ({1:P0})
hud.province.slot_overflow_more,+{0} weitere freie Plätze
hud.province.slot_overflow_short,+{0}
hud.province.state,BUNDESSTAAT
hud.province.status_operational,Status: In Betrieb
hud.province.subcat.extraction,Gewinnung
hud.province.subcat.industry,Industrie
hud.province.submarine_pen,U-Boot-Stift
hud.province.supply_eff,VERSORGUNGSEFFEKT
hud.province.terrain,GRUNDSTÜCK
hud.province.terrain_prod,FLÄCHENPRODUKTIVITÄT
hud.province.unavailable_buildings,NICHT VERFÜGBARE GEBÄUDE
hud.province.unrest,UNRUHEN
hud.province.upgrade,UPGRADE
hud.province.upgrading,WIRD AKTUALISIERT...
hud.province.urbanization,URBANISIERUNG
hud.province.vis_reason.adjacent_explored,In der Nähe des eigenen Territoriums (erkundet)
hud.province.vis_reason.adjacent_visible,Angrenzend an das eigene Gebiet
hud.province.vis_reason.alliance_explored,Allianz zwischen {0} und {1} (untersucht)
hud.province.vis_reason.alliance_full,Allianz zwischen {0} und {1} (vollständig)
hud.province.vis_reason.allied_army_presence,Präsenz der Alliierten ({0})
hud.province.vis_reason.ally_fallback,allier
hud.province.vis_reason.army_stationed,Hier ist eine Armee stationiert
hud.province.vis_reason.own_territory,Eigenes Revier
hud.province.vis_reason.previously_explored,Bereits behandelt
hud.province.vis_reason.terra_incognita,Unbekanntes Land
hud.province.vis_reason.within_surveillance,In Reichweite
hud.province.vis_source,Quelle
hud.province.vis_status,Status
hud.province.visibility,Sichtbarkeit
hud.quickbuild.action_build_here,HIER BAUEN
hud.quickbuild.action_queue,+ Warteschlange
hud.quickbuild.action_queue_upgrade,+ Warteschlange aktualisieren
hud.quickbuild.action_refresh,↻ Aktualisieren
hud.quickbuild.action_select_on_map,Auf der Karte auswählen
hud.quickbuild.action_upgrade_here,HIER AKTUALISIEREN
hud.quickbuild.action_view_province,PROVINZ ANZEIGEN
hud.quickbuild.badge_planned,GELD SPAREN
hud.quickbuild.badge_recommended,EMPFOHLEN
hud.quickbuild.bonus_none,-
hud.quickbuild.building_recommendations_subtitle,"Wähle ein Gebäude aus, baue es direkt in einer empfohlenen Provinz oder wechsle in den Kartenplatzierungsmodus."
hud.quickbuild.building_recommendations_title,EMPFEHLUNGEN FÜR DEN BAU
hud.quickbuild.building_summary_fallback,Befolge die unten stehenden Empfehlungen oder platziere dieses Gebäude manuell auf der Karte.
hud.quickbuild.building_target_count,{0} empfohlene Provinzen
hud.quickbuild.building_target_empty_hint,"Es gibt keine Provinzen, die den aktuellen Schnellauswahlfiltern für dieses Gebäude entsprechen. Sie können dennoch die Funktion „Auf der Karte auswählen“ nutzen."
hud.quickbuild.building_target_none,Keine aktuellen Empfehlungen
hud.quickbuild.building_target_reason,Warum: {0}
hud.quickbuild.chain_input_warning,Lieferrisiko: {0}-Deckung {1} %
hud.quickbuild.chain_input_warning_critical,Kritisches Versorgungsrisiko: {0}-Deckung {1} %
hud.quickbuild.col_action,Aktion
hud.quickbuild.col_bonus,Bonus
hud.quickbuild.col_icon,Symbol
hud.quickbuild.col_province,Provinz
hud.quickbuild.col_rank,#
hud.quickbuild.col_recommend,Empfehlen
hud.quickbuild.col_score,Ergebnis
hud.quickbuild.col_slots,Slots
hud.quickbuild.col_threat,STABILITÄT
hud.quickbuild.compact_subtitle,Durchsuche Provinzen mit hoher Priorität und stelle die beste Empfehlung schnell in die Warteschlange.
hud.quickbuild.ctx_deterrence,Abwehreignung
hud.quickbuild.ctx_econ_leverage,Bevölkerungshebel
hud.quickbuild.ctx_economy_focus,Wirtschaftsfokus
hud.quickbuild.ctx_growth,Bevölkerungswachstum
hud.quickbuild.ctx_high_threat,Abdeckung bei hohem Risiko
hud.quickbuild.ctx_infra_catchup,Aufholbedarf bei der Infrastruktur
hud.quickbuild.ctx_operations,Operative Eignung
hud.quickbuild.ctx_research,Forschungsdynamik
hud.quickbuild.ctx_stability,Stabilitätsentlastung
hud.quickbuild.filter_clear,×
hud.quickbuild.filter_label,Filter:
hud.quickbuild.filter_placeholder,"Gib „Provinz“, „Gebäude“ oder „Bonus“ ein..."
hud.quickbuild.global_queue_cancel,Abbrechen
hud.quickbuild.global_queue_count,{0} aktiv
hud.quickbuild.global_queue_empty,Es befinden sich keine Gebäude in der Bauwarteschlange.
hud.quickbuild.global_queue_title,WARTESCHLANGE
hud.quickbuild.help_eligibility_tooltip,"„Schnellansicht“ zeigt lediglich eine Übersicht mit Empfehlungen und kurze Hinweise zur Verfügbarkeit an. Um die Anforderungen für einzelne Gebäude einzusehen, öffnen Sie das entsprechende Fenster mit den Details zur Provinz."
hud.quickbuild.layout_label,Layout:
hud.quickbuild.mode_compact,Kompakt
hud.quickbuild.mode_detailed,Ausführlich
hud.quickbuild.mode_label,Ansicht:
hud.quickbuild.no_buildings,Es sind keine Gebäude verfügbar
hud.quickbuild.no_match,"Es wurden keine Provinzen gefunden, die dem Filter entsprechen."
hud.quickbuild.no_provinces,Es gibt keine Provinzen mit freien Bauplätzen.
hud.quickbuild.only_bonus,Bonusgeschenk
hud.quickbuild.only_empty_slots,Freie Plätze
hud.quickbuild.only_label,Nur:
hud.quickbuild.only_military,Für den Verteidigungsfokus können nur militärische Gebäude in die Warteschlange gestellt werden.
hud.quickbuild.only_offense,Für den Angriffsfokus können nur militärische Gebäude in die Warteschlange gestellt werden.
hud.quickbuild.only_threat,Instabil
hud.quickbuild.per_month_short,/Monat
hud.quickbuild.placement.cancel,Die Platzierung wurde abgebrochen
hud.quickbuild.placement.cancel_by_click,Bauauftrag abgebrochen (leerer Klick)
hud.quickbuild.placement.cancel_by_right_click,Platzierung des Gebäudes abgebrochen (Rechtsklick)
hud.quickbuild.placement.click_prompt,"Klicke auf eine markierte Provinz, um dieses Gebäude in die Warteschlange zu stellen. Drücke die Esc-Taste, um den Platzierungsmodus zu verlassen."
hud.quickbuild.placement.failed,Für dieses Gebäude sind keine in Frage kommenden Provinzen verfügbar.
hud.quickbuild.placement.invalid_target,"Wähle eine der markierten Provinzen aus, um dieses Gebäude in die Warteschlange zu stellen."
hud.quickbuild.placement.mini_building,Gebäude: {0}
hud.quickbuild.placement.mini_cancel,Abbrechen
hud.quickbuild.placement.mini_label,Bau-Modus
hud.quickbuild.placement.mode_label,Platzierung der Bauelemente
hud.quickbuild.queue_short,Q:{0}
hud.quickbuild.reason_chain_coverage,Risiko der Unterdeckung ({0} %)
hud.quickbuild.reason_country_priority,Entspricht den aktuellen Schwerpunkten des Staatshaushalts.
hud.quickbuild.reason_defense_overconcentration,Die Verteidigung konzentriert sich auf andere Bereiche; diese Empfehlung sorgt für eine ausgewogene Abdeckung.
hud.quickbuild.reason_education_base,"Die Bildungsbasis ist stark genug, um die Forschung auszuweiten."
hud.quickbuild.reason_emergency_stabilization_override,Notfallmaßnahmen zur Stabilisierung rechtfertigen vorübergehende nichtmilitärische Investitionen.
hud.quickbuild.reason_frontier_gap,Die Abdeckung an der Grenze ist hier lückenhaft; eine Verstärkung dieser Seite verbessert das Gleichgewicht an der Grenze.
hud.quickbuild.reason_general_fit,Entspricht dem aktuellen Provinzprofil und den baulichen Vorgaben.
hud.quickbuild.reason_growth_space,"Die Bevölkerungsobergrenze ist niedrig genug, um von Wachstumseffekten zu profitieren."
hud.quickbuild.reason_high_value_target,Eine wertvolle Provinz profitiert von zusätzlicher Verteidigung.
hud.quickbuild.reason_infra_gap,Die Infrastruktur liegt unter dem nationalen Durchschnitt.
hud.quickbuild.reason_military_industry,"Die Rüstungsindustrie sichert die langfristige Truppenstärke, doch die Einsatzfähigkeit an der Front hat Vorrang."
hud.quickbuild.reason_naval_access,Der Zugang zur Küste wird nicht ausreichend genutzt; die Einrichtung von Marinestützpunkten eröffnet neue Möglichkeiten für die Flotte.
hud.quickbuild.reason_population_scale,Eine große Bevölkerung kann dies in eine höhere Leistungsfähigkeit umsetzen.
hud.quickbuild.reason_prefix,WARUM: {0}
hud.quickbuild.reason_recruitment_capacity,Die Rekrutierungskapazitäten sind nicht ausreichend ausgelastet; dies eröffnet praktische Möglichkeiten für den Einsatz der Einheiten.
hud.quickbuild.reason_strategic_layering,"Die strategischen Verteidigungsstufen (Radar, Abfang, Raketen) sind hier am stärksten."
hud.quickbuild.reason_strategic_projection,Die strategische Lage begünstigt die Machtprojektion.
hud.quickbuild.reason_unrest_pressure,Die Unruhen vor Ort haben zugenommen; der Stabilisierung kommt hohe Bedeutung zu.
hud.quickbuild.recommendations_subtitle,Wählen Sie eine Empfehlung aus oder nutzen Sie die Provinzdetails für die vollständige manuelle Steuerung.
hud.quickbuild.recommendations_title,EMPFEHLUNGEN DER PROVINZ
hud.quickbuild.slots,{0}/{1}-Steckplätze frei
hud.quickbuild.slots_build,{0} Bild
hud.quickbuild.slots_short,{0} kostenlos
hud.quickbuild.slots_upgrade,{0} upg
hud.quickbuild.stale_target,Die Provinz wurde geändert. Bitte wählen Sie erneut eine Empfehlung aus.
hud.quickbuild.strategy_all,Alle
hud.quickbuild.strategy_defense,Fokus auf Verteidigung
hud.quickbuild.strategy_economy,Wirtschaft im Fokus
hud.quickbuild.strategy_infra,Infrastruktur an erster Stelle
hud.quickbuild.strategy_label,Ziel:
hud.quickbuild.strategy_military,Militär
hud.quickbuild.strategy_offense,Angriff
hud.quickbuild.strategy_research,Forschungsschub
hud.quickbuild.tab_by_building,Nach Gebäude
hud.quickbuild.tab_by_province,Nach Bundesland
hud.quickbuild.tab_label,Durchsuchen:
hud.quickbuild.threat_high,Gefährdet
hud.quickbuild.threat_low,Stall
hud.quickbuild.threat_medium,Instabil
hud.quickbuild.threat_score_label,Stabilität
hud.quickbuild.title,SCHNELLER AUFBAU
hud.quickbuild.tooltip.strategy_all_desc,Zeigt Empfehlungen aus allen Kategorien an.
hud.quickbuild.tooltip.strategy_all_title,Zielgruppe: Alle
hud.quickbuild.tooltip.strategy_defense_desc,Legt den Schwerpunkt auf die Stabilisierung der defensiven Tiefe und geschützte Fronten.
hud.quickbuild.tooltip.strategy_defense_title,Ziel: Fokus auf Verteidigung
hud.quickbuild.tooltip.strategy_economy_desc,Stellt das BIP-Wachstum und die wirtschaftliche Leistungsfähigkeit in den Vordergrund.
hud.quickbuild.tooltip.strategy_economy_title,Schwerpunkt: Wirtschaft
hud.quickbuild.tooltip.strategy_infra_desc,Legt den Schwerpunkt auf den Ausbau der Infrastruktur und das Freischalten von Slots.
hud.quickbuild.tooltip.strategy_infra_title,Ziel: Infrastruktur an erster Stelle
hud.quickbuild.tooltip.strategy_military_desc,"Zeigt militärische Empfehlungen, darunter defensive militärische Anlagen wie Luftabwehr und Festungen."
hud.quickbuild.tooltip.strategy_military_title,Zielgruppe: Militär
hud.quickbuild.tooltip.strategy_offense_desc,Zeigt Empfehlungen zur Machtprojektion an und schließt Festungen und Luftabwehr aus.
hud.quickbuild.tooltip.strategy_offense_title,Ziel: Angriff
hud.quickbuild.tooltip.strategy_research_desc,Stellt Forschungsergebnisse und langfristige technologische Dynamik in den Vordergrund.
hud.quickbuild.tooltip.strategy_research_title,Ziel: Forschungsförderung
hud.quickrecruit.auto_catalog_title,AUTO {0} KATALOG
hud.quickrecruit.badge.missile,RAKETE
hud.quickrecruit.badge.unit,EINHEIT
hud.quickrecruit.blocked,GESPERRT
hud.quickrecruit.meta,FINANZMINISTERIUM {0}   MP {1}
hud.quickrecruit.mp_cost,MP {0:N0}
hud.quickrecruit.needs_facility,BENÖTIGT {0} IN EINER EIGENEN PROVINZ
hud.quickrecruit.needs_mp,BENÖTIGT MP {0:N0}
hud.quickrecruit.no_provinces,Für diese Einheitskategorie sind keine Provinzen verfügbar.
hud.quickrecruit.prereq_not_met,Voraussetzungen nicht erfüllt
hud.quickrecruit.province_fallback,Provinz {0}
hud.quickrecruit.recruitment_failed,Die Personalbeschaffung ist gescheitert
hud.quickrecruit.resources_per_month,Ressourcen/Monat:
hud.quickrecruit.resources_required,Voraussetzungen:
hud.quickrecruit.target.auto,AUTO TARGET {0}   INF {1:F0}   POP {2}
hud.quickrecruit.target.none,Keine berechtigte Provinz
hud.quickrecruit.target.req,AUTO ERFORDERT {0}
hud.quickrecruit.time_require,ZEIT {0:F0} {1}
hud.quickrecruit.title,SCHNELLREKRUTIERUNG
hud.quickrecruit.unavailable,NICHT VERFÜGBAR
hud.quickrecruit.unsupported_unit_category,Nicht unterstützte Einheitenkategorie
hud.recruit.action_place_on_map,AUF DER KARTE ANZEIGEN
hud.recruit.action_recruit,STELLENANGEBOTE
hud.recruit.advanced_fallback.label,FÜR FORTGESCHRITTENE: MANUELLE PROVINZ-AUSWAHL
hud.recruit.available_units,VERFÜGBARE EINHEITEN
hud.recruit.badge_airfield,Flugplatz
hud.recruit.badge_naval_base,Marinestützpunkt
hud.recruit.facilities_none,Keine
hud.recruit.missing_building,Erforderliches Gebäude fehlt
hud.recruit.missing_building_named,Fehlt: {0}
hud.recruit.missing_manpower,Personalmangel
hud.recruit.no_air_const,Derzeit befinden sich keine Luftflügel im Bau.
hud.recruit.no_fleet_const,Es befinden sich keine Flotten im Bau.
hud.recruit.no_land_training,Es befinden sich keine Bodeneinheiten in der Ausbildung.
hud.recruit.no_orders,Es befinden sich keine Aufträge in der Warteschlange.
hud.recruit.no_selection,Es wurde keine Provinz ausgewählt
hud.recruit.no_units,Für diese Kategorie sind keine Artikel verfügbar.
hud.recruit.placement.cancel,Die Vermittlung des Bewerbers wurde abgesagt
hud.recruit.placement.cancel_by_click,Stellenvermittlung abgesagt (leerer Klick)
hud.recruit.placement.cancel_by_right_click,Stellenvermittlung abgebrochen (Rechtsklick)
hud.recruit.placement.click_prompt,"Klicken Sie auf die berechtigten Provinzen, um pro Klick eine Einheit in die Warteschlange zu stellen"
hud.recruit.placement.failed,Die Einheit konnte nicht in der Zielprovinz in die Warteschlange gestellt werden.
hud.recruit.placement.invalid_target,Die Zielprovinz konnte nicht ermittelt werden.
hud.recruit.placement.mode_label,+ Rekrutenvermittlung: Klicken Sie auf eine in Frage kommende Provinz
hud.recruit.placement.queued_title,Stellenausschreibung in der Warteschlange
hud.recruit.province_idx_fallback,Provinz (idx {0})
hud.recruit.province_row,{0} #{1}
hud.recruit.queue.air,Warteschlange für den Bau des Luftflügels
hud.recruit.queue.fleet,WARTESCHLANGE FÜR DEN FLOTTENAUFBAU
hud.recruit.queue.land,Warteschlange für die Landbeschaffung
hud.recruit.quick_recruit_hint,"Verwenden Sie die Schnellsuche, um eine in Frage kommende Provinz zu finden."
hud.recruit.required_building_fallback,Gebäude #{0}
hud.recruit.required_building_named,Erfordert: {0}
hud.recruit.required_none,Keine
hud.recruit.sel_facilities,Ausstattung: {0}
hud.recruit.sel_infra,Infra: {0:F0}
hud.recruit.sel_pop,Pop: {0}
hud.recruit.select_province,PROVINZ AUSWÄHLEN
hud.recruit.sort_infra,Infrastruktur ▼
hud.recruit.sort_name,Name
hud.recruit.sort_pop,Bevölkerung
hud.recruit.tabs.air,WASSER
hud.recruit.tabs.fleet,FLOTTE
hud.recruit.tabs.land,LAND
hud.recruit.unit_fallback,Einheit #{0}
hud.recruit.warn.airfield,Für den Bau einer Luftflotte ist ein Flugplatz erforderlich.
hud.recruit.warn.land_facility,"Für manche Einheiten sind Einrichtungen erforderlich, die in dieser Provinz nicht vorhanden sind. Nutzen Sie die Schnellsuche, um eine geeignete Provinz zu finden."
hud.recruit.warn.naval_base,Für den Flottenbau ist ein Marinestützpunkt erforderlich.
hud.res_world.col_cons,Verbrauch
hud.res_world.col_country,Land
hud.res_world.col_net,Nicht
hud.res_world.col_price,Preis
hud.res_world.col_prod,Produktion
hud.res_world.col_stock,Vorrat
hud.res_world.col_value,Wert
hud.res_world.no_data,Es liegen keine Produktionsdaten vor.
hud.res_world.title,{0} — Weltweite Produktion
hud.res_world.totals,Weltweite Produktion: {0}  |  Konsum: {1}  |  {2} Produzenten
hud.spot_market.amount,Betrag
hud.spot_market.buy,Kaufen
hud.spot_market.confirm,Bestellung bestätigen
hud.spot_market.open,Spotmarkt
hud.spot_market.resource,Ressource
hud.spot_market.section.details,BESTELLDETAILS
hud.spot_market.section.preview,VORSCHAU
hud.spot_market.section.side,HANDEL
hud.spot_market.sell,Schau mal
hud.spot_market.status.no_funds,Für diesen Auftrag stehen nicht genügend Mittel zur Verfügung.
hud.spot_market.status.no_price,Die Marktpreise sind noch nicht verfügbar. Sie werden erst nach Ablauf des ersten vollen Monats angezeigt.
hud.spot_market.status.no_stock,"Der Lagerbestand reicht nicht aus, um diesen Verkaufsauftrag auszuführen."
hud.spot_market.stockpile,Vorrat
hud.spot_market.title,Weltweiter Spotmarkt
hud.spot_market.toast_buy_ok.desc,{0} Einheiten von {1} wurden dem Vorrat hinzugefügt ({2} wurden aus der Staatskasse entnommen).
hud.spot_market.toast_buy_ok.title,ERWORBENE RESSOURCEN
hud.spot_market.toast_fail.desc,Die Spotmarkt-Order konnte nicht ausgeführt werden. Überprüfen Sie Ihre Kassenbestände und Lagerbestände.
hud.spot_market.toast_fail.title,Bestellung fehlgeschlagen
hud.spot_market.toast_sell_ok.desc,{0} Einheiten von {1} wurden liquidiert ({2} wurden der Kasse hinzugefügt).
hud.spot_market.toast_sell_ok.title,VERKAUFTE RESSOURCEN
hud.spot_market.total,Insgesamt
hud.spot_market.treasury,Finanzministerium
hud.spot_market.unit_price,Stückpreis
hud.statbar.corruption,KORRUPTION
hud.statbar.debtgdp,Schuldenquote
hud.statbar.diplweight,DIPL.-GEWICHT
hud.statbar.inflation,INFLATION
hud.statbar.ledger,HAUSHALTSBUCH
hud.statbar.prestige,PRESTIGE
hud.statbar.research,FORSCHUNG
hud.statbar.stability,STABILITÄT
hud.statbar.trade,Tauschball.
hud.statbar.unemployment,ARBEITSLOSIGKEIT
hud.statbar.wars,Krieger
hud.summary.diplo_alliances,PARTNERSCHAFTEN
hud.summary.diplo_un,UN-Mitglied
hud.summary.diplomacy,DIPLOMATIE
hud.summary.econ_infra,INFRASTRUKTUR
hud.summary.econ_pop,BEVÖLKERUNG
hud.summary.mil_manpower,MANNSTÄRKE
hud.summary.mil_tanks,TANKS
hud.summary.mil_tech,TECH POWER
hud.summary.tech,TECH
hud.summary.tech_invest,INVESTITION
hud.tech.accumulated_mods,Gesamtbonus
hud.tech.attack_modifier,ANGRIFFSMODIFIKATOR
hud.tech.branch_civilian,ZIVIL
hud.tech.branch_military,MILITÄR
hud.tech.branch_space,LEERZEICHEN
hud.tech.branch_tag_civilian,CIV
hud.tech.branch_tag_default,Es gibt
hud.tech.branch_tag_military,MIL
hud.tech.branch_tag_space,Zweckgesellschaft
hud.tech.cost_rp,Kosten: {0} RP
hud.tech.current_impact,WIRKUNG DER FORSCHUNG
hud.tech.current_section,AKTUELLE FORSCHUNG
hud.tech.cyber_attack,CYBERANGRIFF
hud.tech.defense_modifier,VERTEIDIGUNG ÄNDERN
hud.tech.effect_type_boost,BOOST
hud.tech.effect_type_intel,MAP INTEL
hud.tech.focus_graph_btn,DIAGRAMM
hud.tech.fx_attack,Atk {0:+0.0%;-0.0%}
hud.tech.fx_cyber,Cyber {0:+0.0%;-0.0%}
hud.tech.fx_defense,Führe {0:+0.0%;-0.0%} aus
hud.tech.fx_gdp,BIP {0:+0.0%;-0.0%}
hud.tech.fx_hint_attack,militärisches Vergehen
hud.tech.fx_hint_cyber,Cyberoperationen
hud.tech.fx_hint_defense,militärische Verteidigung
hud.tech.fx_hint_gdp,Wirtschaftswachstum
hud.tech.fx_hint_missile_def,Raketenabwehr
hud.tech.fx_hint_missile_range,Raketenreichweite
hud.tech.fx_hint_pop,Bevölkerungswachstum
hud.tech.fx_hint_research,Forschungsgeschwindigkeit
hud.tech.fx_hint_surveillance,Sichtbarkeit auf der Karte
hud.tech.fx_missile_def,MSL Def {0:+0.0%;-0.0%}
hud.tech.fx_missile_range,MslRng {0:+0.0%;-0.0%}
hud.tech.fx_pop,Pop {0:+0.0%;-0.0%}
hud.tech.fx_research,Forschung {0:+0.0%;-0.0%}
hud.tech.fx_surveillance,IntelVis {0:+#;-#;0}
hud.tech.gdp_modifier,BIP ÄNDERN
hud.tech.impact_none,Nicht direkt bearbeiten
hud.tech.impact_prereq_only,Schaltet nur die Voraussetzungen frei
hud.tech.infra_modifier,INFRA ÄNDERN
hud.tech.intel_locked_body,"Führe eine „Gather Intelligence“-Mission durch, um den Technologiebaum dieses Landes aufzudecken."
hud.tech.intel_locked_title,INFORMATIONEN ERFORDERLICH
hud.tech.missile_accuracy,TREFFGENAUIGKEIT VON RAKETEN
hud.tech.missile_defense,RAKETENABWEHR
hud.tech.modifiers_section,AKTIVE MODIFIKATOREN
hud.tech.monthly_budget,MONATLICHES BUDGET
hud.tech.months_remaining,{0} Monate verbleibend
hud.tech.no_bonuses_yet,Noch keine Forschungsboni
hud.tech.no_research,KEINE LAUFENDEN FORSCHUNGSPROJEKTE
hud.tech.placeholder,--
hud.tech.pop_growth,BEVÖLKERUNGSWACHSTUM
hud.tech.progress,FORTSCHRITT
hud.tech.research_btn,FORSCHUNG
hud.tech.research_points,FORSCHUNGSPUNKTE
hud.tech.research_speed,FORSCHUNGSGESCHWINDIGKEIT
hud.tech.research_time,~{0}
hud.tech.research_time_months,{0}mo
hud.tech.research_time_stalled,Ins Stocken geraten
hud.tech.research_time_under_month,Zunächst einmal
hud.tech.research_time_years,{0}y
hud.tech.research_time_years_months,{0}y {1}mo
hud.tech.rp_value,{0:F1} RP
hud.tech.select_research,"Wählen Sie eine Technologie aus, über die Sie sich informieren möchten"
hud.tech.status_available,VERFÜGBAR
hud.tech.status_locked,GESPERRT
hud.tech.status_researched,GEPRÜFT ✓
hud.tech.status_researching,RECHERCHE {0:F0}%
hud.tech.suggested_section,EMPFOHLENE WEITERE TECHNOLOGIEN
hud.tech.surveillance_visibility,ÜBERBLICK ÜBER DIE ÜBERWACHUNG
hud.tech.toast_prereq_desc,Fehlt: {0}
hud.tech.toast_prereq_title,VORAUSSETZUNGEN NICHT ERFÜLLT
hud.tech.tooltip_cost,FORSCHUNGSKOSTEN
hud.tech.tooltip_more_items,... und {0} weitere
hud.tech.tooltip_requires,VORAUSSETZUNGEN
hud.tech.tooltip_section_costs,FORSCHUNG
hud.tech.tooltip_section_effects,AUSWIRKUNGEN
hud.tech.tooltip_time,FORSCHUNGSZEIT
hud.tech.tooltip_unlocks,FREISCHALTEN
hud.tech.tooltip_unlocks_buildings,ENTSPERRT (GEBÄUDE)
hud.tech.tooltip_unlocks_units,FREISCHALTUNGEN (STÜCK)
hud.tech.trade_modifier,HANDEL ÄNDERN
hud.tech.tree_section,TECHNOLOGIEBAUM
hud.toast.ai_peace_offer_accepted_desc,{0} hat das Friedensangebot von {1} angenommen ({2}).
hud.toast.ai_peace_offer_rejected_desc,{0} hat das Friedensangebot von {1} abgelehnt ({2}).
hud.toast.ai_peace_offer_rejected_title,Friedensangebot abgelehnt
hud.toast.aid_received.body,{0} hat Ihnen ein Finanzhilfepaket zugesandt.
hud.toast.aid_received.title,Hilfspaket erhalten
hud.toast.air_rebase_blocked,Luftwaffenstützpunkt gesperrt
hud.toast.alliance_broken.body,{0} hat deine Allianz verlassen.
hud.toast.alliance_broken.title,Das Bündnis ist zerbrochen
hud.toast.alliance_eval_desc,{0} hat {1} Ihren Bündnisvorschlag erhalten.
hud.toast.alliance_eval_title,Allianz {0}
hud.toast.alliance_offer_desc,{0} schlägt ein Bündnis vor.
hud.toast.army_lost,VERLORENE ARMEE
hud.toast.army_lost_desc,{0} Armeeformation(en) sind im Kampf verloren gegangen.
hud.toast.army_merged,ARMY ZUSAMMENGELEGT
hud.toast.army_merged_desc,{0} hat sich mit {1} zusammengeschlossen.
hud.toast.army_move_blocked,Verschieben gesperrt
hud.toast.army_split,ARMY SPLIT
hud.toast.army_split_desc,{0} hat seine Armee in {1} aufgeteilt.
hud.toast.battle_won,Sieg errungen
hud.toast.battle_won_desc,Die feindlichen Truppen wurden zurückgeschlagen. {0} Formation(en) gingen verloren.
hud.toast.build_action_desc,{0} wurde in {1} in die Warteschlange gestellt.
hud.toast.building_complete,BAU ABGESCHLOSSEN
hud.toast.building_complete_desc,Die Bauarbeiten in einer Provinz sind abgeschlossen.
hud.toast.building_complete_suffix,VOLLSTÄNDIG
hud.toast.cancel_action_desc,{0} wurde in {1} aus der Warteschlange entfernt.
hud.toast.coalition_joined.body,{0} hat sich einer Koalition gegen dich angeschlossen.
hud.toast.coalition_joined.title,Es hat sich eine Koalition gegen dich gebildet
hud.toast.coalition_sanction_applied.body,Gegen {0} wurden Sanktionen der Koalition verhängt.
hud.toast.coalition_sanction_applied.title,Sanktion der Koalition verhängt
hud.toast.currency_manipulated.body,{0} manipuliert die Währung zu Ihrem Nachteil.
hud.toast.currency_manipulated.title,Währungsmanipulation
hud.toast.debt_trap_offered.body,"{0} hat Ihnen einen Kredit angeboten, der Sie in eine teure Schuldenfalle lockt."
hud.toast.debt_trap_offered.title,"Kreditangebot, das in die Schuldenfalle führt"
hud.toast.docking_denied_desc,Flotten können nur in deinen eigenen Küstenprovinzen anlegen.
hud.toast.docking_denied_title,ANDOCKEN VERWEIGERT
hud.toast.embassy_established.body,{0} hat auf Ihrem Territorium eine Botschaft eröffnet.
hud.toast.embassy_established.title,Eröffnung der Botschaft
hud.toast.embassy_recalled.body,{0} hat seine Botschaft aus Ihrem Hoheitsgebiet abgezogen.
hud.toast.embassy_recalled.title,Botschaft zurückgerufen
hud.toast.envoy_action_failed,Envoy-Aktion fehlgeschlagen
hud.toast.envoy_burned_out,Gesandter verbrannt
hud.toast.envoy_burned_out_desc,{0} wurde entblößt und in {1} verbrannt.
hud.toast.envoy_deployed,Gesandter entsandt
hud.toast.envoy_deployed_desc,{0} wurde an {1} gesendet.
hud.toast.envoy_dismissed,Fachkraft entlassen
hud.toast.envoy_dismissed_desc,Der Spezialist wurde endgültig aus Ihrer Liste entfernt.
hud.toast.envoy_expelled,Ausländischer Gesandter ausgewiesen
hud.toast.envoy_expelled_desc,Der Agent von {0} wurde ausgeschlossen.
hud.toast.envoy_operation_failed,Vorgang fehlgeschlagen
hud.toast.envoy_operation_failed_desc,{0} ist in {1} fehlgeschlagen.
hud.toast.envoy_operation_succeeded,Vorgang erfolgreich
hud.toast.envoy_operation_succeeded_desc,{0} wurde in {1} erfolgreich ausgeführt.
hud.toast.envoy_recalled,Botschafter abberufen
hud.toast.envoy_recalled_desc,{0} wurde von {1} abgerufen.
hud.toast.envoy_recruited,Fachkraft eingestellt
hud.toast.envoy_recruited_desc,Ein neuer Spezialist wurde zu deinem Team hinzugefügt. Kosten: {0}.
hud.toast.envoy_signature_activated,Signatur aktiviert
hud.toast.envoy_signature_activated_desc,{0} hat die Deep-State-Signatur in {1} aktiviert.
hud.toast.envoy_threat_detected,Ausländische Bedrohung erkannt
hud.toast.envoy_threat_detected_desc,"Es wurde festgestellt, dass ein ausländischer Agent von {0} in Ihrem Hoheitsgebiet tätig ist."
hud.toast.fleet_lost,FLOTTE VERLOREN
hud.toast.fleet_lost_desc,{0} Flottenverbände gingen im Seekampf verloren.
hud.toast.fleet_move_blocked,Flottenbewegung blockiert
hud.toast.incoming_strike_desc,Eine anfliegende Rakete ist auf unserem Staatsgebiet eingeschlagen.
hud.toast.independence_guaranteed.body,{0} hat Ihre Unabhängigkeit gesichert.
hud.toast.independence_guaranteed.title,Unabhängigkeit garantiert
hud.toast.invalid_target_desc,Die Zielprovinz konnte nicht ermittelt werden.
hud.toast.invalid_target_title,UNGÜLTIGES ZIEL
hud.toast.missile_effect_buildings_damaged,Beschädigte Gebäude {0}
hud.toast.missile_effect_buildings_destroyed,Zerstörte Gebäude {0}
hud.toast.missile_effect_infrastructure_loss,Infrastruktur -{0}
hud.toast.missile_effect_population_loss,Bevölkerung -{0}
hud.toast.missile_effect_radiation_increase,Strahlung +{0}
hud.toast.missile_hit_desc_with_effects,{0} {1}
hud.toast.missile_intercepted_desc,Unsere Verteidigungssysteme haben eine anfliegende Rakete abgeschossen.
hud.toast.missile_intercepted_title,RAKETE ABGEFANGEN
hud.toast.missile_launch_failed_title,START FEHLGESCHLAGEN
hud.toast.missile_launched_desc,{0}-Schlag auf das Ziel angeordnet.
hud.toast.missile_launched_title,RAKETE ABGEFEUERT
hud.toast.missile_lost_desc,Unsere Rakete ging vor dem Aufprall verloren.
hud.toast.missile_lost_invalid_state_desc,Unsere Rakete geriet vor dem Aufprall in einen fehlerhaften Zustand.
hud.toast.missile_lost_source_unresolved_desc,"Unsere Rakete wurde abgefeuert, doch der Abschussort konnte für die Verfolgung nicht ermittelt werden."
hud.toast.missile_lost_target_unresolved_desc,"Unsere Rakete wurde abgefeuert, doch das Ziel konnte für die Verfolgung nicht erfasst werden."
hud.toast.missile_lost_title,RAKETE VERLOREN
hud.toast.missile_production_queued_title,Raketenproduktion in der Warteschlange
hud.toast.multilateral_sanction.body,{0} hat Sanktionen einer Koalition gegen Sie organisiert.
hud.toast.multilateral_sanction.title,Koalition verhängt Sanktionen
hud.toast.nuclear_launch,NUKLEARER START
hud.toast.nuclear_launch_desc,Nuklearschlag eingeleitet.
hud.toast.peace_offer_desc,{0} bietet Friedensbedingungen an.
hud.toast.proposal_eval_desc,{0} hat {1} Ihren {2} Vorschlag erhalten.
hud.toast.province_lost,VERLORENE PROVINZ
hud.toast.province_lost_desc,{0} wurde von {1} belegt.
hud.toast.province_occupied,PROVINZ EROBERT
hud.toast.province_occupied_desc,{0} ist nun belegt.
hud.toast.recruit_action_desc,{0} wurde in {1} in die Warteschlange gestellt.
hud.toast.relations_improved.body,{0} hat die Beziehungen zu Ihnen verbessert.
hud.toast.relations_improved.title,Die Beziehungen haben sich verbessert
hud.toast.research_idle,KEINE LAUFENDEN FORSCHUNGSPROJEKTE
hud.toast.research_idle_desc,"Die Forschungswarteschlange ist leer. Drücke T, um „Technologie“ zu öffnen und dein nächstes Projekt auszuwählen."
hud.toast.resolve_event_first,"Schließen Sie das ausstehende Ereignis ab, bevor Sie die Zeit wieder aufnehmen."
hud.toast.resource_shortage.body,"Baufortschritt bei {0:F0} %, Rekrutierungskosten bei {1:F0} %, Unruhen-Druck +{2:F1} %. Strategische Nutzung gesperrt: {3}."
hud.toast.resource_shortage.title,Ressourcenknappheit
hud.toast.rival_designated.body,{0} hat dich als Rivalen ausgewiesen.
hud.toast.rival_designated.title,Als Rivale benannt
hud.toast.sanction_imposed.body,{0} hat Sanktionen gegen dich verhängt.
hud.toast.sanction_imposed.title,Verhängte Sanktionen
hud.toast.selection_mode_desc,Zur Auswahl „{0}“ gewechselt.
hud.toast.selection_mode_title,AUSWAHLMODUS
hud.toast.slbm_loaded_desc,U-Boot-gestützte Rakete in die Flotte aufgenommen.
hud.toast.slbm_loaded_title,SLBM geladen
hud.toast.sphere_invite.body,"{0} lädt Sie ein, Teil seines Netzwerks zu werden."
hud.toast.sphere_invite.title,Einladung zur Sphere
hud.toast.strike_hit_desc,Unser Raketenangriff hat das Ziel getroffen.
hud.toast.strike_hit_title,Treffer
hud.toast.strike_intercepted_desc,Die feindlichen Verteidigungsanlagen haben unseren Angriff abgewehrt.
hud.toast.strike_intercepted_title,STREIK ABGEWENDET
hud.toast.tech_complete,FORSCHUNG ABGESCHLOSSEN
hud.toast.tech_complete_desc,Die Forschung an einer Technologie ist abgeschlossen.
hud.toast.trade_war_started.body,{0} hat dir den Handelskrieg erklärt.
hud.toast.trade_war_started.title,Handelskrieg erklärt
hud.toast.treaty_eval_desc,{0} hat {1} Ihren {2} Vorschlag erhalten.
hud.toast.un_admitted_body,{0} wurde als Mitglied der Vereinten Nationen aufgenommen.
hud.toast.un_admitted_title,Aufnahme als UN-Mitglied
hud.toast.un_proposed_body,{0} hat {1} für die Mitgliedschaft in den Vereinten Nationen nominiert.
hud.toast.un_proposed_title,Vorschlag zur UN-Mitgliedschaft
hud.toast.un_rejected_body,Der Antrag von {0} auf Aufnahme in die Vereinten Nationen wurde abgelehnt.
hud.toast.un_rejected_title,UN-MITGLIEDSCHAFT ABGELEHNT
hud.toast.unsc_vote_started.body,Es wurde eine Abstimmung über Sanktionen des UN-Sicherheitsrats gegen {0} vorgeschlagen.
hud.toast.unsc_vote_started.title,Die Abstimmung im UN-Sicherheitsrat hat begonnen
hud.toast.upgrade_action_desc,Das Upgrade „{0}“ steht in der Warteschlange von „{1}“.
hud.toast.vision_explored_desc,Erkundete Provinz(en) {0} in {1}.
hud.toast.vision_explored_title,Neuland erkundet: {0}
hud.tooltip.buildings,Gebäude
hud.tooltip.ctx.area,GEBIET
hud.tooltip.ctx.army_strength,STÄRKE DER ARMEE
hud.tooltip.ctx.defcon,DEFCON LEVEL
hud.tooltip.ctx.defense_bonus,VERTEIDIGUNGSBONUS
hud.tooltip.ctx.diplo_state,STATUS
hud.tooltip.ctx.gdp,BIP
hud.tooltip.ctx.gdp_density,BIP pro Quadratkilometer
hud.tooltip.ctx.pop_density,BEVÖLKERUNGSDICHTE
hud.tooltip.ctx.radiation,☢ STRAHLUNG
hud.tooltip.ctx.relation,BEZIEHUNG
hud.tooltip.ctx.terrain,GRUNDSTÜCK
hud.tooltip.ctx.terrain_bonus,BONUSFELD
hud.tooltip.devastation,VERWÜSTUNG
hud.tooltip.missiles,RAKETEN
hud.tooltip.occupation,BESETZT VON
hud.tooltip.owner_unknown,Unbekannt
hud.tooltip.population,BEVÖLKERUNG
hud.tooltip.relation.friendly,Freundlich
hud.tooltip.relation.hostile,Feindselig
hud.tooltip.relation.neutral,Neutral
hud.tooltip.relation.unfriendly,Unfreundlich
hud.tooltip.relation_value,{0:+#;-#;0} ({1})
hud.tooltip.resistance,WIDERSTAND
hud.tooltip.unrest,UNRUHE
hud.topbar.delta_maintenance_per_month,-{0}{1}
hud.topbar.gdp,BIP:
hud.topbar.goal_nudge,ZIEL FESTLEGEN
hud.topbar.manpower,MANNSTÄRKE:
hud.topbar.population,Pop:
hud.topbar.rank_format,#{0}
hud.topbar.rank_tier.great_power,GROSSE MACHT
hud.topbar.rank_tier.major,Großmacht
hud.topbar.rank_tier.minor,NEBENBEI
hud.topbar.rank_tier.regional,REGIONAL
hud.topbar.title,GLOBALES PROTOKOLL
hud.topbar.treasury,FINANZMINISTERIUM:
hud.trade_proposal.clear,Löschen
hud.trade_proposal.export_boost,Exportschub
hud.trade_proposal.priority_count,{0} von {1} ausgewählt
hud.trade_proposal.priority_resources,Vorrangige Ressourcen
hud.trade_proposal.sign,Vertrag vorschlagen
hud.trade_proposal.suggest,Vorschlagen
hud.trade_proposal.tariff_reduction,Tarifsenkung
hud.trade_proposal.terms,Begriffe
hud.trade_proposal.title,Ein Handelsabkommen vorschlagen
hud.un.card.already_voted,Sie haben bereits abgestimmt.
hud.un.card.candidate,Kandidat
hud.un.card.outcome_passed,BESTANDEN
hud.un.card.outcome_rejected,ABGELEHNT
hud.un.card.outcome_vetoed,ABGELEHNT
hud.un.card.proposed_by,Vorschlagen
hud.un.card.target,Ziel
hud.un.card.turnout,Wahlbeteiligung: {0}/{1}
hud.un.card.vetoed_by,VETO von {0}
hud.un.card.vote_body_un,Abstimmung in der UN-Generalversammlung
hud.un.card.vote_body_unsc,Abstimmung im UN-Sicherheitsrat · 15 Mitglieder
hud.un.command_center_actions,ANTRAG AUF EINEN BESCHLUSS
hud.un.command_center_active,AKTIVE ARTIKEL
hud.un.command_center_history,Vorgeschichte
hud.un.command_center_intro,"Verfolgen Sie alle UN-Resolutionen, den Stand der Abstimmungen und die Ergebnisse an einem Ort."
hud.un.command_center_membership_summary,{0} Vorschläge für eine aktive Mitgliedschaft
hud.un.command_center_propose_condemnation,VERURTEILUNG VORSCHLAGEN
hud.un.command_center_summary,{0} aktive Auflösungen / {1} aufgelöste Auflösungen
hud.un.command_center_target,Zielland
hud.un.fail.already_un_member,Dieses Land ist bereits Mitglied der Vereinten Nationen.
hud.un.fail.cooldown,"Der Vorschlag ist gesperrt. Warten Sie den Abstimmungszyklus und die Wartezeit ab, bevor Sie erneut einen Vorschlag einreichen."
hud.un.fail.not_un,"Um diesen Vorschlag einzubringen, müssen Sie Mitglied der Vereinten Nationen sein."
hud.un.fail.not_unsc,"Sie müssen Mitglied des UNSC sein, um diesen Vorschlag einzubringen."
hud.un.fail.proposal_active,Ein Beitrittsantrag für dieses Land ist bereits gestellt.
hud.un.fail.target_invalid,Wählen Sie ein gültiges Land als Ziel aus.
hud.un.fail.unexpected,"Der Vorschlag konnte nicht übermittelt werden. Bitte überprüfen Sie, ob die Ziele und Mitgliedschaften gültig sind."
hud.un.propose.condemn_body,Die Abstimmung über die Verurteilung von {0} durch die UNO ist nun eröffnet.
hud.un.propose.membership_body,Über den Antrag auf UN-Mitgliedschaft für {0} kann nun abgestimmt werden.
hud.un.propose.success_body,Über den Sanktionsvorschlag des UN-Sicherheitsrats gegen {0} kann nun abgestimmt werden.
hud.un.propose.success_title,Vorschlag eingereicht
hud.victory.type.diplomatic_leader,Diplomatischer Führer
hud.victory.type.economic_superpower,Wirtschaftsmacht
hud.victory.type.military_hegemony,Militärische Vorherrschaft
hud.victory.type.nuclear_deterrence,Nukleare Abschreckung
hud.victory.type.technological_ascendancy,Technologischer Vorsprung
hud.war.attacker_allies_label,Verbündete des Angreifers
hud.war.casus_belli_label,Casus Belli
hud.war.civilians_affected,Betroffene Zivilisten
hud.war.cost_section_title,Kriegskosten
hud.war.defender_allies_label,Verbündete Verteidiger
hud.war.defender_cb,Verteidiger (Innenverteidiger): {0}
hud.war.defender_cb_label,Verteidiger (CB)
hud.war.duration_label,Dauer
hud.war.economic_damage,Wirtschaftlicher Schaden
hud.war.economic_damage_fmt,${0}M
hud.war.equipment_lost,Zerstörte Ausrüstung
hud.war.label_battles,Kämpfe
hud.war.label_exhaustion,Kriegsmüdigkeit
hud.war.label_manpower,MANNSTÄRKE
hud.war.label_occupied,Besetzte Provinzen
hud.war.label_reserves,Reserven
hud.war.manpower_lost,Arbeitskräftemangel
hud.war.role_attacker,ANGRIFFE
hud.war.role_defender,VERTEIDIGEN
hud.war.score_fmt,KRIEGSBILANZ: {0:F1}%
hud.war.score_limited_engagement,Geringe Punktzahl – geringe Interaktion
hud.war.starter,War Starter: {0}
hud.war.starter_cb,Start-CB: {0}
hud.war.starter_cb_label,Starter CB
hud.war.starter_label,Kriegsauslöser
hud.war.stat_battles,Gewonnene Kämpfe: {0}/{1}
hud.war.stat_exhaustion,Kriegsmüdigkeit: {0:F1}%
hud.war.stat_manpower,Mannstärke: {0}
hud.war.stat_reserve,Reserve: {0}
hud.war.sue_peace,SUE PEACE
hud.war.summary_title,ZUSAMMENFASSUNG DES KRIEGES
hud.war.tooltip.ally_country,Verbündeter Teilnehmer an diesem Krieg.
hud.war.tooltip.side_breakdown,Beiträge nach Ländern auf dieser Seite.
hud.war.transfer_clear,ALLE LÖSCHEN
hud.war.transfer_direction,Übertragung: {0} -> {1}
hud.war.transfer_row,{0}
hud.war.transfer_selected_count,Ausgewählte Provinzen: {0}
hud.war_alert.acknowledge,ANERKENNEN
hud.war_alert.allies_joined,Beitritt der Alliierten:
hud.war_alert.casus_belli,GRUND: {0}
hud.war_alert.enemy_allies,Feindliche Allianzen: {0}
hud.war_alert.enemy_military,Aktives Personal des Feindes: {0}
hud.war_alert.title,{0} HAT DEN KRIEG ERKLÄRT!
hud.war_alert.your_military,Ihre aktiven Mitarbeiter: {0}
hud.year_summary.annual_construction,BAUKOSTEN
hud.year_summary.annual_debt_int,ZINSEN
hud.year_summary.annual_expense,GESAMTAUSGABEN
hud.year_summary.annual_income,GESAMTEINNAHMEN
hud.year_summary.annual_military,MILITÄRAUSGABEN
hud.year_summary.annual_recruit,REKRUTIERUNGSKOSTEN
hud.year_summary.annual_research,FORSCHUNGSAUSGABEN
hud.year_summary.annual_tariff,Zoll-Einnahmen
hud.year_summary.annual_tax,STEUEREINNAHMEN
hud.year_summary.assessment.good,Gute Fortschritte. Bleiben Sie am Ball.
hud.year_summary.assessment.great,Hervorragende Leistung – ein großartiges Jahr für das Land.
hud.year_summary.assessment.neutral,Ein stabiles Jahr. Raum für Wachstum.
hud.year_summary.assessment.poor,Ein herausforderndes Jahr. Prioritäten neu ausrichten.
hud.year_summary.best_province,TOP-PROVINZ
hud.year_summary.buildings,ERRICHTETE GEBÄUDE
hud.year_summary.close,WEITER
hud.year_summary.defense_spend,VERTEIDIGUNGSAUSGABEN
hud.year_summary.gdp_change,Veränderung des BIP
hud.year_summary.gdp_events,AUSWIRKUNGEN DER VERANSTALTUNG
hud.year_summary.gdp_ledger_title,JAHRESABRECHNUNG DES BIP-DELTA
hud.year_summary.gdp_net,NETTO-BIP-DELTA
hud.year_summary.gdp_resource,Ressourcenabgleich
hud.year_summary.ledger_title,JAHRESABRECHNUNG
hud.year_summary.title,JAHR {0} RÜCKBLICK
hud.year_summary.treasury_change,ÄNDERUNG DER FINANZPOLITIK
humiliation,Demütigung
ideological,Ideologisch
imposesanction,Verhängt eine Sanktion
improverelations,Die Beziehungen verbessern
insult,Schlaganfall
liberation,Befreiung
liftsanction,Aufhebung der Sanktion
menu.continue,WEITER
menu.credits,IMPRESSUM
menu.load_game,SPIEL LADEN
menu.new_game,NEUES SPIEL
menu.pause.quitting,Beendet und kehrt zum Desktop zurück...
menu.quit,BEENDEN
menu.settings,EINSTELLUNGEN
menu.subtitle,Ein Strategiespiel
menu.title,GLOBALES PROTOKOLL
menu.version,Version 0.1 – 2026
misc.balanced,AUSGEWOGEN
misc.built,GEBAUT
misc.collapsed_prefix,▶
misc.country_fallback,Land #{0}
misc.expanded_prefix,▼
misc.na,Nicht zutreffend
misc.needs,BENÖTIGT {0}
misc.needs_separator,|
misc.no,VON
misc.now,JETZT
misc.placeholder,--
misc.queued,IN DER WARTESCHLANGE
misc.yes,Ja
missile_type.cruise_missile,Marschflugkörper
missile_type.icbm,Interkontinentalrakete
missile_type.irbm,Mittelstreckenrakete
missile_type.mrbm,Mittelstreckenrakete
missile_type.slbm,U-Boot-gestützte ballistische Rakete
missile_type.srbm,Kurzstrecken-Rakete
missile_type.tactical_ballistic_missile,Taktische ballistische Rakete
month.apr,Apr
month.aug,Aug
month.dec,Dez
month.feb,Feb
month.jan,Jan
month.jul,Jul
month.jun,Jun
month.mar,Mar
month.may,Mai
month.nov,Nov
month.oct,Okt
month.sep,Sep
none,Keine
nuclearnonproliferation,Nichtverbreitung von Kernwaffen
pause.load,SPIEL LADEN
pause.mechanic_tutorials_off,Anleitungen zur Mechanik: AUS
pause.mechanic_tutorials_on,Anleitungen für Mechaniker: EIN
pause.quit_desktop,ZURÜCK ZUM DESKTOP
pause.quit_menu,ZURÜCK ZUM MENÜ
pause.quitting,AUFHÖREN…
pause.restart_tutorial,RESTART-ANLEITUNG
pause.resume,ZUSAMMENFASSUNG
pause.save,SPIEL SPEICHERN
pause.settings,EINSTELLUNGEN
pause.title,SPIEL UNTERBROCHEN
privacy.consent.allow,Analytics zulassen (empfohlen)
privacy.consent.body,"Erlaube die Spielanalyse, damit wir die Spielbalance, Leistung und Stabilität verbessern können. (Empfohlen)||Wenn diese Option aktiviert ist, erfassen wir anonyme Spielereignisse und technische Diagnosedaten (Version, Plattform, Absturz-/Fehlerkontext). Wir erfassen keine Chat-Nachrichten oder frei formulierte persönliche Texte.||Du kannst diese Einstellung jederzeit unter „Einstellungen“ > „Datenschutz“ ändern."
privacy.consent.body.data_transfer.non_us,"Erlaube die Spielanalyse, damit wir die Spielbalance, Leistung und Stabilität verbessern können. (Empfohlen)||Wenn du die Analyse erlaubst, werden deine Spieldaten an Server der Google Cloud Platform in den Vereinigten Staaten übertragen und von Unity Technologies verarbeitet.||Bei Aktivierung erfassen wir anonyme Spielereignisse und technische Diagnosedaten (Version, Plattform, Absturz-/Fehlerkontext). Wir erfassen keine Chat-Nachrichten oder frei formulierte persönliche Texte.||Du kannst diese Einstellung jederzeit unter „Einstellungen > Datenschutz“ ändern."
privacy.consent.keep_disabled,Deaktiviert lassen
privacy.consent.title,EINVERSTÄNDNISERKLÄRUNG ZUM DATENSCHUTZ
proposenonaggression,Einen Nichtangriffspakt vorschlagen
proposetradeagreement,Ein Handelsabkommen vorschlagen
proposetreaty,Vertrag vorschlagen
provincetransfer,Provinzwechsel
rank.log.impact_gained,Größerer diplomatischer Einfluss und Anerkennung durch die Großmächte.
rank.log.impact_lost,Geschwächter Großmachtstatus und geringerer diplomatischer Einfluss.
rank.log.impact_warn,"Die derzeitige Politik fortsetzen, um die Position zu halten oder zu verbessern."
rank.log.who,Rangliste der Großmächte
rank.log.why_gained,Die Machtprojektion und das Wirtschaftswachstum stärkten das Ansehen des Landes.
rank.log.why_lost,Relativer Rückgang der militärischen oder wirtschaftlichen Leistungsfähigkeit.
rank.log.why_warn_gain,Der aktuelle Kurs nähert sich der nächsten Rangschwelle.
rank.log.why_warn_lose,"Die aktuelle Entwicklung birgt das Risiko, unter die Rangschwelle zu fallen."
rank.toast.gained_body,Du hast dich auf Platz #{0} von insgesamt {1} Nationen weltweit verbessert.
rank.toast.gained_title,RANGVERBESSERUNG
rank.toast.lost_body,Du bist auf Platz #{0} von insgesamt {1} Ländern zurückgefallen.
rank.toast.lost_title,RANGVERLUST
rank.toast.warn_gain_body,"Du bist kurz davor, Platz #{0} der Weltrangliste zu erreichen."
rank.toast.warn_gain_title,NUR NOCH EIN SCHRITT ZUM NÄCHSTEN LEVEL
rank.toast.warn_lose_body,"Eine rivalisierende Nation ist kurz davor, deinen Rang #{0} zu überholen."
rank.toast.warn_lose_title,Rang in Gefahr
reconquest,Rückeroberung
regimechange,Regimewechsel
resource.Agriculture.description,"Eine breit gefächerte landwirtschaftliche Produktion, die die Ernährungssicherheit und die Arbeitsmärkte sichert."
resource.Agriculture.name,Allgemeine Landwirtschaft
resource.Aircraft.description,"Hochentwickelte Luft- und Raumfahrtprodukte, die komplexe industrielle Lieferketten erfordern."
resource.Aircraft.name,Flugzeug
resource.Aluminum.description,"Leichtbau-Metall, das für die Luft- und Raumfahrt sowie die Verpackungsindustrie von entscheidender Bedeutung ist."
resource.Aluminum.name,Aluminium
resource.Automobiles.description,Die Produktion im Bereich des Verbraucher- und Industrietransports ist eng mit der fortschrittlichen Fertigung verbunden.
resource.Automobiles.name,Automobile
resource.Batteries.description,"Energiespeicherzellen für Fahrzeuge, Stromnetze und Verbrauchergeräte."
resource.Batteries.name,Batterien
resource.Bauxite.description,"Aluminiumhaltiges Erz, das aus tropischen Lateritvorkommen abgebaut wird."
resource.Bauxite.name,Bauxit
resource.Chemicals.description,"Grundlegende Industrierohstoffe, die in der Pharmaindustrie, der Landwirtschaft und im verarbeitenden Gewerbe zum Einsatz kommen."
resource.Chemicals.name,Chemikalien
resource.Chromium.description,Element aus Edelstahl und Panzerlegierung mit konzentrierter Extraktion.
resource.Chromium.name,Chrom
resource.Coal.description,Brennstoff für die Grundlastversorgung der Industrie zur Unterstützung der Stahlproduktion und der konventionellen Stromerzeugung.
resource.Coal.name,Kohle
resource.Cobalt.description,Batterien mit hoher Energiedichte und Superlegierungen mit konzentrierter Zufuhr.
resource.Cobalt.name,Kobalt
resource.Cocoa.description,Tropische Cash Crops als Motor für die nachgelagerte Süßwarenindustrie.
resource.Cocoa.name,Kakao
resource.Coffee.description,Exportorientierte Kulturpflanze und regionale wirtschaftliche Spezialisierung.
resource.Coffee.name,Kaffee
resource.Copper.description,"Ein stark nachgefragter Leiter, der in Stromnetzen, in der Elektronik und in der Fertigung zum Einsatz kommt."
resource.Copper.name,Kupfer
resource.Corn.description,"Vielseitige landwirtschaftliche Erzeugnisse für die Lebensmittel-, Futtermittel- und industrielle Verarbeitung."
resource.Corn.name,Mais
resource.Cotton.description,Weichfaserpflanzen als Rohstoff für die weltweite Textilversorgungskette.
resource.Cotton.name,Baumwolle
resource.Electronics.description,Hochwertige Fertigungskomponente für zivile und militärische Systeme.
resource.Electronics.name,Elektronik
resource.Fertilizer.description,"Synthetischer NPK-Dünger, der die Ernteerträge vervielfacht."
resource.Fertilizer.name,Dünger
resource.Financials.description,"Kapitalmarkt- und Bankdienstleistungen, die Investitionen und Handel ankurbeln."
resource.Financials.name,Finanzdienstleistungen
resource.Fish.description,Nahrungsmittelressourcen aus Küstengebieten tragen zur Verbesserung der Ernährungssicherheit und der Handelsleistung bei.
resource.Fish.name,Fisch
resource.Gold.description,"Ein hochwertiger Reserve-Rohstoff, der das Vertrauen in die Finanzmärkte und den Handelswert stärkt."
resource.Gold.name,Gold
resource.Graphite.description,"Batterieanode und feuerfestes Material, deren Verfügbarkeit begrenzt ist."
resource.Graphite.name,Graphit
resource.Helium.description,Kryogene Gase sind für die Halbleiterlithografie und die medizinische Bildgebung unverzichtbar.
resource.Helium.name,Helium
resource.Iron.description,"Primärmetall als Ausgangsmaterial für die Bau-, Maschinen- und Rüstungsindustrie."
resource.Iron.name,Eisenerz
resource.Lithium.description,Ein für moderne Energiespeicher und Elektronik unverzichtbares Batteriemineral.
resource.Lithium.name,Lithium
resource.Livestock.description,Die Produktion der Tierhaltung trägt zur Nahrungsmittelversorgung und zur Wirtschaft im ländlichen Raum bei.
resource.Livestock.name,Vieh
resource.Machinery.description,"Investitionsgüter, die die industrielle Produktivität und die Baukapazitäten steigern."
resource.Machinery.name,Industriemaschinen
resource.Manganese.description,Stahllegierungsverstärker und neuartiger Werkstoff für Batteriekathoden.
resource.Manganese.name,Mangan
resource.NaturalGas.description,Flexible Energiequelle für die Stromerzeugung und industrielle Wärme.
resource.NaturalGas.name,Erdgas
resource.Nickel.description,Edelstahl und Metall aus Batteriekathoden mit strategischem Wert.
resource.Nickel.name,Nickel
resource.Oil.description,"Wichtige Energieträger für den Verkehrssektor, die Stromerzeugung und die Schwerindustrie."
resource.Oil.name,Rohöl
resource.PalmOil.description,"Vielseitiges Pflanzenöl, das in Lebensmitteln, Kosmetika und Biokraftstoffen verwendet wird."
resource.PalmOil.name,Palmöl
resource.Pharmaceuticals.description,"Hochwertige Leistungen im Gesundheitswesen, die die Widerstandsfähigkeit stärken und den wirtschaftlichen Wert steigern."
resource.Pharmaceuticals.name,Arzneimittel
resource.Phosphate.description,Mineralstoffe sind für die Düngemittelproduktion und die Ernährungssicherheit von entscheidender Bedeutung.
resource.Phosphate.name,Phosphat
resource.Plastics.description,Die Produktion von petrochemischen Polymeren für Konsum- und Industriegüter.
resource.Plastics.name,Kunststoffe
resource.Potash.description,Kaliumhaltiges Salz ist für die Düngemittelchemie von entscheidender Bedeutung.
resource.Potash.name,Kaliumkarbonat
resource.RareEarths.description,"Spezialisierte Fachkenntnisse, die für moderne Elektronik und Präzisionssysteme erforderlich sind."
resource.RareEarths.name,Seltenerdmetalle
resource.RefinedPetroleum.description,"Verarbeitete Kraftstoffprodukte für Logistik, militärische Mobilität und Industrie."
resource.RefinedPetroleum.name,Raffinerieprodukte
resource.Rice.description,"Eine ertragreiche Grundnahrungsmittelpflanze, die für Ballungszentren von entscheidender Bedeutung ist."
resource.Rice.name,Reis
resource.Rubber.description,"Strategische Industrierohstoffe, die in Fahrzeugen, Maschinen und Verteidigungsgütern zum Einsatz kommen."
resource.Rubber.name,Gummi
resource.Semiconductors.description,"Grundlegende Chips, die die Grundlage für Computer, KI und moderne Waffensysteme bilden."
resource.Semiconductors.name,Halbleiter
resource.Services.description,"Eine breit gefächerte städtische Wirtschaftstätigkeit, die den Konsum und die Stabilität des BIP stützt."
resource.Services.name,Allgemeine Dienstleistungen
resource.Ships.description,"Schwerindustrie im maritimen Bereich für Handel, Logistik und Seestreitkräfte."
resource.Ships.name,Handelsschiffe
resource.Silver.description,"Ein Edelmetall, das in der Elektronik, der Photovoltaik und als Reserve verwendet wird."
resource.Silver.name,Silber
resource.SolarPanels.description,Photovoltaikmodule als tragende Säule der Energiewende.
resource.SolarPanels.name,Sonnenkollektoren
resource.Soybeans.description,Proteinreiche Kulturpflanzen sind für die Tierfütterung und die Lebensmittelverarbeitung von entscheidender Bedeutung.
resource.Soybeans.name,Sojabohnen
resource.Steel.description,"Industrielle Legierungen als Grundpfeiler für Bauwesen, Fahrzeuge und Rüstungsindustrie."
resource.Steel.name,Stiel
resource.Sugar.description,Kalorienreiche Kulturpflanze mit breiter Nachfrage im Lebensmittel- und Industriebereich.
resource.Sugar.name,Zucker
resource.Technology.description,Wissensintensive Dienstleistungen als Motor für Innovation und Wachstum im High-End-Bereich.
resource.Technology.name,Technologiedienstleistungen
resource.Textiles.description,"Massenware, die die Leichtindustrie und den Export stützt."
resource.Textiles.name,Textilien
resource.Timber.description,Rohstoffe für das Bau- und verarbeitende Gewerbe aus der Forstwirtschaft.
resource.Timber.name,Holz
resource.Tin.description,Lötzinn und Weißblech sind für die Elektronikmontage unverzichtbar.
resource.Tin.name,Nachrichten
resource.Tungsten.description,"Ein extrem hartes Metall, das in Munition, Werkzeugmaschinen und Panzerungen verwendet wird."
resource.Tungsten.name,Wolfram
resource.Uranium.description,Strategischer Kernbrennstoff für fortschrittliche Energie- und Abschreckungsprogramme.
resource.Uranium.name,Uran
resource.Wheat.description,"Grundnahrungsmittel, das die Nahrungsmittelversorgung, die Stabilität und das Bevölkerungswachstum sicherstellt."
resource.Wheat.name,Weizen
resource.WindTurbines.description,Großanlagen für erneuerbare Energien zur Stromerzeugung im Versorgungsmaßstab.
resource.WindTurbines.name,Windkraftanlagen
resource.Wool.description,"Natürliche Tierfaser, die in Textilien und speziellen Industriefilzen verwendet wird."
resource.Wool.name,Wolle
resource.name.aircraft,Flugzeug
resource.name.aluminum,Aluminium
resource.name.automobiles,Automobile
resource.name.batteries,Batterien
resource.name.bauxite,Bauxit
resource.name.chemicals,Chemikalien
resource.name.chromium,Chrom
resource.name.coal,Kohle
resource.name.cobalt,Kobalt
resource.name.cocoa,Kakao
resource.name.coffee,Kaffee
resource.name.copper,Kupfer
resource.name.corn,Mais
resource.name.cotton,Baumwolle
resource.name.electronics,Elektronik
resource.name.fertilizer,Dünger
resource.name.financials,Finanzdaten
resource.name.fish,Fisch
resource.name.gold,Gold
resource.name.graphite,Graphit
resource.name.helium,Helium
resource.name.iron,Eisen
resource.name.lithium,Lithium
resource.name.livestock,Vieh
resource.name.machinery,Maschinen
resource.name.manganese,Mangan
resource.name.naturalgas,Erdgas
resource.name.nickel,Nickel
resource.name.oil,Öl
resource.name.palmoil,Palmöl
resource.name.pharmaceuticals,Arzneimittel
resource.name.phosphate,Phosphat
resource.name.plastics,Kunststoffe
resource.name.potash,Kaliumkarbonat
resource.name.rareearths,Seltene Erden
resource.name.refinedpetroleum,Raffinerieprodukte
resource.name.rice,Reis
resource.name.rubber,Gummi
resource.name.semiconductors,Halbleiter
resource.name.services,Dienstleistungen
resource.name.ships,Schiffe
resource.name.silver,Silber
resource.name.solarpanels,Sonnenkollektoren
resource.name.soybeans,Sojabohnen
resource.name.steel,Stiel
resource.name.sugar,Zucker
resource.name.textiles,Textilien
resource.name.timber,Holz
resource.name.tin,Nachrichten
resource.name.tungsten,Wolfram
resource.name.uranium,Uran
resource.name.wheat,Weizen
resource.name.windturbines,Windkraftanlagen
resource.name.wool,Wolle
saveload.autosave,Automatisches Speichern
saveload.autosave.language_switch,Automatische Speicherung – Sprachumschaltung
saveload.back,◀ ZURÜCK
saveload.cannot_load,Dieser Spielstand kann nicht geladen werden.
saveload.cloud_synced,☁ Mit der Cloud synchronisiert
saveload.confirm_delete,„{0}“ löschen?
saveload.confirm_overwrite,„{0}“ überschreiben?
saveload.date_format,{0}/{1}/{2}
saveload.deferred_init_not_ready,Die Initialisierung ist nach {0}s noch nicht abgeschlossen. Bitte versuchen Sie es erneut.
saveload.deferred_init_timeout,Die Initialisierung ist nach {0}s abgelaufen. Bitte versuchen Sie es erneut.
saveload.delete_btn,LÖSCHEN
saveload.err_empty_name,Gib zuerst einen Namen für die Speicherdatei ein
saveload.err_no_selection,Wählen Sie zunächst eine Speicherdatei aus
saveload.error,Fehler: {0}
saveload.invalid_or_corrupted,Ungültige oder beschädigte Speicherdatei.
saveload.load_btn,LADEN
saveload.load_title,SPIEL LADEN
saveload.loaded_ok,Das Spiel wurde erfolgreich geladen
saveload.manager_missing,Das Speichersystem ist derzeit nicht verfügbar
saveload.no_saves,Es wurden keine Speicherstände gefunden
saveload.not_in_cloud,○ Nicht in der Cloud
saveload.preview_saved,Gespeichert: {0}
saveload.preview_size,Für Sie: {0} MB
saveload.preview_speed,Geschwindigkeit: {0}
saveload.save_btn,SAVE
saveload.save_name,Name speichern...
saveload.save_title,SPIEL SPEICHERN
saveload.saved_ok,Spiel erfolgreich gespeichert
saveload.speed.fast,Fest
saveload.speed.max,Max
saveload.speed.normal,Normal
saveload.speed.paused,Angehalten
saveload.speed.very_fast,Sehr schnell
sea.name.adriatic_sea,Adria
sea.name.aegean_sea,Ägäisches Meer
sea.name.albemarle_sound,Albemarle-Meerenge
sea.name.alboran_sea,Alboran-Meer
sea.name.amazon_river,Amazonas
sea.name.amundsen_gulf,Amundsen-Golf
sea.name.amundsen_sea,Amundsenmeer
sea.name.andaman_sea,Andamanensee
sea.name.antongila_bay,Die Bucht ist geschlossen
sea.name.arabian_sea,Arabisches Meer
sea.name.arafura_sea,Arafura-Meer
sea.name.arctic_ocean,Arktischer Ozean
sea.name.baffin_bay,Baffinbucht
sea.name.bahía_blanca,Bahía Blanca
sea.name.bahía_de_campeche,Golf von Campeche
sea.name.bahía_grande,Bahía Grande
sea.name.baird_inlet,Baird-Bucht
sea.name.balearic_sea,Balearisches Meer
sea.name.bali_sea,Andere Meere
sea.name.baltic_sea,Ostsee
sea.name.banda_sea,Banda Sea
sea.name.barents_sea,Barentssee
sea.name.bass_strait,Bass-Straße
sea.name.bathurst_inlet,Bathurst-Bucht
sea.name.bay_inútil,Bucht der Nutzlosigkeit
sea.name.bay_of_bengal,Golf von Bengalen
sea.name.bay_of_biscay,Biskaya
sea.name.bay_of_fundy,Fundy-Bucht
sea.name.bay_of_plenty,Bay of Plenty
sea.name.baía_de_marajó,Marajó-Bucht
sea.name.baía_de_são_marcos,Markusbucht
sea.name.beaufort_sea,Beaufortsee
sea.name.bellingshausen_sea,Bellingshausensee
sea.name.bering_sea,Beringmeer
sea.name.bight_of_benin,Bucht von Benin
sea.name.bight_of_biafra,Biafra-Bucht
sea.name.bismarck_sea,Bismarcksee
sea.name.black_sea,Schwarzes Meer
sea.name.bo_hai,Chinesisches Meer
sea.name.boca_grande,Boca Grande
sea.name.bohol_sea,Das Meer von Bohol
sea.name.boknafjorden,Boknafjord
sea.name.bransfield_strait,Bransfield-Straße
sea.name.bras_dor_lake,Bras d'Or Lake
sea.name.bristol_bay,Bristol Bay
sea.name.bristol_channel,Bristol-Kanal
sea.name.canal_do_norte,Nordkanal
sea.name.canal_do_sul,Südkanal
sea.name.canal_perigoso,Gefährlicher Kanal
sea.name.caribbean_sea,Karibik
sea.name.caspian_sea,Kaspisches Meer
sea.name.celebes_sea,Celebes-Meer
sea.name.ceram_sea,Wir hoffen auf das Meer
sea.name.chaun_bay,Chaun Bay
sea.name.chesapeake_bay,Chesapeake-Bucht
sea.name.chukchi_sea,Tschuktschensee
sea.name.columbia_river,Columbia River
sea.name.cook_inlet,Cook-Bucht
sea.name.cook_strait,Cook-Straße
sea.name.coral_sea,Korallenmeer
sea.name.cordova_bay,Cordova Bay
sea.name.cumberland_sound,Cumberland Sound
sea.name.dardanelles,Dardanellen
sea.name.darnley_bay,Darnley Bay
sea.name.davao_gulf,Golf von Davao
sea.name.davis_sea,Davis Sea
sea.name.davis_strait,Davis-Straße
sea.name.delaware_bay,Delaware-Bucht
sea.name.denmark_strait,Dänemarkstraße
sea.name.disko_bay,Bay Disco
sea.name.dixon_entrance,Dixon-Mündung
sea.name.dmitriy_laptev_strait,Dmitriy-Laptev-Straße
sea.name.east_china_sea,Ostchinesisches Meer
sea.name.east_korea_bay,Ostkoreanische Bucht
sea.name.east_siberian_sea,Ostsibirisches Meer
sea.name.eclipse_sound,Eclipse Sound
sea.name.english_channel,Ärmelkanal
sea.name.estrecho_de_magellanes,Magellanstraße
sea.name.flores_sea,Flores Sea
sea.name.foxe_basin,Foxe-Becken
sea.name.franklin_bay,Franklin Bay
sea.name.frobisher_bay,Frobisher Bay
sea.name.fury_and_hecla_strait,Fury- und Hecla-Straße
sea.name.garabogaz_bay,Garabogaz-Bucht
sea.name.geographe_bay,Geographe Bay
sea.name.george_vi_sound,George VI Sound
sea.name.goldsmith_channel,Goldsmith-Kanal
sea.name.golfe_du_lion,Golf von Lion
sea.name.golfo_corcovado,Corcovado-Bucht
sea.name.golfo_de_california,Golf von Kalifornien
sea.name.golfo_de_guayaquil,Golf von Guayaquil
sea.name.golfo_de_panamá,Golf von Panama
sea.name.golfo_de_penas,Golf von Penas
sea.name.golfo_de_tehuantepec,Golf von Tehuantepec
sea.name.golfo_de_urabá,Golf von Urabá
sea.name.golfo_san_jorge,Golf von San Jorge
sea.name.golfo_san_matías,Golf von San Matías
sea.name.great_australian_bight,Große Australische Bucht
sea.name.great_barrier_reef,Great Barrier Reef
sea.name.greenland_sea,Grönlandsee
sea.name.guba_gusinaya,Guba Gusinaya
sea.name.gulf_of_aden,Golf von Aden
sea.name.gulf_of_alaska,Alaska-Bucht
sea.name.gulf_of_anadyr,„Anadyr-Bucht“
sea.name.gulf_of_aqaba,Golf von Akaba
sea.name.gulf_of_boothia,Golf von Boothia
sea.name.gulf_of_bothnia,Bottenbucht
sea.name.gulf_of_buli,Golf von Buli
sea.name.gulf_of_carpentaria,Golf von Carpentaria
sea.name.gulf_of_finland,Finnischer Meerbusen
sea.name.gulf_of_gabès,Golf von Gabès
sea.name.gulf_of_guinea,Golf von Guinea
sea.name.gulf_of_honduras,Golf von Honduras
sea.name.gulf_of_kamchatka,Kamtschatka-Bucht
sea.name.gulf_of_kau,Kau-Bucht
sea.name.gulf_of_khambhät,Golf von Khambhat
sea.name.gulf_of_kutch,Kutch-Bucht
sea.name.gulf_of_maine,Golf von Maine
sea.name.gulf_of_mannar,Golf von Mannar
sea.name.gulf_of_martaban,Martaban-Bucht
sea.name.gulf_of_masira,Masira-Bucht
sea.name.gulf_of_mexico,Golf von Mexiko
sea.name.gulf_of_ob,Ob-Bucht
sea.name.gulf_of_olenk,Olenk-Bucht
sea.name.gulf_of_oman,Golf von Oman
sea.name.gulf_of_papua,Papua-Bucht
sea.name.gulf_of_riga,Rigaer Bucht
sea.name.gulf_of_saint_lawrence,Sankt-Lorenz-Bucht
sea.name.gulf_of_sakhalin,Sachalin-Bucht
sea.name.gulf_of_sidra,Golf von Sidra
sea.name.gulf_of_suez,Suez-Bucht
sea.name.gulf_of_thailand,Golf von Thailand
sea.name.gulf_of_tomini,Tomini-Bucht
sea.name.gulf_of_tonkin,Golf von Tonkin
sea.name.gulf_of_yana,Yana-Bucht
sea.name.gulf_st_vincent,Golf von St. Vincent
sea.name.hadley_bay,Hadley Bay
sea.name.hall_basin,Hall-Becken
sea.name.halmahera_sea,Halmahera-Meer
sea.name.hamilton_inlet,Hamilton-Bucht
sea.name.hangzhou_bay,Hangzhou-Bucht
sea.name.hecate_strait,Hekate-Straße
sea.name.hudson_bay,Hudson Bay
sea.name.hudson_strait,Hudson-Straße
sea.name.husky_lakes,Husky-Seen
sea.name.indian_ocean,Indischer Ozean
sea.name.inner_sea,Binnenmeer
sea.name.inner_seas,Binnenmeere
sea.name.ionian_sea,Ionisches Meer
sea.name.irish_sea,Irische See
sea.name.james_bay,James Bay
sea.name.java_sea,Javasee
sea.name.jones_sound,Jones Sound
sea.name.joseph_bonaparte_gulf,Joseph-Bonaparte-Golf
sea.name.kaliningrad,Kaliningrad
sea.name.kane_basin,Iss dich satt
sea.name.kangertittivaq,Kangertittivaq
sea.name.kara_sea,Schwarzes Meer
sea.name.karaginskiy_gulf,Karaginsky-Bucht
sea.name.kattegat,Kattegat
sea.name.kennedy_channel,Kennedy-Kanal
sea.name.khatanga_gulf,Golfkrise
sea.name.korea_strait,Koreastraße
sea.name.kotzebue_sound,Kotzebue-Straße
sea.name.kronotskiy_gulf,Kronotskiy-Golf
sea.name.labrador_sea,Labradorsee
sea.name.laccadive_sea,Lakadiven
sea.name.lago_de_maracaibo,Maracaibo-See
sea.name.lagoa_dos_patos,Entensee
sea.name.lake_pontchartrain,Pontchartrain-See
sea.name.laptev_sea,Laptev-Meer
sea.name.leyte_gulf,Golf von Leyte
sea.name.liddon_gulf,Liddon-Bucht
sea.name.ligurian_sea,Ligurisches Meer
sea.name.lincoln_sea,Lincoln Sea
sea.name.long_island_sound,Long Island Sound
sea.name.lützow_holm_bay,Lützow-Holm-Bucht
sea.name.mackenzie_bay,Mackenzie Bay
sea.name.makassar_strait,Makassar-Straße
sea.name.marguerite_bay,Marguerite Bay
sea.name.massachusetts_bay,Massachusetts-Bucht
sea.name.matochkin_shar_strait,Matochkin-Shar-Straße
sea.name.mclure_strait,M'Clure-Straße
sea.name.mcmurdo_sound,McMurdo-Straße
sea.name.mecklenburger_bucht,Mecklenburger Bucht
sea.name.mediterranean_sea,Mittelmeer
sea.name.melville_bay,Melville Bay
sea.name.minto_inlet,Minto-Meerenge
sea.name.molucca_sea,Molukkenmeer
sea.name.monterey_bay,Monterey Bay
sea.name.mozambique_channel,Mosambikkanal
sea.name.murchison_sound,Murchison-Straße
sea.name.north_atlantic_ocean,Nordatlantik
sea.name.north_pacific_ocean,Nordpazifik
sea.name.north_sea,Nordsee
sea.name.norton_sound,Norton Sound
sea.name.norwegian_sea,Norwegische See
sea.name.ozero_mogotoyevo,Ozero Mogotoyevo
sea.name.palk_strait,Palk-Straße
sea.name.pamlico_sound,Pamlico Sound
sea.name.peacock_sound,Peacock Sound
sea.name.persian_gulf,Persischer Golf
sea.name.philippine_sea,Philippinisches Meer
sea.name.porpoise_bay,Porpoise Bay
sea.name.prince_albert_sound,Prince-Albert-Straße
sea.name.prince_of_wales_strait,Prinz-von-Wales-Straße
sea.name.prince_william_sound,Prince William Sound
sea.name.prydz_bay,Prydz-Bucht
sea.name.qiongzhou_strait,Qiongzhou-Straße
sea.name.queen_charlotte_sound,Queen-Charlotte-Straße
sea.name.queen_charlotte_strait,Queen-Charlotte-Straße
sea.name.ragay_gulf,Golf der Wut
sea.name.red_sea,Rotes Meer
sea.name.richard_collinson_inlet,Richard-Collinson-Bucht
sea.name.robeson_channel,Robeson-Kanal
sea.name.ronne_entrance,Eingang Ronne
sea.name.ross_sea,Rossmeer
sea.name.río_de_la_plata,Río de la Plata
sea.name.saint_lawrence_river,Saint-Lorenz-Strom
sea.name.salish_sea,Salish-Meer
sea.name.samar_sea,Samar-Meer
sea.name.san_francisco_bay,San-Francisco-Bucht
sea.name.sargasso_sea,Sargassosee
sea.name.savu_sea,Mein Meer
sea.name.scotia_sea,Scotia-Meer
sea.name.sea_of_azov,Asowsches Meer
sea.name.sea_of_crete,Kretisches Meer
sea.name.sea_of_japan,Japanisches Meer
sea.name.sea_of_marmara,Marmarameer
sea.name.sea_of_okhotsk,Ochotskisches Meer
sea.name.selat_bali,Bali-Straße
sea.name.selat_dampier,Dampier-Straße
sea.name.seno_de_skyring,Seno de Skyring
sea.name.seno_otway,Seno Otway
sea.name.shark_bay,Shark Bay
sea.name.shelikhova_gulf,Schelichowa-Bucht
sea.name.sherman_basin,Sherman-Becken
sea.name.sibuyan_sea,Sibiuyan-Meer
sea.name.skagerrak,Skagerrak
sea.name.smith_sound,Smith Sound
sea.name.sognefjorden,Sognefjord
sea.name.solomon_sea,Salomonisches Meer
sea.name.south_atlantic_ocean,Südatlantik
sea.name.south_china_sea,Südchinesisches Meer
sea.name.south_pacific_ocean,Südpazifik
sea.name.southern_ocean,Südlicher Ozean
sea.name.stettiner_haff,Stettiner Haff
sea.name.storfjorden,Storfjord
sea.name.strait_of_belle_isle,Meerenge von Belle Isle
sea.name.strait_of_malacca,Straße von Malakka
sea.name.strait_of_singapore,Straße von Singapur
sea.name.straits_of_florida,Straße von Florida
sea.name.sulu_sea,Sulu-Meer
sea.name.sulzberger_bay,Sulzberger-Bucht
sea.name.surigao_strait,Surigao-Straße
sea.name.taiwan_strait,Taiwanstraße
sea.name.tasman_sea,Tasmanische See
sea.name.tatar_strait,Tatarenstraße
sea.name.tayabas_bay,Tayabas-Bucht
sea.name.the_north_western_passages,Die Nordwestpassagen
sea.name.timor_sea,Timorsee
sea.name.torres_strait,Torres-Straße
sea.name.trondheimsfjorden,Trondheimsfjord
sea.name.tsugaru_strait,Tsugaru-Straße
sea.name.tyrrhenian_sea,Tyrrhenisches Meer
sea.name.uchiura_bay,Bucht von Uchiura
sea.name.uda_bay,Uda-Bucht
sea.name.ungava_bay,Vielleicht bist du Bay
sea.name.uummannaq_fjord,Uummannaq-Fjord
sea.name.vestfjorden,Vestfjord
sea.name.vilkitskogo_strait,Wilkitski-Straße
sea.name.vincennes_bay,Vincennes-Bucht
sea.name.visayan_sea,Visayas-Meer
sea.name.viscount_melville_sound,Viscount Melville Sound
sea.name.waddenzee,Wattenmeer
sea.name.wager_bay,Wager Bay
sea.name.weddell_sea,Weddellmeer
sea.name.white_sea,Weißes Meer
sea.name.wrigley_gulf,Wrigley-Golf
sea.name.wynniatt_bay,Wynniatt Bay
sea.name.yangtze_river,Jangtse
sea.name.yellow_sea,Gelbes Meer
sea.name.yenisey_gulf,Jenissei-Bucht
sea.name.øresund,Öresund
select.back,◀ ZURÜCK
select.badge_easy,EINFACH
select.badge_hard,ANSPRUCHSVOLL
select.badge_normal,NORMAL
select.col_name,Name
select.col_rank,Rang
select.difficulty_1,★ ANFÄNGER
select.difficulty_2,★★ EINFACH
select.difficulty_3,★★★ NORMAL
select.difficulty_4,★★★★ SCHWER
select.difficulty_5,★★★★★ EXPERTE
select.difficulty_easy,★ ANFÄNGER
select.difficulty_hard,★★★ NORMAL
select.difficulty_medium,★★ EINFACH
select.difficulty_tier.easy,EINFACH
select.difficulty_tier.hard,ANSPRUCHSVOLL
select.difficulty_tier.normal,NORMAL
select.filter_all,Alle
select.filter_beginner,Anfänger (★★)
select.filter_difficulty,Schwierigkeitsgrad:
select.filter_easy,Einfach
select.filter_expert,Experte (★★★★+)
select.filter_hard,Anspruchsvoll
select.filter_intermediate,Mittelstufe (★★★)
select.filter_normal,Normal
select.gdp,Bruttoinlandsprodukt
select.gdp_rank,BIP-Rang: #{0}
select.government,Regierung
select.mil_rank,Militärischer Rang: #{0}
select.military,Militär
select.no_country,"Klicken Sie auf ein Land, um zu beginnen"
select.population,Bevölkerung
select.region,Region
select.search,Länder suchen...
select.start_game,SPIEL STARTEN
select.title,WÄHLEN SIE IHR LAND AUS
settings.apply,ÜBERNEHMEN
settings.audio.master,Gesamtlautstärke
settings.audio.music,Musiklautstärke
settings.audio.notification_sounds,Benachrichtigungstöne
settings.audio.notifications_section,BENACHRICHTIGUNGEN
settings.audio.sfx,SFX-Lautstärke
settings.audio.volume_section,LAUTSTÄRKE
settings.cancel,ABBRECHEN
settings.controls.action.CameraMove,Kamerabewegung
settings.controls.action.CameraZoom,Zoom-Kamera
settings.controls.action.ContextMenu,Kontextmenü
settings.controls.action.Escape,Zurück / Zurück
settings.controls.action.GoHome,Nach Hause
settings.controls.action.MapModeDiplomatic,Diplomatische Karte
settings.controls.action.MapModeEconomic,Wirtschaftskarte
settings.controls.action.MapModeMilitary,Militärkarte
settings.controls.action.MapModeModifier,Kartenmodus bearbeiten
settings.controls.action.MapModeNuclear,Kernkraftkarte
settings.controls.action.MapModePolitical,Politische Karte
settings.controls.action.MapModePopulation,Bevölkerung
settings.controls.action.MapModeTerrain,Geländekarte
settings.controls.action.OpenDiplomacy,Diplomatie öffnen
settings.controls.action.OpenEconomy,Wirtschaft öffnen
settings.controls.action.OpenEventLog,Ereignisprotokoll öffnen
settings.controls.action.OpenIntel,Geheimdienst öffnen
settings.controls.action.OpenLedger,Hauptbuch öffnen
settings.controls.action.OpenMilitary,Militär öffnen
settings.controls.action.OpenProvinces,Provinzen öffnen
settings.controls.action.OpenSearch,Suche starten
settings.controls.action.OpenTech,Technologie öffnen
settings.controls.action.SelectProvince,Provinz auswählen
settings.controls.action.Speed1,Geschwindigkeit 1
settings.controls.action.Speed2,Geschwindigkeit 2
settings.controls.action.Speed3,Geschwindigkeit 3
settings.controls.action.Speed5,Geschwindigkeit 5
settings.controls.action.SpeedDown,Geschwindigkeit verringern
settings.controls.action.SpeedPause,Anhalten / Fortsetzen
settings.controls.action.SpeedUp,Beschleunigen
settings.controls.active_prompt_family,Familie der aktiven Eingabeaufforderungen
settings.controls.controller_cursor,STEUER-CURSOR
settings.controls.controller_cursor_enabled,Virtuellen Cursor aktivieren
settings.controls.controller_cursor_speed,Geschwindigkeit des virtuellen Cursors (%)
settings.controls.gamepad,GAMEPAD
settings.controls.keyboard_mouse,TASTATUR & MAUS
settings.controls.listening,Ich höre zu...
settings.controls.map_mode_modifier_hint,"Halte LB + Steuerkreuz gedrückt, um zwischen den Kartenmodi zu wechseln"
settings.controls.open_rebind_studio,Rebind Studio öffnen
settings.controls.press_any_key,Drücken Sie eine beliebige Taste
settings.controls.prompt_family_auto,Auto
settings.controls.prompt_family_generic,Allgemeiner Controller
settings.controls.prompt_family_playstation,PlayStation
settings.controls.prompt_family_xbox,Xbox
settings.controls.rebind_conflict,Konflikt!
settings.controls.rebind_customized,Benutzerdefiniert
settings.controls.rebind_studio_cancel,Abbrechen
settings.controls.rebind_studio_close,Schließen
settings.controls.rebind_studio_conflict,"{0} benötigt {2}, aber {1} verwendet diesen bereits. Wählen Sie aus, wie das Problem gelöst werden soll."
settings.controls.rebind_studio_controller,Steuergerät
settings.controls.rebind_studio_keyboard,Tastatur & Maus
settings.controls.rebind_studio_override,Überschreiben
settings.controls.rebind_studio_reset_group,Aktuelle Ansicht zurücksetzen
settings.controls.rebind_studio_status_idle,"Wählen Sie eine Aktion auf der Karte oder in der Liste aus, die Sie neu zuweisen möchten."
settings.controls.rebind_studio_status_listening,Bitte warten... Drücken Sie eine Taste oder einen Knopf.
settings.controls.rebind_studio_swap,Tauschen
settings.controls.rebind_studio_title,REBIND STUDIO
settings.controls.rebind_studio_unbound,Ungebunden
settings.controls.rebind_success,Gespeichert!
settings.controls.rebind_unbound,Ungebunden
settings.controls.reset_bindings,ZURÜCKSETZEN
settings.controls.restore_default,Zurücksetzen
settings.controls.restore_default_desc,Setzt diese bestimmte Bindung auf ihren ursprünglichen Standardwert zurück.
settings.controls.section.camera,Zimmer
settings.controls.section.core,Kernmaßnahmen
settings.controls.section.map_modes,Kartenmodi
settings.controls.section.other,Sonstiges
settings.controls.section.panels,Paneele
settings.controls.section.time,Zeitkontrollen
settings.controls.unsaved_changes,Sie haben noch nicht gespeicherte Änderungen.
settings.gameplay.auto_unpause_escape,Automatische Wiederaufnahme (Esc-Menü)
settings.gameplay.auto_unpause_escape_desc,"Wenn diese Option aktiviert ist, wird das Spiel automatisch fortgesetzt, sobald das Escape-Menü geschlossen wird."
settings.gameplay.auto_unpause_events,Automatische Wiederaufnahme (Veranstaltungen)
settings.gameplay.auto_unpause_events_desc,"Wenn diese Option aktiviert ist, wird das Spiel nach dem Schließen eines Ereignis-Popups automatisch fortgesetzt."
settings.gameplay.autosave,Intervall für die automatische Speicherung
settings.gameplay.disable_edge_pan,Kantenverschiebung deaktivieren
settings.gameplay.disable_edge_pan_desc,"Verhindert, dass sich die Kamera bewegt, wenn der Cursor die Bildschirmränder berührt."
settings.gameplay.font_left_panel,Schriftgröße im linken Bereich (%)
settings.gameplay.font_main_hud,Haupt-HUD-Schriftgröße (%)
settings.gameplay.font_other,Andere UI-Schriftarten (%)
settings.gameplay.font_outliner,Schriftgröße (%)
settings.gameplay.font_scale_section,SCHRIFTGRÖSSE
settings.gameplay.general_section,ALLGEMEINES
settings.gameplay.interface_section,SCHNITTSTELLE
settings.gameplay.notif_verbosity,Benachrichtigungsstufe
settings.gameplay.pause_on_event,Popup bei Ereignis anzeigen
settings.gameplay.steam_cloud,Steam-Cloud-Speicherstände
settings.gameplay.suppress_event_popups,Ereignis-Popups unterdrücken
settings.gameplay.suppress_event_popups_desc,Wähle automatisch die erste gültige Option aus und blende Ereignis-Popups aus. Ideal für die Aufzeichnung von Trailern.
settings.gameplay.tooltip_delay,Verzögerung bei Tooltips (ms)
settings.gameplay.ui_scale,UI-Skalierung (%)
settings.graphics.antialiasing,Kantenglättung
settings.graphics.display,ANZEIGE
settings.graphics.fps_monitor,Monitor ({0} Hz)
settings.graphics.fps_target,Ziel-FPS
settings.graphics.fps_uncapped,Unbegrenzt
settings.graphics.fullscreen,Vollbild
settings.graphics.quality,Voreinstellung
settings.graphics.quality_section,QUALITÄT
settings.graphics.resolution,Auflösung
settings.graphics.shadows,Schatten
settings.graphics.vsync,VSync
settings.language.current,Sprache
settings.language.note,Nur die englische Version ist vollständig. Bei fehlenden Einträgen wird auf die englische Version zurückgegriffen.
settings.language.reload_confirm.msg,Ein Sprachwechsel erfordert ein schnelles Neuladen der Benutzeroberfläche. Das Spiel erstellt nach Möglichkeit eine automatische Speicherdatei und lädt die Szene neu. Möchtest du fortfahren?
settings.language.reload_confirm.title,SPRACHE ÄNDERN
settings.option.autosave_10m,10 Min.
settings.option.autosave_2m,2 Min.
settings.option.autosave_5m,5 Min.
settings.option.critical_only,Nur Kritisches
settings.option.high,Hoch
settings.option.important_only,Nur Wichtiges
settings.option.low,Niedrig
settings.option.medium,Mittel
settings.option.off,Aus
settings.option.ultra,Ultra
settings.privacy.analytics_enabled,Spielanalyse aktivieren
settings.privacy.analytics_id,Analytics-ID (diese Installation)
settings.privacy.analytics_section,ANALYTIK
settings.privacy.collection_summary,"Was wir erfassen: Sitzungsdauer, ausgewähltes Land, wichtige Spielereignisse und technische Diagnosedaten (Version, Plattform, Absturz-/Fehlerkontext). Wir erfassen keine Chat-Nachrichten oder frei formulierte persönliche Texte."
settings.privacy.contact_section,Richtlinien & Kontakt
settings.privacy.copy_contact,Datenschutz Kontakt E-Mail
settings.privacy.copy_id,Analytics-ID kopieren
settings.privacy.delete_action,Analysedaten für diese Installation löschen
settings.privacy.delete_status.completed,Abgeschlossen
settings.privacy.delete_status.failed,Fehlgeschlagen
settings.privacy.delete_status.none,Nicht angefordert
settings.privacy.delete_status.pending,In Bearbeitung
settings.privacy.delete_status_label,Löschstatus
settings.privacy.delete_warning,Löschanfragen gelten nur für dieses lokale Analyseprofil. Sie können über dieses Menü keine Kennung eines anderen Spielers übermitteln.
settings.privacy.feedback.delete_completed,Der Löschantrag wurde erfolgreich übermittelt.
settings.privacy.feedback.delete_failed_manual,Die automatische Löschanforderung ist fehlgeschlagen. Verwenden Sie die kopierte Vorlage und die Kontakt-E-Mail-Adresse für die manuelle Bearbeitung.
settings.privacy.feedback.delete_requested,Der Löschantrag wurde für dieses Installationsprofil als „ausstehend“ markiert.
settings.privacy.feedback.delete_template_copied,Eine Vorlage für eine Supportanfrage wurde in die Zwischenablage kopiert.
settings.privacy.feedback.email_copied,Die E-Mail-Adresse des Datenschutzbeauftragten wurde in die Zwischenablage kopiert.
settings.privacy.feedback.id_copied,Die Analytics-ID wurde in die Zwischenablage kopiert.
settings.privacy.identifier_section,IDENTIFIZIEREN
settings.privacy.open_policy,Datenschutzerklärung öffnen
settings.privacy.rights_section,IHRE RECHTE
settings.reset,ZURÜCKSETZEN
settings.tab.audio,AUDIO
settings.tab.controls,BEDIENELEMENTE
settings.tab.gameplay,SPIELVERLAUF
settings.tab.graphics,GRAFIK
settings.tab.language,SPRACHE
settings.tab.privacy,DATENSCHUTZ
settings.title,EINSTELLUNGEN
stat.atk,EDV
stat.build_time,ZEIT
stat.cost,KOSTEN
stat.def,Verteidigen
stat.hp,Mobiltelefon
stat.infra,INFRA
stat.money,GELD
stat.money_m,${0}M
stat.mp,Abgeordneter
stat.pop,Pop
stat.rp,RP
stat.spd,Sozialdemokratische Partei
status.available,VERFÜGBAR
status.capacity_full,PROVINZ AUSGEBUCHT
status.type_limit_reached,ZEICHENLIMIT ERREICHT
statusquo,Status quo
tech.advanced_ai.description,Groß angelegte KI-Systeme für autonome Entscheidungsfindung und Planung.
tech.advanced_ai.name,Fortgeschrittene künstliche Intelligenz
tech.advanced_espionage.description,"HUMINT-Netzwerke, geheime Kontaktstellen und Techniken für verdeckte Operationen."
tech.advanced_espionage.name,Fortgeschrittene Spionagetechniken
tech.advanced_materials.description,Kohlefaser- und Keramikverbundwerkstoffe für hochwertige Panzerungen und Konstruktionen.
tech.advanced_materials.name,Hochleistungsverbundwerkstoffe
tech.agi_research.description,Eine KI auf menschlichem Niveau mit umfassenden Denk- und Lernfähigkeiten.
tech.agi_research.name,Allgemeine künstliche Intelligenz
tech.agritech.description,"Mechanisierte landwirtschaftliche Betriebe, Düngemittelkonzerne und intensive Tierhaltung für die großflächige Nahrungsmittelproduktion."
tech.agritech.name,Industrielle Landwirtschaft
tech.asat_weapons.description,Kinetische Abfangkörper und koorbitale Abfangraketen zur Verhinderung des Zugangs zum Weltraum.
tech.asat_weapons.name,Anti-Satellitenwaffen
tech.asteroid_mining.description,Robotergestützter Abbau seltener Rohstoffe auf erdnahen Asteroiden.
tech.asteroid_mining.name,Rohstoffgewinnung auf Asteroiden
tech.autonomous_drones.description,"KI-gesteuerte Drohnen, die in der Lage sind, Ziele selbstständig zu erfassen."
tech.autonomous_drones.name,Autonome Kampfdrohnen
tech.ballistic_missile_program.description,"Grundlage für die Entwicklung einheimischer Raketen. Ermöglicht die Herstellung von SRBM/MRBM, den Bau mobiler Abschussvorrichtungen sowie die Entwicklung konventioneller Marschflugkörper."
tech.ballistic_missile_program.name,Programm für ballistische Raketen
tech.bioengineering.description,"Maßgeschneiderte Organismen für industrielle, medizinische und landwirtschaftliche Zwecke."
tech.bioengineering.name,Synthetische Biologie
tech.counterintel_doctrine.description,Systematische Ansätze zur Aufdeckung und Bekämpfung ausländischer nachrichtendienstlicher Operationen.
tech.counterintel_doctrine.name,Doktrin der Spionageabwehr
tech.cyber_operations.description,Offensive und defensive Cyberfähigkeiten.
tech.cyber_operations.name,Grundlagen der Cyberkriegsführung
tech.cyber_warfare_2.description,Angriffe auf staatliche Infrastruktur und Vorräte an Zero-Day-Exploits.
tech.cyber_warfare_2.name,Fortgeschrittene Cyberkriegsführung
tech.deep_cover_operations.description,Langfristige Unterwanderungs- und Einflussnahmeoperationen in ausländischen Regierungen.
tech.deep_cover_operations.name,Verdeckte Ermittlungen
tech.directed_energy.description,Hochenergielaser und Mikrowellenwaffen für die Punktabwehr.
tech.directed_energy.name,Strahlwaffen
tech.drone_swarms.description,"Tausende kleiner Drohnen, die als koordiniertes Waffensystem agieren."
tech.drone_swarms.name,Koordinierte Drohnenschwärme
tech.drone_warfare.description,Bewaffnete Drohnen und Loitering-Munition für die asymmetrische Kriegsführung.
tech.drone_warfare.name,Unbemannte Kampfsysteme
tech.electronic_warfare.description,"Störmaßnahmen, Signalabfang und Waffen mit elektromagnetischem Impuls."
tech.electronic_warfare.name,Elektronische Kampfsystem
tech.extraction_basics.description,"Maschinelles Bohren, Tiefbaubergbau und nachhaltige Forstwirtschaft. Grundlage für die Selbstversorgung mit Rohstoffen."
tech.extraction_basics.name,Moderne Extraktionsverfahren
tech.fusion_power.description,"Fusionsreaktoren mit positiver Energiebilanz, die nahezu unbegrenzt saubere Energie liefern."
tech.fusion_power.name,Kommerzielle Fusionsenergie
tech.gene_therapy.description,In-vivo-Behandlungen zur Genbearbeitung bei genetisch bedingten Erkrankungen und im Zusammenhang mit dem Alterungsprozess.
tech.gene_therapy.name,Klinische Gentherapie
tech.genomics.description,"CRISPR-Geneditierung für Landwirtschaft, Medizin und Biotechnologie."
tech.genomics.name,Angewandte Genomik
tech.green_hydrogen.description,Wasserstoffgewinnung durch Elektrolyse für Industrie und Verkehr.
tech.green_hydrogen.name,Wirtschaft auf Basis von grünem Wasserstoff
tech.hypersonic_cruise.description,Luftatmende Scramjet-Raketen mit globaler Schlagkraft.
tech.hypersonic_cruise.name,Hyperschall-Marschflugkörper
tech.hypersonic_missiles.description,"Raketen mit einer Geschwindigkeit von über Mach 5, die Manöver fliegen, um der Raketenabwehr zu entgehen."
tech.hypersonic_missiles.name,Hyperschall-Gleitflugkörper
tech.icbm_program.description,Technologie für Interkontinentalraketen. Ermöglicht die Herstellung von Interkontinentalraketen und den Bau von Silos zur strategischen Abschreckung.
tech.icbm_program.name,Entwicklungsprogramm für Interkontinentalraketen
tech.integrated_missile_shield.description,"Mehrschichtige Raketenabwehr, die bodengestützte, seegestützte und weltraumgestützte Systeme kombiniert."
tech.integrated_missile_shield.name,Integriertes Raketenabwehrnetzwerk
tech.lunar_base.description,Eine bemannte Forschungsstation auf dem Mond für wissenschaftliche Zwecke und die Gewinnung von Rohstoffen.
tech.lunar_base.name,Ständiger Mondstützpunkt
tech.machine_learning.description,"Deep Learning in den Bereichen industrielle Optimierung, Logistik und Prognosen."
tech.machine_learning.name,Angewandtes maschinelles Lernen
tech.next_gen_fighter.description,Optional bemannter Stealth-Jäger mit Integration von KI-Flugbegleitern.
tech.next_gen_fighter.name,Kampfflugzeug der 6. Generation
tech.orbital_manufacturing.description,Schwerelosigkeitsfabriken für hochmoderne Werkstoffe und Arzneimittel.
tech.orbital_manufacturing.name,Orbital Manufacturing
tech.orbital_weapons.description,Kinetische Beschusswaffen aus dem Weltraum und Strahlenwaffen.
tech.orbital_weapons.name,Orbital-Angriffsplattform
tech.precision_agriculture.description,KI-gestützte Landwirtschaft mit Drohnenüberwachung und automatisierter Ernte.
tech.precision_agriculture.name,Präzisionslandwirtschaft
tech.precision_manufacturing.description,Montagelinien in der Luft- und Raumfahrt sowie die generische Fertigung durch Tier-3-Zulieferer stoßen an die Grenzen der Produktionskapazitäten.
tech.precision_manufacturing.name,Präzisionsfertigung & fortschrittliche Extraktion
tech.quantum_computing.description,Fehlerkorrigierte Quantenprozessoren für Kryptografie und Simulation.
tech.quantum_computing.name,Grundlagen des Quantencomputings
tech.quantum_encryption_mil.description,Unknackbare militärische Kommunikation mittels Quantenschlüsselverteilung.
tech.quantum_encryption_mil.name,Quantum-gesicherte Kommunikation
tech.railgun_technology.description,Hochgeschwindigkeitsgeschosse mit elektromagnetischem Antrieb.
tech.railgun_technology.name,Elektromagnetische Railgun
tech.reactive_armor.description,Explosiv reaktive Panzerung und aktive Schutzsysteme für gepanzerte Kampffahrzeuge.
tech.reactive_armor.name,Reaktive Panzerungssysteme
tech.refining.description,"Raffinerien und Chemiewerke, die Rohöl in hochwertige Verarbeitungsprodukte umwandeln."
tech.refining.name,Industrielle Raffinerie und Petrochemie
tech.renewable_energy.description,"Hocheffiziente Solar-, Wind- und Gezeitenenergieerzeugung."
tech.renewable_energy.name,Fortschrittliche erneuerbare Energien
tech.reusable_launch.description,"Vollständig wiederverwendbare Orbital-Trägersysteme, die die Kosten für den Transport in den Orbit senken."
tech.reusable_launch.name,Wiederverwendbare Trägerraketen
tech.sat_based_internet.description,Universelle Breitbandverbindung über eine LEO-Konstellation.
tech.sat_based_internet.name,Satellitengestütztes globales Internet
tech.satellite_constellation.description,Satellitennetzwerke in der erdnahen Umlaufbahn für Kommunikation und Überwachung.
tech.satellite_constellation.name,Globale Satellitenkonstellation
tech.signals_intelligence.description,Elektronische Kommunikation zum Zwecke der Informationsgewinnung abfangen und auswerten.
tech.signals_intelligence.name,Signalaufklärung (SIGINT)
tech.slbm_integration.description,Technologie für U-Boot-gestützte ballistische Raketen. Ermöglicht die Bestückung von U-Boot-Flotten mit SLBMs sowie den Bau von U-Boot-Bunkeranlagen zur Gewährleistung der Zweitschlagfähigkeit.
tech.slbm_integration.name,SLBM-Integration
tech.smart_cities.description,"IoT-vernetzte städtische Systeme, autonomer Verkehr und KI-Governance."
tech.smart_cities.name,Smart-City-Infrastruktur
tech.smart_grid.description,KI-gesteuerte Stromverteilung mit Lastausgleich in Echtzeit.
tech.smart_grid.name,Smart-Grid-Infrastruktur
tech.space_based_radar.description,Kontinuierliche weltweite Überwachung aus dem Orbit zur Frühwarnung.
tech.space_based_radar.name,Weltraumgestütztes Radarnetzwerk
tech.space_dominance.description,Vollständige militärische und wirtschaftliche Kontrolle über den cislunaren Raum.
tech.space_dominance.name,Vollständige Vorherrschaft im Weltraum
tech.space_solar_power.description,"Sonnenkollektoren im Orbit, die Energie an Empfänger auf der Erde senden."
tech.space_solar_power.name,Weltraumgestützte Solarenergie
tech.space_surveillance.description,Verfolgung und Identifizierung aller Objekte in der Erdumlaufbahn.
tech.space_surveillance.name,Weltraumlageerfassung
tech.stealth_coatings.description,Hochentwickelte Tarnbeschichtungen zur Verringerung des Radarquerschnitts.
tech.stealth_coatings.name,radarabsorbierende Materialien
tech.superintelligence.description,"Eine auf den Menschen ausgerichtete, übermenschliche KI, die alle Bereiche der Wissenschaft und Politik vorantreibt."
tech.superintelligence.name,Kontrollierte Superintelligenz
territorial,Territorial
tooltip.agenda.activate_goal.desc,Macht das ausgewählte strategische Ziel zu Ihrem aktuellen nationalen Ziel.
tooltip.agenda.activate_goal.title,AKTIVES ZIEL FESTLEGEN
tooltip.agenda.category_tab.desc,Zeigt die Ziele in der Kategorie {0} an.
tooltip.agenda.category_tab.title,TORKATEGORIE
tooltip.agenda.close_planner.desc,Schließt die Planer-Ebene und kehrt zur Registerkarte „Tagesordnung“ zurück.
tooltip.agenda.close_planner.title,ZIELPLANER SCHLIESSEN
tooltip.agenda.empty.desc,Für dieses Land sind derzeit keine Agenda-Inhalte hinterlegt.
tooltip.agenda.empty.title,TERMIN
tooltip.agenda.goal_card.desc,"Wählen Sie diese Option aus, um die Aufgaben, Belohnungen und den Aktivierungsstatus dieses Ziels anzuzeigen."
tooltip.agenda.goal_card.title,ZIEL: {0}
tooltip.agenda.goal_progress.desc,"Zeigt an, wie viele Aufgaben für das ausgewählte strategische Ziel abgeschlossen sind."
tooltip.agenda.goal_progress.title,Ziele und Fortschritte
tooltip.agenda.open_planner.desc,"Öffnet den Detailplaner, in dem Sie strategische Ziele einsehen und aktivieren können."
tooltip.agenda.open_planner.title,ZIELPLANER ÖFFNEN
tooltip.agenda.open_task_panel.desc,"Wechselt direkt zum Fenster „{0}“, um diese Aufgabe schneller zu erledigen."
tooltip.agenda.open_task_panel.title,ZUGEHÖRENDES FENSTER ÖFFNEN
tooltip.agenda.section.desc,Zeigt Ihr aktuelles nationales Ziel und die daraus resultierenden nächsten Schritte an.
tooltip.agenda.section.title,STRATEGISCHE AGENDA
tooltip.building.generic_desc,"Wählen Sie ein Gebäude aus, um dessen Auswirkungen und Bauvoraussetzungen anzuzeigen."
tooltip.building.type_limit,Maximal {1} {0} pro Provinz. Hier können Sie keine weiteren Objekte dieses Typs errichten.
tooltip.country.area.desc,Gesamtfläche in Quadratkilometern.
tooltip.country.area.title,GEBIET
tooltip.country.balance.desc,Exporte abzüglich Importe. Ein Überschuss kurbelt das BIP-Wachstum an; ein Defizit bremst es.
tooltip.country.balance.title,HANDELSBILANZ
tooltip.country.bud_infra.desc,"Anteil der Ausgaben für Straßen, Häfen und Versorgungsunternehmen. Fördert den Ausbau der Infrastruktur in der Provinz."
tooltip.country.bud_infra.title,INFRASTRUKTUR-HAUSHALT %
tooltip.country.bud_mil.desc,Anteil der Verteidigungsausgaben an den Staatsausgaben.
tooltip.country.bud_mil.title,Anteil am Militärhaushalt in %
tooltip.country.bud_res.desc,Anteil der Ausgaben für Technologieforschung. Höhere Ausgaben = schnellerer Forschungsfortschritt.
tooltip.country.bud_res.title,ANTEIL AM FORSCHUNGSBUDGET (in %)
tooltip.country.bud_reserve.desc,"Nicht zugewiesene Mittel, die in der Reserve verbleiben. Fließt in die Staatskasse."
tooltip.country.bud_reserve.title,RESERVEBUDGET %
tooltip.country.bud_social.desc,"Anteil der Ausgaben für Gesundheitswesen, Bildung und Soziales. Verringert soziale Unruhen und verbessert den HDI."
tooltip.country.bud_social.title,ANTEIL AM SOZIALHAUSHALT (in %)
tooltip.country.capital.desc,Regierungssitz. Die Hauptstadtprovinz erhält Boni auf Infrastruktur und Stabilität.
tooltip.country.capital.title,Kapital
tooltip.country.continent.desc,Geografische Region. Beeinflusst regionale Diplomatieboni und Ereignisauswahl.
tooltip.country.continent.title,KONTINENT
tooltip.country.corruption.desc,Korruptionsgrad der Regierung (0–100 %). Ein höheres Korruptionsniveau beeinträchtigt die Steuereffizienz und das BIP-Wachstum. Wird durch Stabilität gemindert.
tooltip.country.corruption.title,KORRUPTION
tooltip.country.debt.desc,Staatsverschuldung im Verhältnis zur jährlichen Wirtschaftsleistung. Eine hohe Verschuldung führt zu wirtschaftlichen Turbulenzen und Wachstumsverluste.
tooltip.country.debt.title,SCHULDENQUOTE
tooltip.country.exports.desc,"Wert der Überschussressourcen, die jeden Monat auf dem Weltmarkt verkauft werden."
tooltip.country.exports.title,EXPORTE
tooltip.country.gdp.desc,Bruttoinlandsprodukt – Gesamtwirtschaftsleistung. Summe der gesamten Produktion der Provinzen mit Berichtigungen.
tooltip.country.gdp.title,Bruttoinlandsprodukt
tooltip.country.gdp_cap.desc,Durchschnittliche Wirtschaftsleistung pro Kopf. Höhere Werte deuten auf einen besseren Lebensstandard hin.
tooltip.country.gdp_cap.title,Bruttoinlandsprodukt pro Kopf
tooltip.country.gov_type.desc,"Das politische System des Landes. Es beeinflusst die Stabilität, die Korruptionsrate und die diplomatischen Handlungsmöglichkeiten."
tooltip.country.gov_type.title,Staatsform
tooltip.country.growth.desc,"Monatliche BIP-Wachstumsrate. Begünstigt durch Investitionen, Bildungsausgaben und Handelsüberschuss. Beeinträchtigt durch Inflation, Krieg und Instabilität."
tooltip.country.growth.title,BIP-WACHSTUM
tooltip.country.hdi.desc,"Zusammengesetzter Indikator (0–1) für Lebenserwartung, Bildungsniveau und Einkommen. Ein höherer HDI-Wert verringert soziale Unruhen."
tooltip.country.hdi.title,INDEX DER MENSCHLICHEN ENTWICKLUNG
tooltip.country.ideology.desc,"Herrschende Ideologie. Beeinflusst die diplomatische Ausrichtung, Forschungsschwerpunkte und die Sozialpolitik."
tooltip.country.ideology.title,IDEOLOGIE
tooltip.country.imports.desc,Wert der auf dem Weltmarkt zur Deckung des Inlandsbedarfs erworbenen Ressourcen.
tooltip.country.imports.title,IMPORTE
tooltip.country.inflation.desc,"Inflationsrate. Steigt, wenn die Ausgaben die Einnahmen übersteigen. Beeinträchtigt das BIP-Wachstum."
tooltip.country.inflation.title,INFLATION
tooltip.country.mil_active.desc,Derzeit im aktiven Dienst stehende Berufssoldaten.
tooltip.country.mil_active.title,AKTIVES PERSONAL
tooltip.country.mil_aircraft.desc,"Militärflugzeuge, darunter Kampfflugzeuge, Bomber und Transportflugzeuge."
tooltip.country.mil_aircraft.title,FLUGZEUG
tooltip.country.mil_apcs.desc,Gepanzerte Mannschaftstransporter. Verbessern die Bewegungsgeschwindigkeit und die Verteidigung der Armee.
tooltip.country.mil_apcs.title,APCs
tooltip.country.mil_arty.desc,Selbstfahrende und gezogene Artilleriegeschütze. Belagerungsfähigkeit auf Provinzebene.
tooltip.country.mil_arty.title,ARTILLERIE
tooltip.country.mil_budget.desc,Jährliche Militärausgaben. Ein höheres Budget verbessert die Qualität der Ausrüstung und beschleunigt die Rekrutierung.
tooltip.country.mil_budget.title,VERTEIDIGUNGSHAUSHALT
tooltip.country.mil_nukes.desc,"Gesamtbestand an Atomwaffen. Der Wert Null bedeutet, dass es sich um einen Nicht-Atomwaffenstaat handelt. Je mehr Sprengköpfe vorhanden sind, desto höher ist die DEFCON-Bedrohungsstufe."
tooltip.country.mil_nukes.title,ATOMSPRENGKÖPFE
tooltip.country.mil_reserve.desc,Zivilisten werden für den Militärdienst ausgebildet. Die Umstellung auf eine auf der Bevölkerungszahl und dem Verteidigungshaushalt basierende Personalstärke erfolgt schrittweise.
tooltip.country.mil_reserve.title,RESERVIEREN
tooltip.country.mil_ships.desc,"Überwasserschiffe der Marine, darunter Flugzeugträger, Zerstörer und Fregatten."
tooltip.country.mil_ships.title,SCHIFFE
tooltip.country.mil_subs.desc,U-Boot-Flotte. Entscheidend für die SLBM-Zweitschlagfähigkeit.
tooltip.country.mil_subs.title,U-BOOTE
tooltip.country.mil_tanks.desc,Kampfpanzer. Kernkompetenz bei der Landoffensive.
tooltip.country.mil_tanks.title,TANKS
tooltip.country.pop.desc,Gesamtbevölkerung des Landes in allen Provinzen.
tooltip.country.pop.title,BEVÖLKERUNG
tooltip.country.stability.desc,"Politische Stabilität (0–100 %). Eine geringe Stabilität führt zu Unruhen, Korruption und einem erhöhten Risiko für Zwischenfälle. Beeinflusst durch Regierungsmaßnahmen und Kriege."
tooltip.country.stability.title,STABILITÄT
tooltip.country.tariff.desc,"Prozentsatz des Einfuhrzolls. Bringt Einnahmen, verringert jedoch das Handelsvolumen und kann Vergeltungsmaßnahmen nach sich ziehen."
tooltip.country.tariff.title,Zollsatz
tooltip.country.tax.desc,"Anteil der Steuereinnahmen am BIP. Höhere Steuersätze steigern die Einnahmen, können aber das Wachstum bremsen."
tooltip.country.tax.title,STEUERSATZ
tooltip.country.treasury.desc,Verfügbare Mittel. Einnahmen abzüglich Ausgaben. Ein negativer Saldo erhöht die Schuldenquote.
tooltip.country.treasury.title,FINANZMINISTERIUM
tooltip.country.unemploy.desc,"Anteil der Erwerbslosen an der Erwerbsbevölkerung. Beeinflusst durch das BIP-Wachstum, die Automatisierung und die Sozialpolitik."
tooltip.country.unemploy.title,ARBEITSLOSIGKEIT
tooltip.csel.difficulty,SCHWIERIGKEITSGRAD
tooltip.csel.difficulty.desc,"Geschätzter Schwierigkeitsgrad des Spiels. Abhängig vom anfänglichen BIP, der militärischen Stärke, der Stabilität und der diplomatischen Lage."
tooltip.csel.gdp,BIP
tooltip.csel.gdp.desc,Bruttoinlandsprodukt – Gesamtwirtschaftsleistung in US-Dollar.
tooltip.csel.military,MILITÄRISCHE STÄRKE
tooltip.csel.military.desc,"Gesamtindex der militärischen Stärke (0–1). Basierend auf Personal, Ausrüstung und Technologie."
tooltip.csel.population,BEVÖLKERUNG
tooltip.csel.population.desc,Gesamtbevölkerung dieses Landes in allen Provinzen.
tooltip.csel.power_index,LEISTUNGSINDEX
tooltip.csel.power_index.desc,"Gesamt-Machtindex. Berücksichtigt wirtschaftliche, militärische, diplomatische und technologische Faktoren."
tooltip.diplo.aid_package.desc,"Sende ein Hilfspaket, um die Beziehungen zu verbessern und diplomatischen Einfluss zu gewinnen."
tooltip.diplo.aid_package.title,ENTWICKLUNGSHILFE
tooltip.diplo.alliance.desc,Schlage ein Verteidigungsbündnis vor. Verbündete beteiligen sich automatisch an Verteidigungskriegen.
tooltip.diplo.alliance.title,VORSCHLAG EINER ALLIANZ
tooltip.diplo.cancel_nap.desc,Den Nichtangriffspakt aufkündigen. Dies hat erhebliche diplomatische Nachteile zur Folge.
tooltip.diplo.cancel_nap.title,DEN NICHTANGRIFFSPAKT AUFKÜNDIGEN
tooltip.diplo.cancel_trade.desc,Das derzeitige Handelsabkommen kündigen. Dies könnte die Beziehungen beeinträchtigen.
tooltip.diplo.cancel_trade.export,Exportschub
tooltip.diplo.cancel_trade.growth,Jährlicher Wachstumsbonus
tooltip.diplo.cancel_trade.import_damp,Importinflation gedämpft
tooltip.diplo.cancel_trade.months,Verbleibende Monate
tooltip.diplo.cancel_trade.priority_resources,Vorrangige Ressourcen
tooltip.diplo.cancel_trade.priority_resources_all,Alle Ressourcen
tooltip.diplo.cancel_trade.priority_resources_none,Keine
tooltip.diplo.cancel_trade.tariff,Tarifsenkung
tooltip.diplo.cancel_trade.title,HANDELSABKOMMEN AUFHEBEN
tooltip.diplo.ceasefire,WAFFENRUHE
tooltip.diplo.ceasefire.desc,"Schlagen Sie einen vorübergehenden Waffenstillstand vor. Beide Seiten stellen die Kampfhandlungen ein, während die Verhandlungen laufen."
tooltip.diplo.coalition_sanction.desc,"Verbündete mobilisieren, um koordinierte Sanktionen außerhalb des UN-Rahmens zu verhängen."
tooltip.diplo.coalition_sanction.title,KOALITION FÜR SANKTIONEN
tooltip.diplo.currency_manip.desc,"Die Währung abwerten, um die Exporte anzukurbeln – auf Kosten von Inflation und diplomatischen Sanktionen."
tooltip.diplo.currency_manip.title,WÄHRUNGSMANIPULATION
tooltip.diplo.debt_trap.desc,"Wucherzinsen anbieten, um Einfluss auf schwächere Nationen zu gewinnen."
tooltip.diplo.debt_trap.title,DIPLOMATIE DER SCHULDENFALLE
tooltip.diplo.dip_power.desc,"Aktuelle diplomatische Kapazität nach Abzug der Modifikatoren, die zur Aufrechterhaltung von Verträgen und Maßnahmen verwendet werden."
tooltip.diplo.dip_power.title,DIPLOMATISCHE MACHT
tooltip.diplo.diplomatic_weight.desc,"Einflusswert, der von internationalen Systemen zur Bewertung Ihrer Verhandlungsmacht herangezogen wird."
tooltip.diplo.diplomatic_weight.title,DIPLOMATISCHES GEWICHT
tooltip.diplo.expel_ambassador,Botschafter ausweisen
tooltip.diplo.expel_ambassador.desc,Weisen Sie den Botschafter dieses Landes aus Ihrem Land aus. Eine drastische diplomatische Maßnahme.
tooltip.diplo.guarantee,UNABHÄNGIGKEIT SICHERN
tooltip.diplo.guarantee.desc,Sichere die Unabhängigkeit dieses Landes. Du wirst dich an jedem Verteidigungskrieg zu dessen Schutz beteiligen.
tooltip.diplo.guarantee_reason_at_war,Im Kriegsfall kann keine Garantie übernommen werden
tooltip.diplo.guarantee_reason_military,"Das Ziel ist zu mächtig, um eine Garantie zu geben"
tooltip.diplo.guarantee_reason_relations,Die Werte sind zu niedrig
tooltip.diplo.improve.desc,"Entsende einen Diplomaten, um die bilateralen Beziehungen im Laufe der Zeit zu verbessern."
tooltip.diplo.improve.title,DIE BEZIEHUNGEN VERBESSERN
tooltip.diplo.insult,INSULT
tooltip.diplo.insult.desc,"Sende eine diplomatische Beleidigung, um die Beziehungen zu belasten. Dies steigert das Ansehen, schadet jedoch den bilateralen Beziehungen."
tooltip.diplo.insult.title,Beleidigung senden
tooltip.diplo.join_bloc.desc,"Beantragen Sie den Beitritt zu einem bestehenden Handelsblock, um von Zollsenkungen und wirtschaftlicher Integration zu profitieren."
tooltip.diplo.join_bloc.title,Dem Handelsblock beitreten
tooltip.diplo.joint_exercise,GEMEINSAME MILITÄRÜBUNG
tooltip.diplo.joint_exercise.desc,Führen Sie gemeinsame Militärübungen mit diesem Land durch. Dies verbessert die Beziehungen und die militärische Zusammenarbeit.
tooltip.diplo.label.active_trade_warn,⚠ Aktiver Handel
tooltip.diplo.label.already_allied,Bereits verbündet
tooltip.diplo.label.at_war,Im Krieg
tooltip.diplo.label.current_relations,Aktuelle Beziehungen
tooltip.diplo.label.economic_leverage,Wirtschaftliche Hebelwirkung
tooltip.diplo.label.existing_agreement,Bestehende Vereinbarung
tooltip.diplo.label.military_ratio,Anteil des Militärs
tooltip.diplo.label.nuclear_arsenal,Nukleararsenal
tooltip.diplo.label.opinion_change,Meinungswandel
tooltip.diplo.label.opinion_per_month,Meinung/Monat
tooltip.diplo.label.power_balance,Leistungsbilanz
tooltip.diplo.label.relations,Beziehungen
tooltip.diplo.label.rival_conflict_warn,⚠ Konflikt zwischen Rivalen
tooltip.diplo.label.rival_status,Rivalitätsstatus
tooltip.diplo.label.sanctions,Sanktionen
tooltip.diplo.label.shared_rivals,Gemeinsame Rivalen
tooltip.diplo.label.spy_cost_reduction,Kostensenkung im Bereich Spionage
tooltip.diplo.label.target_gdp,Ziel-BIP
tooltip.diplo.label.their_allies,Ihre Verbündeten
tooltip.diplo.label.trade_war,Handelskrieg
tooltip.diplo.label.your_allies,Deine Verbündeten
tooltip.diplo.label.your_diplomatic_weight,Ihr diplomatisches Gewicht
tooltip.diplo.label.your_relations,Ihre Beziehungen
tooltip.diplo.label.your_war_exhaustion,Deine Kriegsmüdigkeit
tooltip.diplo.leave_bloc.desc,Austreten aus einem Handelsblock. Führt zu vorübergehenden Handelsbeeinträchtigungen.
tooltip.diplo.leave_bloc.title,AUS DEM HANDELSBUND AUSTRITT
tooltip.diplo.lift_sanction,Sanktion aufheben
tooltip.diplo.lift_sanction.desc,Wirtschaftssanktionen aufheben. Dies verbessert die Beziehungen und ermöglicht die Wiederaufnahme des normalen Handels.
tooltip.diplo.lift_sanction.title,Sanktionen aufheben
tooltip.diplo.nap.desc,"Schlagen Sie einen gegenseitigen Nichtangriffspakt vor, der Kriegserklärungen verhindert."
tooltip.diplo.nap.title,Vorschlag für einen Nichtangriffspakt
tooltip.diplo.offer_access,Zugang für Militärangehörige gewähren
tooltip.diplo.offer_access.desc,"Erteilen Sie dieser Nation die Erlaubnis, militärische Einheiten durch Ihr Hoheitsgebiet zu verlegen."
tooltip.diplo.open_un_command_center.desc,"Das UN-Gremium einberufen, um Resolutionen vorzuschlagen und darüber abzustimmen."
tooltip.diplo.open_un_command_center.title,UN-Einsatzzentrale öffnen
tooltip.diplo.our_relation.desc,Aktuelle bilaterale Beziehungen zu dem ausgewählten Land. Positive Werte verbessern die diplomatischen Beziehungen; negative Werte erschweren den Abschluss von Abkommen.
tooltip.diplo.our_relation.title,UNSERE BEZIEHUNG
tooltip.diplo.peace.desc,"Schlagen Sie ein Friedensabkommen vor, um den andauernden Krieg zu beenden."
tooltip.diplo.peace.title,FRIEDEN SCHAFFEN
tooltip.diplo.peace_offer,FRIEDENSANGEBOT
tooltip.diplo.peace_offer.desc,"Unterbreite ein formelles Friedensangebot, um den aktuellen Krieg zu beenden. Die Bedingungen hängen vom Kriegsstand ab."
tooltip.diplo.prestige.desc,"Das internationale Ansehen, das sich aus diplomatischen, wirtschaftlichen und militärischen Leistungen ergibt."
tooltip.diplo.prestige.title,PRESTIGE
tooltip.diplo.prestige_econ.desc,"Ein Prestigefaktor, der sich aus wirtschaftlicher Größe und Handelsmacht ergibt."
tooltip.diplo.prestige_econ.title,WIRTSCHAFTLICHES ANSEHEN
tooltip.diplo.prestige_mil.desc,"Ansehen, das durch Machtdemonstration und Glaubwürdigkeit in Kriegszeiten gewonnen wurde."
tooltip.diplo.prestige_mil.title,MILITÄRISCHES ANSEHEN
tooltip.diplo.prestige_org.desc,Ansehen durch Organisationsmitgliedschaften und internationalen Einfluss.
tooltip.diplo.prestige_org.title,ORG PRESTIGE
tooltip.diplo.propose_un_vote,SCHLÄGT EINE ABSTIMMUNG VOR
tooltip.diplo.propose_un_vote.desc,"Schlagen Sie eine Abstimmung im Sicherheitsrat der Vereinten Nationen über eine Resolution vor, die dieses Land betrifft."
tooltip.diplo.proxy_support,PROXY-UNTERSTÜTZUNG
tooltip.diplo.proxy_support.desc,Rebellen oder verbündeten Gruppierungen innerhalb des Einflussbereichs dieses Landes heimlich Unterstützung leisten.
tooltip.diplo.recall_ambassador,Botschafter abberufen
tooltip.diplo.recall_ambassador.desc,Rufen Sie Ihren Botschafter aus diesem Land zurück. Dies signalisiert diplomatisches Missfallen und verschlechtert die Beziehungen.
tooltip.diplo.request_access,ZUGANG FÜR MILITÄR BEANTRAGEN
tooltip.diplo.request_access.desc,"Beantragen Sie die Genehmigung, militärische Einheiten durch das Hoheitsgebiet dieses Landes zu verlegen."
tooltip.diplo.revoke_guarantee,WIDERRUFSRECHT
tooltip.diplo.revoke_guarantee.desc,Ziehen Sie Ihre Garantie für die Unabhängigkeit dieses Landes zurück. Das untergräbt das Vertrauen und belastet die Beziehungen.
tooltip.diplo.rival.desc,"Als Rivalen festlegen. Verringert die Beliebtheit, ermöglicht Spionageboni. KI-Länder kündigen Handelsabkommen mit Rivalen."
tooltip.diplo.sanction.desc,Den Handel mit dem Zielland einschränken. Verringert dessen Handelseffizienz.
tooltip.diplo.sanction.title,VERHÄNGT SANKTIONEN
tooltip.diplo.title.alliance_target,PARTNERSCHAFT MIT {0}: {1}
tooltip.diplo.title.guarantee_target,GARANTIE: {0}
tooltip.diplo.title.improve_target,BEZIEHUNGEN VERBESSERN - {0}
tooltip.diplo.title.insult_target,Beleidigung – {0}
tooltip.diplo.title.nap_target,NAP MIT {0}: {1}
tooltip.diplo.title.rival_target,RIVALEN BENENNEN - {0}
tooltip.diplo.title.sanction_target,AUSWIRKUNGEN DER SANKTIONEN - {0}
tooltip.diplo.title.trade_target,HANDELN SIE MIT {0}: {1}
tooltip.diplo.title.treaty_target,Vertrag mit {0}: {1}
tooltip.diplo.title.war_target,WAR VS {0}: {1}
tooltip.diplo.trade.desc,"Schlagen Sie ein bilaterales Handelsabkommen vor, das die Handelseffizienz für beide Länder steigert."
tooltip.diplo.trade.title,ANGEBOT ZUM HANDELSABKOMMEN
tooltip.diplo.trade_war.desc,Die Handelsspannungen durch Vergeltungszölle verschärfen. Das schadet beiden Volkswirtschaften.
tooltip.diplo.trade_war.title,HANDELSKRIEG
tooltip.diplo.treaty.desc,Schlagen Sie einen bilateralen oder multilateralen Vertrag zu einem bestimmten Thema vor.
tooltip.diplo.treaty.title,EINEN VERTRAG VORSCHLAGEN
tooltip.diplo.treaty_cap.desc,"Die maximale Anzahl aktiver Verträge, die Ihre derzeitige diplomatische Kapazität zulässt."
tooltip.diplo.treaty_cap.title,VERTRAGSKAPITEL
tooltip.diplo.unsc_sanction.desc,Multilaterale Sanktionen über den UN-Sicherheitsrat vorschlagen. Dies erfordert eine Abstimmung im UN-Sicherheitsrat.
tooltip.diplo.unsc_sanction.title,SCHLÄGT SANKTIONEN VOR
tooltip.diplo.value.active,Aktiv
tooltip.diplo.value.active_blocks_trade,Aktiv – blockiert den Handel
tooltip.diplo.value.ai_cancels_trade,Die AI wird das Handelsabkommen aufkündigen
tooltip.diplo.value.balance_comparable,Vergleichbar
tooltip.diplo.value.balance_imbalanced,Unausgewogen
tooltip.diplo.value.cheaper_espionage,Günstigere Spionage
tooltip.diplo.value.leverage_favorable,Günstig
tooltip.diplo.value.leverage_unfavorable,Ungünstig
tooltip.diplo.value.nukes_block_nonprolif,Ja – verhindert die Verbreitung
tooltip.diplo.value.rival_reject,Sie betrachten dich als Konkurrenten – werden dich ablehnen
tooltip.diplo.value.sanction_penalty_halved,Die Strafmaß wurde halbiert
tooltip.diplo.value.trade_benefit_halved,Handelsvorteil halbiert
tooltip.diplo.value.yes,Ja
tooltip.diplo.verdict.blocked,GESPERRT
tooltip.diplo.verdict.contested,UMSTREITIG
tooltip.diplo.verdict.favorable,BEFÜRWORTEND
tooltip.diplo.verdict.likely,WAHRSCHEINLICH
tooltip.diplo.verdict.possible,MÖGLICH
tooltip.diplo.verdict.risky,RISKANT
tooltip.diplo.verdict.unlikely,UNWAHRSCHEINLICH
tooltip.diplo.war.desc,Erkläre dieser Nation den Krieg. Für eine geringere Stabilitätsstrafe ist ein Casus Belli erforderlich.
tooltip.diplo.war.title,Den Krieg erklären
tooltip.diplo.warexh.desc,Wie sehr die Nation der andauernden Kriege überdrüssig ist (0–100 %). Ein hoher Erschöpfungsgrad senkt die Moral und löst Friedensereignisse aus.
tooltip.diplo.warexh.title,Kriegsmüdigkeit
tooltip.econ.apply_budget.desc,Übernimmt die aktuellen Änderungen an Schiebereglern und Richtlinien in die Simulation.
tooltip.econ.apply_budget.title,BUDGET ANWENDEN
tooltip.econ.apply_policy.desc,Übernimmt die Änderungen des Zielkorridors für den Leitzins und der geldpolitischen Ausrichtung in die Simulation.
tooltip.econ.apply_policy.title,RICHTLINIE ANWENDEN
tooltip.econ.balance.desc,Außenhandelsbilanz. Ein Überschuss kurbelt das BIP-Wachstum an; ein Defizit bremst es.
tooltip.econ.balance.title,HANDELSBILANZ
tooltip.econ.bond_issuance.desc,"In diesem Monat wurden Anleihen ausgegeben, um die Finanzierungslücke im Staatshaushalt zu schließen. Dies erhöht die Staatsverschuldung."
tooltip.econ.bond_issuance.title,Anleiheemission
tooltip.econ.col_cons.desc,Monatlicher Inlandsverbrauch (Einheiten/Monat). Wie viel das Land jeden Monat im Inland verbraucht.
tooltip.econ.col_cons.title,VERBRAUCH
tooltip.econ.col_eff.desc,"Wie effizient Industriegüter ihre eingesetzten Ressourcen umsetzen (0–100 %). Zeigt – für Rohstoffe, die keine Vorleistungen erfordern."
tooltip.econ.col_eff.title,VERSORGUNGSEFFIZIENZ
tooltip.econ.col_net.desc,Produktion abzüglich Verbrauch. Positiv = Exportkapazität; negativ = Importabhängigkeit.
tooltip.econ.col_net.title,NETTOÜBERSCHUSS
tooltip.econ.col_price.desc,Aktueller weltweiter Marktpreis pro Einheit dieser Ressource.
tooltip.econ.col_price.title,WELTPREIS
tooltip.econ.col_prod.desc,Monatliche Inlandsproduktion (Einheiten/Monat). Wie viel von dieser Ressource das Land jeden Monat produziert.
tooltip.econ.col_prod.title,PRODUKTION
tooltip.econ.col_resource.desc,"Die Art von Rohstoffen, die dieses Land produziert oder verbraucht."
tooltip.econ.col_resource.title,RESSOURCE
tooltip.econ.col_stock.desc,"Aktuelle nationale Lagerbestände. Bewegen Sie den Mauszeiger über die Zelle, um zu sehen, für wie viele Monate die Vorräte bei aktuellem Verbrauch noch reichen."
tooltip.econ.col_stock.title,VORRAT
tooltip.econ.col_value.desc,Gesamtwirtschaftlicher Wert der monatlichen Produktion zu aktuellen Weltmarktpreisen (Produktion × Preis).
tooltip.econ.col_value.title,PRODUKTIONSWERT
tooltip.econ.debt.desc,"Staatsverschuldung im Verhältnis zur Wirtschaftsleistung. Eine hohe Verschuldung erhöht das Krisenrisiko, schwächt das Vertrauen der Investoren und bremst das Wachstum."
tooltip.econ.debt.title,SCHULDENQUOTE
tooltip.econ.deficit.construction.desc,Ressourcenengpässe verringern die nationale Bautätigkeit. 100 % bedeuten keine Einbußen; niedrigere Werte verlangsamen alle anstehenden Projekte.
tooltip.econ.deficit.construction.title,Strafe für langsames Bauen
tooltip.econ.deficit.current,AKTUELL
tooltip.econ.deficit.impact,AUSWIRKUNGEN DER VERKNAPPTEN VERSORGUNG
tooltip.econ.deficit.recruitment.desc,Strategische Engpässe erhöhen die Kosten für die Rekrutierung von Einheiten. 100 % ist der Ausgangswert; höhere Werte bedeuten einen teureren Truppenaufbau.
tooltip.econ.deficit.recruitment.title,Druck durch Rekrutierungskosten
tooltip.econ.deficit.row.available_ratio,VORRAT VERFÜGBAR
tooltip.econ.deficit.row.deficit_ratio,Der Grund fehlt
tooltip.econ.deficit.row.desc,{0} ist derzeit in Ihrer Inlandslieferkette nicht ausreichend vorrätig.
tooltip.econ.deficit.row.missing,FEHLBETRAG PRO MONAT
tooltip.econ.deficit.row.recommend_build,Ausgabe von {0} erhöhen
tooltip.econ.deficit.row.recommend_trade,"Auf Importe und Handel zurückgreifen, bis sich die heimische Lieferkette erholt hat"
tooltip.econ.deficit.row.recommendation,EMPFEHLUNG
tooltip.econ.deficit.row.severity,SCHWERIGKEITSGRAD
tooltip.econ.deficit.row.severity_critical,Kritisch
tooltip.econ.deficit.row.severity_moderate,Mäßig
tooltip.econ.deficit.row.severity_warning,Hoch
tooltip.econ.deficit.row.stock_buffer,VORRATSPUFFER
tooltip.econ.deficit.row.stock_buffer_fmt,~{0:F1} mo
tooltip.econ.deficit.row.title,DETAILS ZUR RESSOURCENKNAPFHEIT
tooltip.econ.deficit.unrest.desc,"Fehlende strategische Inputs verstärken den passiven Unruhedruck bei Unruhen-Updates. Positive Werte erhöhen die Instabilität, sofern die Engpässe nicht behoben werden."
tooltip.econ.deficit.unrest.title,UNRUHEN AUFGRUND VON VERKNAPPTEN VORRÄTEN
tooltip.econ.exp_infra.desc,Monatliches Budget für den Bau und die Instandhaltung der Infrastruktur. Steigert die Produktivität und verbessert die Mobilität in der Provinz.
tooltip.econ.exp_infra.title,ZUWEISUNG VON INFRASTRUKTUR
tooltip.econ.exp_military.desc,"Das monatliche Budget für Verteidigung. Daraus werden die Rekrutierung und der Unterhalt von Truppen, die Entwicklung und Beschaffung von Raketen sowie militärische Ausrüstung finanziert. Der unten angegebene Betrag entspricht den tatsächlichen Ausgaben des letzten Monats."
tooltip.econ.exp_military.title,MILITÄRISCHE ZUWEISUNG
tooltip.econ.exp_research.desc,Monatliches Budget für Forschungsprogramme. Fördert den technologischen Fortschritt und erschließt neue Möglichkeiten.
tooltip.econ.exp_research.title,FORSCHUNGSMITTELVERTEILUNG
tooltip.econ.exp_reserve.desc,"Voraussichtliche monatliche Rücklagen der Finanzverwaltung, die aus Ihrer Haushaltslage gebildet werden. Nutzen Sie Notfallmaßnahmen, um bei Bedarf Finanzmittel in die Stabilisierungsreserve zu überführen."
tooltip.econ.exp_reserve.title,Zuweisung von Rücklagen
tooltip.econ.exp_social.desc,Monatliches Budget für Sozialprogramme. Senkt die Arbeitslosigkeit und verbessert das Wohlergehen der Bevölkerung sowie den HDI.
tooltip.econ.exp_social.title,SOZIALE VERTEILUNG
tooltip.econ.expenses.desc,"Gesamtausgaben des Staates in allen Haushaltskategorien. Ausgaben, die die Einnahmen übersteigen, führen zu einer Erhöhung der Verschuldung und der Inflation."
tooltip.econ.expenses.title,MONATLICHE AUSGABEN
tooltip.econ.exports.desc,Wert der auf dem Weltmarkt verkauften Überschussressourcen.
tooltip.econ.exports.title,GESAMTEXPORTE
tooltip.econ.gdp.title,BRUTTOINLANDSPRODUKT
tooltip.econ.gdp_capita.title,Bruttoinlandsprodukt pro Kopf
tooltip.econ.growth.title,BIP-WACHSTUMSRATE
tooltip.econ.hdi.delta,im Vergleich zum Vormonat
tooltip.econ.hdi.desc,"Ein zusammengesetzter Indikator für Lebenserwartung, Bildungsniveau und Einkommen. Skala von 0 bis 1. Ein höherer HDI-Wert mindert soziale Unruhen und zieht Zuwanderer an."
tooltip.econ.hdi.title,INDEX DER MENSCHLICHEN ENTWICKLUNG
tooltip.econ.hdi_delta.desc,"Unterschied zwischen diesem und dem letzten Monat. Positive Werte bedeuten eine Verbesserung, negative Werte einen Rückgang."
tooltip.econ.hdi_delta.title,Monatliche Veränderung des HDI
tooltip.econ.hdi_education.desc,"Bildungs-Teilindex des HDI, berechnet anhand der Alphabetisierungsrate und des Bildungsniveaus und auf eine Skala von 0 bis 1 normiert."
tooltip.econ.hdi_education.title,Bildungsindex
tooltip.econ.hdi_health.desc,"Der Teilindex „Gesundheit“ im HDI, abgeleitet aus der Lebenserwartung und unter Verwendung von Grenzwerten nach UNDP-Standard auf einen Bereich von 0 bis 1 normiert."
tooltip.econ.hdi_health.title,Gesundheitsindex
tooltip.econ.hdi_income.desc,"Einkommens-Teilindex des HDI, basierend auf dem logarithmisch skalierten BNE pro Kopf und normiert auf einen Bereich von 0 bis 1."
tooltip.econ.hdi_income.title,Einkommensindex
tooltip.econ.imports.desc,Wert der zur Deckung des Verbrauchsdefizits erworbenen Ressourcen.
tooltip.econ.imports.title,GESAMTIMPORTE
tooltip.econ.inflation.desc,"Inflationsrate. Steigt, wenn die Ausgaben die Einnahmen übersteigen; bremst das BIP-Wachstum und mindert die Kaufkraft."
tooltip.econ.inflation.title,INFLATIONSQUOTE
tooltip.econ.infra_pct.desc,"Anteil des Budgets, der in die Infrastruktur der Provinz investiert wird. Steigert das BIP, das Entwicklungstempo und die Produktionskapazität."
tooltip.econ.infra_pct.title,INFRASTRUKTUR-AUSGABEN
tooltip.econ.interest_payment.desc,"Monatliche Zinszahlungen für die Staatsschulden. Der Zinssatz steigt, wenn die Schuldenquote über 80 % liegt."
tooltip.econ.interest_payment.title,Zinszahlung
tooltip.econ.intervention.desc,"Notfallmaßnahme: Einzahlung von Einnahmen in Höhe von zwei Monaten in die Stabilisierungsreserve. Nur verfügbar, wenn die Inflation die Zielobergrenze überschreitet."
tooltip.econ.intervention.title,RESERVESCHILD AUSFÄLDEN
tooltip.econ.mil_pct.desc,"Anteil des Staatshaushalts, der für das Militär bereitgestellt wird. Beeinflusst die Einsatzbereitschaft der Einheiten, die Instandhaltungskapazitäten und die Kampfkraft."
tooltip.econ.mil_pct.title,MILITÄRAUSGABEN
tooltip.econ.national_debt.desc,Gesamtvolumen der derzeit vom Land gehaltenen Staatsschulden.
tooltip.econ.national_debt.title,STAATSVERSCHULDUNG
tooltip.econ.net_income.desc,Einnahmen abzüglich Ausgaben. Ein negatives Nettoergebnis belastet die Kassenreserven und erhöht die Verschuldung.
tooltip.econ.net_income.title,REINGEWINN
tooltip.econ.pay_debt_btn.desc,Bis zu 20 % der Staatskasse (begrenzt auf 1 % des BIP) zur direkten Reduzierung der Staatsverschuldung verwenden. Die Staatskasse muss stets mindestens das Doppelte der monatlichen Ausgaben betragen. Einmal pro Monat.
tooltip.econ.pay_debt_btn.title,SCHULDEN TILGEN
tooltip.econ.policy_rate.desc,"Der Leitzins der Zentralbank. Eine Anhebung über den neutralen Zinssatz hinaus dämpft die Inflation, führt jedoch zu einem Wachstumsrückgang, der proportional zur Zinsdifferenz ist."
tooltip.econ.policy_rate.title,POLITISCHER ZINSSATZ
tooltip.econ.policy_stance.desc,"Bestimmt die Haltung der Zentralbank. Eine restriktive Geldpolitik legt den Schwerpunkt auf die Inflationsbekämpfung, kann jedoch das Wachstum dämpfen. Eine neutrale Geldpolitik schafft einen Ausgleich zwischen beiden Zielen. Eine expansive Geldpolitik fördert das Wachstum, kann jedoch das Inflationsrisiko erhöhen."
tooltip.econ.policy_stance.title,WIRTSCHAFTSPOLITISCHE AUSRICHTUNG
tooltip.econ.policy_target_high.desc,Obergrenze Ihres Inflationszielkorridors. Halten Sie diese auf oder über dem Niveau „NIEDRIG“. Eine Inflation oberhalb dieses Wertes deutet auf eine Überhitzung und einen stärkeren Inflationsdruck hin.
tooltip.econ.policy_target_high.title,HOCHES INFLATIONSZIEL (MAX)
tooltip.econ.policy_target_low.desc,Untergrenze Ihres Inflationszielkorridors. Halten Sie diesen Wert auf oder unter „HIGH“. Wird von geldpolitischen Systemen als akzeptables Inflationsminimum herangezogen.
tooltip.econ.policy_target_low.title,INFLATIONSZIEL UNTERGRENZE (MIN)
tooltip.econ.res_pct.desc,"Anteil des Budgets, der für die Technologieforschung vorgesehen ist. Beschleunigt den Fortschritt und erschließt neue Möglichkeiten."
tooltip.econ.res_pct.title,FORSCHUNGSAUSGABEN
tooltip.econ.reserve_contribution.desc,In diesem Monat in die Stabilisierungsreserve eingezahlter Betrag.
tooltip.econ.reserve_contribution.title,RÜCKLAGENZULAGE
tooltip.econ.reserve_last_spend.desc,Aus der Stabilisierungsreserve im vorangegangenen Zyklus ausgegebener Betrag.
tooltip.econ.reserve_last_spend.title,LETZTE RESERVE AUSGEBEN
tooltip.econ.reserve_minus.desc,"Senken Sie das Reserveziel um einen Monatsverbrauch. Niedrigere Ziele senken zwar die Kosten, verringern aber Ihren Puffer gegen Versorgungsengpässe."
tooltip.econ.reserve_minus.title,ZIEL REDUZIEREN
tooltip.econ.reserve_plus.desc,"Erhöhen Sie das Reservenziel um einen Monatsverbrauch. Höhere Ziele verbessern die Widerstandsfähigkeit, erfordern jedoch höhere Ausgaben der Finanzverwaltung, um sie aufrechtzuerhalten."
tooltip.econ.reserve_plus.title,ZIELERHÖHUNG
tooltip.econ.reserve_row.desc,"Zielvorratsmenge in Monaten des Inlandsverbrauchs. Das automatische Beschaffungssystem kauft bei Handelspartnern ein, um diesen Puffer aufrechtzuerhalten. Ein Puffer von 3 bis 6 Monaten schützt vor Handelsstörungen und Schocks in der Lieferkette."
tooltip.econ.reserve_row.title,ZIEL FÜR DIE STRATEGISCHE RESERVE
tooltip.econ.reset_budget.desc,Setzt nicht gespeicherte Anpassungen an Budget und Richtlinien auf die zuletzt festgeschriebenen Werte zurück.
tooltip.econ.reset_budget.title,ÄNDERUNGEN ZURÜCKSETZEN
tooltip.econ.reset_policy.desc,Setzt nicht gespeicherte geldpolitische Eingaben auf die zuletzt festgelegten Werte zurück.
tooltip.econ.reset_policy.title,Änderungen an den Richtlinien zurücksetzen
tooltip.econ.resource.generic_desc,"Wirtschaftlicher Rohstoff, der Produktionsketten, Preise und die strategische Versorgungssicherheit beeinflusst."
tooltip.econ.resrv_pct.desc,"Lage der Staatskasse. Höhere Werte sorgen dafür, dass nach den Kernausgaben ein größerer Teil des monatlichen Nettobetrags in der Staatskasse verbleibt, wodurch Sie über eine stärkere Liquidität verfügen, um bei Inflationsschüben Mittel aus dem „Reserve Shield“ zu transferieren."
tooltip.econ.resrv_pct.title,STABILISIERUNGSRESERVE
tooltip.econ.revenue.desc,Die monatlich durch Steuern eingenommenen Einnahmen. Zur Steigerung der Einnahmen kann entweder das BIP erhöht oder der Steuersatz angehoben werden.
tooltip.econ.revenue.title,MONATLICHER UMSATZ
tooltip.econ.sanctions.desc,Multiplikator für das Handelsvolumen. 100 % = freier Handel. Sanktionen und Zölle verringern diesen Wert und führen zu einem Rückgang der Export- und Importwerte.
tooltip.econ.sanctions.title,HANDELSEFFIZIENZ
tooltip.econ.soc_pct.desc,"Anteil der Haushaltsmittel für Sozialprogramme. Steigert den HDI, verbessert die Stabilität und fördert das Bevölkerungswachstum."
tooltip.econ.soc_pct.title,Sozialausgaben
tooltip.econ.spot_btn.desc,"Öffnet den Welt-Spotmarkt, auf dem Sie Rohstoffe zu aktuellen Weltmarktpreisen kaufen oder verkaufen können. Nützlich bei dringenden Versorgungsengpässen oder zum Abbau von Überbeständen. Durch die Kauf-/Verkaufsspannen (15 % / 10 %) ist dies teurer als der bilaterale Handel – nur für Notfälle nutzen."
tooltip.econ.spot_btn.title,SPOTMARKT
tooltip.econ.stabilization_reserve.desc,"Mittel, die zur Abfederung von Inflationsschocks und zur Glättung konjunktureller Schwankungen vorgesehen sind."
tooltip.econ.stabilization_reserve.title,STABILISIERUNGSRESERVE
tooltip.econ.stock.desc,Lagerbestand in Monaten: {0}
tooltip.econ.stock.title,VORRAT
tooltip.econ.tariff.desc,"Prozentsatz des Einfuhrzolls. Verringert die Einfuhren, kann jedoch Vergeltungsmaßnahmen nach sich ziehen."
tooltip.econ.tariff.title,Zollsatz
tooltip.econ.tax_rate.desc,"Anteil des BIP, der als Steuereinnahmen eingenommen wird. Höhere Steuersätze führen zu höheren Einnahmen, können aber das Wirtschaftswachstum dämpfen."
tooltip.econ.tax_rate.title,STEUERSATZ
tooltip.econ.treasury.desc,Aktuelle Goldreserve. Sie steigt mit den Einnahmen und sinkt mit den Ausgaben und dem Schuldendienst.
tooltip.econ.treasury.title,FINANZMINISTERIUM
tooltip.econ.unemployment.desc,Anteil der Erwerbsbevölkerung ohne Beschäftigung. Beeinflusst durch das BIP-Wachstum und die Sozialausgaben.
tooltip.econ.unemployment.title,ARBEITSLOSENQUOTE
tooltip.intel.agency_acronym.desc,"Kurzcode, der in Berichten und Einsatzprotokollen verwendet wird."
tooltip.intel.agency_acronym.title,AGENCY ACRONYM
tooltip.intel.agency_name.desc,Offizieller Name Ihres Geheimdienstes.
tooltip.intel.agency_name.title,NAME DER AGENTUR
tooltip.intel.counter_intel,SPIONAGEABWEHR
tooltip.intel.counter_intel.desc,Abteilung für Spionageabwehr. Aufdeckung und Bekämpfung ausländischer Spionage innerhalb Ihrer Landesgrenzen.
tooltip.intel.counterintel.desc,"Ob das Land über eine Spionageabwehr verfügt. Verringert das Risiko, erwischt zu werden."
tooltip.intel.counterintel.title,SPIONAGEABWEHR
tooltip.intel.counterintel_status.desc,"Zeigt an, ob die Spionageabwehr aktiv ist und wie der aktuelle Missionsfortschritt aussieht."
tooltip.intel.counterintel_status.title,STAND DER GEGENSPIONAGE
tooltip.intel.cyber,CYBER-OPERATIONEN
tooltip.intel.cyber.desc,"Die Leistungsfähigkeit von Geheimdiensten in den Bereichen digitale Spionage, Hacking und Cyberkrieg"
tooltip.intel.cyber.title,CYBER-KOMPETENZ
tooltip.intel.cyber_center,CYBER-ZENTRUM
tooltip.intel.cyber_center.desc,Ob das Land über ein Cyber-Operationszentrum verfügt. Dies ist für komplexe Cyber-Einsätze erforderlich.
tooltip.intel.cyber_center.title,CYBER-ZENTRUM
tooltip.intel.defense,VERTEIDIGUNGSEINSÄTZE
tooltip.intel.defense.desc,"Die Fähigkeit der Behörde, ausländische nachrichtendienstliche Operationen auf heimischem Boden aufzudecken und zu unterbinden."
tooltip.intel.defense.title,VERTEIDIGUNGSPUNKTESTAND
tooltip.intel.estimated_capability.desc,Nachrichtendienstliche Einschätzungen auf der Grundlage Ihrer gesammelten Berichte. Höhere Genauigkeit durch erfolgreiche Missionen zur Informationsbeschaffung.
tooltip.intel.five_eyes,FIVE EYES
tooltip.intel.five_eyes.desc,Mitgliedschaft im Geheimdienstbündnis „Five Eyes“. Ermöglicht den Austausch von Geheimdienstinformationen mit verbündeten Staaten.
tooltip.intel.fiveeyes.desc,Die Mitgliedschaft im „Five Eyes“-Bündnis bietet Vorteile beim Austausch von Geheimdienstinformationen und ermöglicht gemeinsame Operationen.
tooltip.intel.fiveeyes.title,Mitglied der „Five Eyes“
tooltip.intel.founded.desc,Das Gründungsjahr des derzeitigen Geheimdienstes.
tooltip.intel.founded.title,GRÜNDUNGSJAHR
tooltip.intel.hq,Zentrale der Nachrichtendienste
tooltip.intel.hq.desc,Ob das Land über eine eigene Geheimdienstzentrale verfügt. Erhöht alle Fähigkeitswerte.
tooltip.intel.hq.title,Zentrale der Geheimdienste
tooltip.intel.label.cooldown,Abklingzeit
tooltip.intel.label.cost,Kosten
tooltip.intel.label.detection_risk,Erkennungsrisiko
tooltip.intel.label.duration,Dauer
tooltip.intel.label.effect,Wirkung
tooltip.intel.label.intel_accuracy,Genauigkeit der Informationen
tooltip.intel.label.mission_slots,Missionsplätze
tooltip.intel.label.quality,Qualität
tooltip.intel.label.recommendation,Empfehlung
tooltip.intel.label.requires_warn,⚠ Erfordert
tooltip.intel.label.specialization,Spezialisierung
tooltip.intel.label.success_chance,Erfolgschance
tooltip.intel.label.total_cost,Gesamtkosten
tooltip.intel.label.warning,⚠ Warnung
tooltip.intel.launch.desc,Setzen Sie einen Agenten auf einer verdeckten Mission gegen das ausgewählte Zielland ein.
tooltip.intel.launch.title,START DER MISSION
tooltip.intel.launch_op,START DER OPERATION
tooltip.intel.launch_op.desc,Starte eine neue Geheimdienstoperation gegen das Ziel. Dazu sind verfügbare Agenten und ein Einsatzbudget erforderlich.
tooltip.intel.mission_desc.counterintel,"Setzt Verteidigungskräfte ein, um feindliche Spionage aufzudecken und zu vereiteln."
tooltip.intel.mission_desc.gather,Zeigt die militärischen und wirtschaftlichen Daten des Ziels mit höherer Genauigkeit an. Zeigt die Provinzen auf der Karte an.
tooltip.intel.mission_desc.influence,Destabilisiert die Zielregierung und beeinträchtigt die Stabilität. Schwer umzusetzen.
tooltip.intel.mission_desc.sabotage_econ,Verringert vorübergehend das Ziel-BIP. Die Cyber-Fähigkeit erhöht den Schaden.
tooltip.intel.mission_desc.sabotage_infra,"Die Schäden richten sich gegen die Infrastruktur und die Stabilität der Provinz. Hohes Risiko, entdeckt zu werden."
tooltip.intel.mission_desc.satellite,Erweitert die Sicht auf die Hauptstadtregion des Ziels. Erfordert ein Cyber-Operationszentrum.
tooltip.intel.mission_desc.steal_tech,"Versucht, Forschungsfortschritte vom Ziel zu kopieren. Erfordert ein Cyber-Operations-Center."
tooltip.intel.mission_slots.desc,"Wie viele Spionagemissionen laufen derzeit parallel, im Vergleich zur maximal zulässigen Anzahl?"
tooltip.intel.mission_slots.title,AKTIVE MISSIONSPLÄTZE
tooltip.intel.offense,OFFENSIVE EINSÄTZE
tooltip.intel.offense.desc,"Die Fähigkeit der Behörde, im Ausland Spionage, Sabotage und verdeckte Operationen durchzuführen."
tooltip.intel.offense.title,PUNKTESTAND DER OFFENSE
tooltip.intel.quality.good,Gut – die Werte sind zuverlässig
tooltip.intel.quality.low,Niedrig – die Werte sind ungefähre Angaben
tooltip.intel.recommendation.gather_first,Starten Sie zunächst „Gather Intelligence“
tooltip.intel.spec.desc,Der Hauptschwerpunkt der Agentur. Gewährt einen Bonus für Missionen dieser Art.
tooltip.intel.spec.title,SPEZIALISIERUNG
tooltip.intel.spec_bonus.balanced,+5 % Ausgleichsbonus
tooltip.intel.spec_bonus.cyber,+25 % Cyber-Bonus
tooltip.intel.spec_bonus.humint,+15 % Angriff (HUMINT)
tooltip.intel.spec_bonus.signals,+10 % Signale-Bonus
tooltip.intel.specialization,SPEZIALISIERUNG
tooltip.intel.specialization.desc,Der aktuelle Schwerpunktbereich Ihres Geheimdienstes. Bestimmt die Wirksamkeit von Boni für Operationen in diesem Bereich.
tooltip.intel.value.boost_detection,Verbessert die Erkennung eingehender Aufträge
tooltip.intel.value.target_counterintel,Target verfügt über ein Büro für Spionageabwehr
tooltip.mil.active.desc,Vollzeit-Soldaten. Eine höhere Zahl erhöht die Kapazität der Armee.
tooltip.mil.active.title,AKTIVES PERSONAL
tooltip.mil.adversary.desc,"Das Land, das die größte Bedrohung darstellt. Automatisch ermittelt anhand von Rivalitäten und Kriegsstatus."
tooltip.mil.adversary.title,HAUPTGEGNER
tooltip.mil.aircraft.desc,Luftüberlegenheit und Bombardierungskapazität.
tooltip.mil.aircraft.title,FLUGZEUG
tooltip.mil.apcs.desc,Gepanzerter Transport. Verbessert die Bewegungsfähigkeit und Verteidigung der Armee.
tooltip.mil.apcs.title,APCs
tooltip.mil.arty.desc,Feuerunterstützung aus der Ferne. Entscheidend bei Belagerungen von Provinzen.
tooltip.mil.arty.title,ARTILLERIE
tooltip.mil.budget.desc,"Monatlicher Anteil des Nationaleinkommens, der für Verteidigungszwecke aufgewendet wird. Umfasst die Rekrutierung und den Unterhalt von Truppen, die Entwicklung und Beschaffung von Raketen sowie militärische Ausrüstung."
tooltip.mil.budget.title,VERTEIDIGUNGSHAUSHALT
tooltip.mil.defcon.desc,"Bedrohungsstufe. DEFCON 5 = Frieden, DEFCON 1 = unmittelbar bevorstehender Atomkrieg."
tooltip.mil.defcon.title,DEFCON LEVEL
tooltip.mil.heli.desc,Drehflügler. Unterstützung von Bodenoperationen und Transport.
tooltip.mil.heli.title,HELIKOPTER
tooltip.mil.icbm.desc,Kann Interkontinentalraketen abschießen. Weltweite Reichweite.
tooltip.mil.icbm.title,ICBM-FÄHIGKEIT
tooltip.mil.intercept_slots.desc,"Anzahl der gleichzeitigen Raketenangriffe, die Ihre Verteidigungsanlagen abfangen können."
tooltip.mil.intercept_slots.title,INTERCEPT-SLOTS
tooltip.mil.missiledef.desc,Raketenabwehrsystem. Kann anfliegende Atomraketen abfangen.
tooltip.mil.missiledef.title,RAKETENABWEHR
tooltip.mil.open_nuclear_controls.desc,"Öffnet das Raketenkommando, um den DEFCON-Status und die Startoptionen zu überprüfen."
tooltip.mil.open_nuclear_controls.title,OFFENE KERNKONTROLLEN
tooltip.mil.pending_strikes.desc,"In der Warteschlange befindliche Raketenstarts, die angeordnet, aber noch nicht ausgeführt wurden."
tooltip.mil.pending_strikes.title,ANSTEHENDE STREIKS
tooltip.mil.recruit_unit.desc,"Es wird eine Rekrutierung mit Schwerpunkt auf Landstreitkräften gestartet, damit du schnell neue Einheiten aufstellen kannst."
tooltip.mil.recruit_unit.title,REKRUTIERUNG ÖFFNEN
tooltip.mil.reserve.desc,Kann im Kriegsfall im Rahmen einer nationalen Mobilmachung einberufen werden.
tooltip.mil.reserve.title,RESERVEPERSONAL
tooltip.mil.ships.desc,"Überwasserflotte – Flugzeugträger, Zerstörer, Fregatten."
tooltip.mil.ships.title,SCHIFFE
tooltip.mil.slbm.desc,Von U-Booten abgefeuerte ballistische Raketen. Bieten die Fähigkeit zum Gegenschlag.
tooltip.mil.slbm.title,SLBM-FÄHIGKEIT
tooltip.mil.subs.desc,Tarnkappenschiffe. Entscheidend für den SLBM-Zweitschlag.
tooltip.mil.subs.title,U-BOOTE
tooltip.mil.tanks.desc,"Kampfpanzer. Stark gegen Infanterie, schwach gegen Flugzeuge."
tooltip.mil.tanks.title,TANKS
tooltip.mil.warheads.desc,Gesamtzahl der Nuklearwaffen. Jeder Sprengkopf kann auf eine Provinz gerichtet werden.
tooltip.mil.warheads.title,ATOMSPRENGKÖPFE
tooltip.missile.action.focus.desc,Richte die Kamera auf diese Flotte oder Provinz aus.
tooltip.missile.action.focus.title,IM FOKUS: DIE PROVINZ
tooltip.missile.action.launch.desc,Den aktuell ausgewählten Raketenangriff ausführen.
tooltip.missile.action.launch.title,START
tooltip.missile.action.load_slbm.desc,Lade eine für U-Boote geeignete Rakete aus dem benachbarten Hafenlager.
tooltip.missile.action.load_slbm.title,LOAD SLBM
tooltip.missile.action.load_slbm.transfer_desc,In diesem Hafen gibt es keine SLBM. Eine Rakete wird aus dem nationalen Bestand hierher verlegt und anschließend verladen.
tooltip.missile.action.pick_destination.desc,Wählen Sie die Zielprovinz direkt auf der Karte aus.
tooltip.missile.action.pick_destination.title,AUF DER KARTE AUSWÄHLEN
tooltip.missile.action.produce.desc,Die ausgewählte Rakete und den Sprengkopf zur Produktion einplanen.
tooltip.missile.action.produce.disabled,Die Produktion kann aufgrund der aktuellen Auswahl oder aufgrund von Budget- bzw. Kapazitätsbeschränkungen nicht in die Warteschlange gestellt werden.
tooltip.missile.action.produce.title,PRODUKTIONSWARTESCHLANGE
tooltip.missile.action.rebase.desc,Verschiebe eine Rakete in eine andere zulässige Provinz mit freier Kapazität.
tooltip.missile.action.rebase.title,REBASE-RAKETE
tooltip.missile.action.select_target.desc,"Wechseln Sie in den Kartenauswahlmodus, um eine Zielprovinz auszuwählen."
tooltip.missile.action.select_target.title,ZIEL AUSWÄHLEN
tooltip.missile.action.unload.desc,Eine SLBM aus der Flotte zurück in den Hafenbestand verlegen.
tooltip.missile.action.unload.title,SLBM entladen
tooltip.missile.defcon.desc,Aktuelle strategische Bereitschaft. DEFCON 5 entspricht der Friedensbereitschaft; DEFCON 1 deutet auf einen unmittelbar bevorstehenden Atomkrieg hin.
tooltip.missile.defcon.title,DEFCON STATUS
tooltip.missile.ew.desc,Die Leistungsfähigkeit des Radarnetzwerks unterstützt die Abfangsysteme. Eine bessere Frühwarnung verbessert die Wirksamkeit des Abfangens.
tooltip.missile.ew.title,FRÜHWARNRADARE
tooltip.missile.intercept.desc,"Die maximale Anzahl an gleichzeitig anfliegenden Sprengköpfen, die Ihr Raketenabwehrsystem abfangen kann, bevor Sättigungsmalusse zum Tragen kommen."
tooltip.missile.intercept.title,INTERCEPT-SLOTS
tooltip.missile.saturation.desc,"Geschätzte Volleygröße, bei der die Zuverlässigkeit der Abwehr stark abnimmt."
tooltip.missile.saturation.title,Sättigungsschwelle
tooltip.missile.tab.arsenal.desc,Lagerbestände an Raketen und die SLBM-Ausrüstung der Flotte anzeigen.
tooltip.missile.tab.arsenal.title,Raketenbestand
tooltip.missile.tab.production.desc,Die Produktion einer neuen Rakete in die Warteschlange stellen und die Zielprovinz auswählen.
tooltip.missile.tab.production.title,PRODUKTIONSWARTESCHLANGE
tooltip.missile.tab.strike.desc,"Raketenangriffe planen, Verteidigungsmaßnahmen überprüfen und die Angriffsbilanz analysieren."
tooltip.missile.tab.strike.title,STRIKE-STEUERUNGEN
tooltip.outliner.active_trade.desc,"Diese Vereinbarung ist derzeit gültig. Wenn Sie mit der Maus darüberfahren, werden die Bedingungen und die abgedeckten Ressourcen angezeigt, die während der Laufzeit der Vereinbarung gelten."
tooltip.outliner.active_trade.title,AKTIVES HANDELSABKOMMEN - {0}
tooltip.outliner.alerts,BENACHRICHTIGUNGEN
tooltip.outliner.alerts.desc,"Dringende Benachrichtigungen zu deinem Land: Kriege, leere Staatskasse, hohe Unruhen, bevorstehende Angriffe."
tooltip.outliner.alerts.title,BENACHRICHTIGUNGEN
tooltip.outliner.armies,ARMEE
tooltip.outliner.armies.desc,Deine aufgestellten Heeresgruppen. Zeigt die Anzahl der Einheiten und den Moralstatus an.
tooltip.outliner.armies.title,ARMEE
tooltip.outliner.diplo_actions.desc,"Gültige diplomatische Abkommen: Handelsabkommen, Waffenstillstände, Nichtangriffspakte und Verträge."
tooltip.outliner.diplo_actions.title,DIPLOMATISCHE MASSNAHMEN
tooltip.outliner.diplomacy.desc,"Aktive Bündnisse, Abkommen und diplomatische Beziehungen, an denen Ihr Land beteiligt ist."
tooltip.outliner.diplomacy.title,DIPLOMATIE
tooltip.outliner.espionage.desc,"Aktive verdeckte Operationen, die von Ihren Geheimdiensten durchgeführt werden."
tooltip.outliner.espionage.title,SPIONAGE
tooltip.outliner.events,VERANSTALTUNGEN
tooltip.outliner.events.desc,"Aktuelle Spielereignisse, gefiltert nach Kategorie."
tooltip.outliner.events.title,Ereignisprotokoll
tooltip.outliner.military,Militär
tooltip.outliner.military.desc,"Ihre im Einsatz befindlichen Streitkräfte zu Lande, zu Wasser und in der Luft."
tooltip.outliner.military.title,MILITÄR
tooltip.outliner.objectives,ZIELE
tooltip.outliner.objectives.desc,"Ziele für das geführte Onboarding. Bewegen Sie den Mauszeiger über eine Zeile, um zu sehen, was erforderlich ist. Klicken Sie auf eine Zeile, um das entsprechende Fenster zu öffnen."
tooltip.outliner.objectives.title,ZIELE
tooltip.outliner.wars,Krieger
tooltip.outliner.wars.desc,Andauernde militärische Konflikte. Zeigt den Kriegsindex in Prozent an.
tooltip.outliner.wars.title,AKTIVE KRIEGE
tooltip.panel.back_to_player.desc,"Wenn Sie sich ein anderes Land ansehen, klicken Sie hier, um die Kamera und das linke Fenster wieder auf Ihr eigenes Land umzuschalten."
tooltip.panel.back_to_player.title,ZURÜCK ZUM LAND DES SPIELERS
tooltip.panel.collapse.desc,Schaltet den linken Länderbereich zwischen dem erweiterten und dem minimierten Modus um.
tooltip.panel.collapse.title,Länderübersicht ausblenden
tooltip.panel.flag.desc,"Klicken Sie hier, um die Karte auf dieses Land zu zentrieren."
tooltip.panel.flag.title,FOKUS AUF DAS LAND
tooltip.prov.avg_infra.desc,Durchschnittliches Infrastrukturniveau aller derzeit im Besitz befindlichen Provinzen.
tooltip.prov.avg_infra.title,DURCHSCHNITTLICHE INFRASTRUKTUR
tooltip.prov.avg_unrest.desc,Durchschnittlicher Unruhewert über alle derzeit im Besitz befindlichen Provinzen.
tooltip.prov.avg_unrest.title,DURCHSCHNITTLICHE UNRUHEN
tooltip.prov.filter.desc,"Die Liste wird auf Provinzen beschränkt, die der ausgewählten Bedingung entsprechen."
tooltip.prov.filter.title,FILTERLISTE
tooltip.prov.mode_build_ops.desc,"Zeigt die Bauwarteschlangen auf Provinzebene sowie Schnellaktionen zum Bauen, Aufrüsten und Abbrechen an."
tooltip.prov.mode_build_ops.title,BAU-BETRIEBSMODUS
tooltip.prov.mode_overview.desc,"Zeigt die wichtigsten Statistiken der Provinzen an, um einen schnellen Vergleich und eine schnelle Auswahl zu ermöglichen."
tooltip.prov.mode_overview.title,ÜBERBLICK-MODUS
tooltip.prov.ops_action_build.desc,Stellt das Bauwerk mit der höchsten Priorität in dieser Provinz in die Warteschlange.
tooltip.prov.ops_action_build.title,QUEUE BEST BUILDING
tooltip.prov.ops_action_cancel.desc,Löscht den letzten Eintrag in der Bauwarteschlange dieser Provinz.
tooltip.prov.ops_action_cancel.title,LETZTEN EINTRAG IN DER WARTESCHLANGE LÖSCHEN
tooltip.prov.ops_action_upgrade.desc,Stellt die relevanteste verfügbare Gebäudeaufwertung in dieser Provinz in die Warteschlange.
tooltip.prov.ops_action_upgrade.title,QUEUE – DAS BESTE UPGRADE
tooltip.prov.ops_search.desc,Filtert die Zeilen unter „Building Ops“ nach Provinznamen.
tooltip.prov.ops_search.title,PROVINZEN SUCHEN
tooltip.prov.sort.desc,Ändert die Sortierreihenfolge der Liste. Durch erneutes Klicken auf dieselbe Option wird die Sortierrichtung (aufsteigend/absteigend) umgekehrt.
tooltip.prov.sort.title,SORTIERLISTE
tooltip.prov.total_gdp.desc,"Summe der BIP-Werte der Provinzen, die sich derzeit im Besitz befinden."
tooltip.prov.total_gdp.title,Gesamt-BIP der Provinz
tooltip.prov.total_population.desc,Gesamtbevölkerung aller Provinzen im Besitz des Staates.
tooltip.prov.total_population.title,GESAMTBEVÖLKERUNG
tooltip.prov.total_provinces.desc,"Anzahl der Provinzen, die derzeit dem angezeigten Land gehören."
tooltip.prov.total_provinces.title,GESAMT PROVINZEN
tooltip.province.baseprod.desc,Bruttoinlandsprodukt vor jeglichen Anpassungen. Wird zu Spielbeginn anhand realer Daten festgelegt. Kann nicht direkt geändert werden.
tooltip.province.baseprod.title,PRODUKTIONSSTÄTTE
tooltip.province.bld_def.desc,Summe der Verteidigungsboni aus militärischen Gebäuden. Verringert den durch Angriffe verursachten Schaden.
tooltip.province.bld_def.title,VERTEIDIGUNGSBONUS (GEBÄUDE)
tooltip.province.bld_gdp.desc,Summe der BIP-Boni aller Gebäude in dieser Provinz.
tooltip.province.bld_gdp.title,BIP-MODIFIKATOR (GEBÄUDE)
tooltip.province.bld_infra.desc,Summe der Infrastrukturwachstumsboni aus Gebäuden. Wird zum monatlichen Infrastrukturwachstum addiert.
tooltip.province.bld_infra.title,INFRASTRUKTURBONUS (GEBÄUDE)
tooltip.province.bld_maint.desc,Gesamtkosten für die Instandhaltung aller Gebäude pro Monat. Wird aus der Kasse abgezogen.
tooltip.province.bld_maint.title,INSTANDHALTUNGSKOSTEN (GEBÄUDE)
tooltip.province.bld_pop.desc,"Summe der Bevölkerungswachstumsboni aus Gebäuden (Krankenhäuser, Wohnhäuser usw.). Wird zur monatlichen Wachstumsrate addiert."
tooltip.province.bld_pop.title,BEVÖLKERUNGSWACHSTUM (GEBÄUDE)
tooltip.province.bld_research.desc,"Summe der Forschungspunkte, die durch Bildungs- und Technologiegebäude generiert werden."
tooltip.province.bld_research.title,FORSCHUNGSERGEBNISSE (GEBÄUDE)
tooltip.province.bld_unrest.desc,"Summe der Unruhereduzierung durch die Stabilisierung von Gebäuden (Schulen, Bibliotheken usw.). Wird jeden Monat von den Unruhen abgezogen."
tooltip.province.bld_unrest.title,LÄRMREDUZIERUNG (GEBÄUDE)
tooltip.province.dev.desc,"Gesamtindex für Modernisierung (0–100). Abgeleitet aus den Bereichen Infrastruktur, Bildung und Urbanisierung. Ein höherer Entwicklungsstand zieht Zuwanderung an."
tooltip.province.dev.title,ENTWICKLUNGSSTUFE
tooltip.province.dev_queue.desc,"Die Entwicklungsstufe erhöht die Anzahl der Projekte, die gleichzeitig gebaut werden können. Pro 50 Entwicklungspunkte wird ein weiterer Platz in der Warteschlange hinzugefügt (Grundwert 3, maximal 5). Die Entwicklung schreitet voran, wenn Gebäude fertiggestellt werden und die Infrastruktur ausgebaut wird."
tooltip.province.dev_queue.title,ENTWICKLUNG → BAU-WARTELISTE
tooltip.province.edu.desc,Maßstab für den Bildungsstand der Bevölkerung (0–100 %). Wird durch staatliche Forschungsausgaben bestimmt. Verbessert die Alphabetisierungsrate und senkt die Geburtenrate.
tooltip.province.edu.title,BILDUNGSSTAND
tooltip.province.fertility.desc,"Durchschnittliche Kinderzahl pro Frau. Höhere Bildung senkt die Geburtenrate (demografischer Wandel). Reproduktionsrate ≈ 2,1."
tooltip.province.fertility.title,Geburtenrate
tooltip.province.gdp.desc,"Monatliche Wirtschaftsleistung. Das Produkt aus Basisproduktion, Infrastruktur, Geländebonus und Gebäudebonus, abzüglich der Malusse durch Unruhen und Strahlung."
tooltip.province.gdp.title,BIP der Provinz
tooltip.province.growth.desc,"Monatliche Bevölkerungsentwicklung. Diese wird von der Geburtenrate, der Lebenserwartung und den wirtschaftlichen Rahmenbedingungen bestimmt."
tooltip.province.growth.title,BEVÖLKERUNGSWACHSTUMSRATE
tooltip.province.healthcare.desc,Qualität und Verfügbarkeit der medizinischen Versorgung (0–100 %). Abhängig von den staatlichen Sozialausgaben. Verbessert die Lebenserwartung.
tooltip.province.healthcare.title,Zugang zur Gesundheitsversorgung
tooltip.province.infra.desc,"Straßen, Häfen und Versorgungsnetze (0–100). Eine besser ausgebaute Infrastruktur steigert das BIP und zieht Zuwanderer an. Wird durch staatliche Ausgaben und Bauprämien verbessert."
tooltip.province.infra.title,INFRASTRUKTUR
tooltip.province.infra_slots.desc,"Mit steigender Infrastrukturstufe werden weitere Bauplätze freigeschaltet. Pro 20 Infrastrukturpunkte wird ein Platz hinzugefügt (Ausgangswert 3, keine Obergrenze). Investiere in Straßen, Stromversorgung und Autobahnen, um die Kapazität der Provinz zu erweitern."
tooltip.province.infra_slots.title,INFRASTRUKTUR → BAUSTELLEN
tooltip.province.lifeexp.desc,Durchschnittliche Lebenserwartung in Jahren. Steigt mit dem Zugang zur Gesundheitsversorgung. Eine höhere Lebenserwartung senkt die Sterblichkeitsrate.
tooltip.province.lifeexp.title,LEBENSERWARTUNG
tooltip.province.literacy.desc,"Anteil der Bevölkerung, der lesen und schreiben kann. Gibt das Bildungsniveau mit einer gewissen zeitlichen Verzögerung wieder."
tooltip.province.literacy.title,ALPHABETISIERUNGSQUOTE
tooltip.province.migration.desc,"Nettozuwanderungssaldo in diesem Monat. Positiv = Nettozuwanderung (attraktive Provinz). Bedingt durch Unterschiede im Entwicklungsstand, Unruhen und wirtschaftliche Chancen."
tooltip.province.migration.title,MIGRATIONSDRUCK
tooltip.province.move_capital.desc,Verlege die Hauptstadt deines Landes in diese Provinz. Kosten: {0} % Stabilität.
tooltip.province.move_capital.title,MOVE CAPITAL
tooltip.province.pop.desc,"Gesamtbevölkerung dieser Provinz. Die Zahl ergibt sich aus der Differenz zwischen Geburten und Sterbefällen, abzüglich Abwanderung und Bevölkerungszuwachs durch Neubauten."
tooltip.province.pop.title,BEVÖLKERUNG
tooltip.province.prodmod.desc,"Gesamtbonus von Gebäuden, die das BIP steigern. Jedes Gebäude mit BIP-Effekt trägt additiv dazu bei."
tooltip.province.prodmod.title,PRODUKTION BEARBEITEN
tooltip.province.radiation.desc,Radioaktive Kontamination (0–100). Verursacht durch Nuklearschläge oder Kernschmelzen. Verringert das BIP und erhöht die Sterblichkeitsrate. Kann nicht durch Gebäude verringert werden.
tooltip.province.radiation.title,STRAHLUNG
tooltip.province.resoutput.desc,Monatliche Menge der produzierten Ressourcen. Abhängig von der Produktivität des Geländes und der Infrastruktur.
tooltip.province.resoutput.title,RESSOURCENVERBRAUCH
tooltip.province.terrain.desc,"Natürlicher Geländemodifikator für die Wirtschaftsleistung. Wird je nach Geländetyp festgelegt (z. B. Ebene = 1,0, Gebirge = 0,6). Feststehend – kann nicht geändert werden."
tooltip.province.terrain.title,FLÄCHENPRODUKTIVITÄT
tooltip.province.unrest.desc,"Soziale Unruhen (0–100). Armut verstärkt soziale Unruhen; Sozialausgaben, Bildung und Bauvorhaben mindern sie. Hohe soziale Unruhen wirken sich stark negativ auf das BIP aus (begrenzt auf −80 %)."
tooltip.province.unrest.title,UNRUHE
tooltip.province.urban.desc,Anteil der Bevölkerung in Städten. Bestimmt durch das Pro-Kopf-BIP und den Stand der Infrastruktur.
tooltip.province.urban.title,URBANISIERUNG
tooltip.quickbuild.desc_recommended_for,Empfohlen für {0}
tooltip.quickbuild.label_bonus,Bonus
tooltip.quickbuild.label_cost,Kosten
tooltip.quickbuild.label_input_coverage,Eingangsbereich
tooltip.quickbuild.label_reason,Warum
tooltip.quickbuild.label_score,Ergebnis
tooltip.quickbuild.label_slots,Slots
tooltip.quickbuild.label_supply_warning,Lieferwarnung
tooltip.quickbuild.label_threat,Stabilität
tooltip.quickbuild.label_time,Erstellungszeit
tooltip.recruit.selected_facilities.desc,"Strategisch wichtige Einrichtungen in der ausgewählten Provinz, wie beispielsweise Flugplätze oder Marinestützpunkte."
tooltip.recruit.selected_facilities.title,AUSGEWÄHLTE EINRICHTUNGEN
tooltip.recruit.selected_infra.desc,"Infrastrukturstand der ausgewählten Provinz, der sich auf die Einsatzbereitschaft und den Durchsatz auswirkt."
tooltip.recruit.selected_infra.title,AUSGEWÄHLTE INFRASTRUKTUR
tooltip.recruit.selected_pop.desc,"Bevölkerungsbestand der ausgewählten Provinz, der als Grundlage für die lokale Arbeitsmarktsituation dient."
tooltip.recruit.selected_pop.title,AUSGEWÄHLTE BEVÖLKERUNGSGRUPPE
tooltip.recruit.selected_province.desc,"Aktuelle Provinz, die für die manuelle Zuweisung von Rekruten und für Warteschlangenaktionen verwendet wird."
tooltip.recruit.selected_province.title,AUSGEWÄHLTE PROVINZ
tooltip.recruit.sort_infra.desc,Sortiert die Provinzen nach Infrastrukturstufe. Durch wiederholtes Klicken wird die Sortierrichtung umgekehrt.
tooltip.recruit.sort_infra.title,NACH INFRASTRUKTUR SORTIEREN
tooltip.recruit.sort_name.desc,Sortiert die Provinzen in alphabetischer Reihenfolge. Durch wiederholtes Umschalten wechselt man zwischen aufsteigender und absteigender Reihenfolge.
tooltip.recruit.sort_name.title,NACH NAMEN SORTIEREN
tooltip.recruit.sort_pop.desc,Sortiert die Provinzen nach Einwohnerzahl. Durch wiederholtes Klicken wird die Sortierrichtung umgekehrt.
tooltip.recruit.sort_pop.title,NACH BEVÖLKERUNGSZAHL SORTIEREN
tooltip.recruit.tab_air.desc,Zeigt Vorlagen für rekrutierbare Lufteinheiten und den aktuellen Fortschritt der Luftwarteschlange an.
tooltip.recruit.tab_air.title,Registerkarte „Luftgeräte“
tooltip.recruit.tab_fleet.desc,Zeigt Vorlagen für rekrutierbare Marineeinheiten und den aktuellen Fortschritt in der Flottenwarteschlange an.
tooltip.recruit.tab_fleet.title,Registerkarte „Flotteneinheiten“
tooltip.recruit.tab_land.desc,Zeigt Vorlagen für rekrutierbare Armeeeinheiten und den aktuellen Fortschritt der Land-Warteschlange an.
tooltip.recruit.tab_land.title,REGISTERKARTE „LANDEINHEITEN“
tooltip.select.difficulty.desc,"Datengestützte Schwierigkeitsbewertung (1–5 Sterne). Berechnet anhand von BIP, Militärstärke, Stabilität und geopolitischer Lage."
tooltip.select.difficulty.title,SCHWIERIGKEITSGRAD
tooltip.select.gdp.desc,Bruttoinlandsprodukt – die gesamte Wirtschaftsleistung dieses Landes.
tooltip.select.gdp.title,BIP
tooltip.select.gov.desc,Staatsform und herrschende Ideologie.
tooltip.select.gov.title,REGIERUNG
tooltip.select.mil.desc,Aktive Militärangehörige zählen dazu.
tooltip.select.mil.title,MILITÄRISCHE STÄRKE
tooltip.select.pop.desc,Gesamtbevölkerung aller Provinzen.
tooltip.select.pop.title,BEVÖLKERUNG
tooltip.spot_market.amount.desc,"Anzahl der Einheiten in dieser Bestellung. Größere Bestellungen sind teurer, führen jedoch zu einer schnelleren Auffüllung oder Abbau des Lagerbestands. Überprüfen Sie die Vorschau, um sicherzustellen, dass Sie sich die gesamte Bestellung leisten können, bevor Sie sie bestätigen."
tooltip.spot_market.amount.title,BETRAG
tooltip.spot_market.resource.desc,"Wählen Sie die Rohstoffart aus, mit der Sie handeln möchten. Die weltweiten Spotpreise werden monatlich auf der Grundlage der globalen Produktion, der Nachfrage und wirtschaftlicher Schocks wie Ölkrisen oder Versorgungsengpässen bei Lebensmitteln aktualisiert."
tooltip.spot_market.resource.title,RESSOURCE
tooltip.spot_market.side.desc,"Beim Kauf werden Ressourcen vom Weltmarkt erworben, wobei Mittel aus der Staatskasse entnommen werden. Beim Verkauf werden Lagerbestände in Staatskassengelder umgewandelt. Aufgrund des großen Spreads (Kauf +15 % / Verkauf -10 %) ist der Spot-Handel nur die letzte Option – bilaterale Handelsabkommen sind immer günstiger."
tooltip.spot_market.side.title,HANDEL
tooltip.spot_market.stockpile.desc,"Der aktuelle Vorrat Ihres Landes an der ausgewählten Ressource. Sie können nicht mehr Einheiten verkaufen, als Sie derzeit vorrätig haben. Ein niedriger Vorrat an kritischen Ressourcen erhöht das Risiko von Störungen in der Lieferkette."
tooltip.spot_market.stockpile.title,AKTUELLER LAGERBESTAND
tooltip.spot_market.total.desc,"Nettoveränderung der Kasse für diesen Auftrag. Beim Kauf fallen diese Kosten an; beim Verkauf wird dieser Betrag erzielt. Die Schaltfläche „Bestätigen“ ist deaktiviert, wenn Ihre Kasse für einen Kauf nicht ausreicht oder Ihr Lagerbestand für einen Verkauf zu gering ist."
tooltip.spot_market.total.title,GESAMTWERT
tooltip.spot_market.treasury.desc,"Ihr aktueller Liquiditätsbestand. Ein Kaufauftrag wird gesperrt, wenn seine Gesamtkosten diesen Bestand übersteigen. Bauen Sie sich durch Steuern oder den Verkauf von Ressourcen Reserven auf, bevor Sie große Kaufaufträge erteilen."
tooltip.spot_market.treasury.title,FINANZMINISTERIUM
tooltip.spot_market.unit_price.desc,"Weltweiter Spotpreis pro Einheit unter Berücksichtigung der Handelsspanne. Kaufspanne: +15 % über dem Spotpreis. Verkaufsspanne: -10 % unter dem Spotpreis. Diese Differenz spiegelt die Marktfriktion wider und hält davon ab, den Spotmarkt für die routinemäßige Beschaffung zu nutzen."
tooltip.spot_market.unit_price.title,STÜCKPREIS
tooltip.stat.mp,"Personalkosten – Personal, das aus Ihrem Personalbestand für die Rekrutierung dieser Einheit abgezogen wurde."
tooltip.stat.mp.title,Personalkosten
tooltip.statbar.alliances.desc,"Anzahl der aktiven Bündnisse. Klicken Sie hier, um die Registerkarte „Diplomatie“ zu öffnen."
tooltip.statbar.alliances.title,PARTNERSCHAFTEN
tooltip.statbar.corruption.desc,"Korruption in der Regierung (0–100 %). Beeinträchtigt die Steuereffizienz und das BIP-Wachstum. Wird durch hohe Stabilität und Sozialausgaben verbessert. Klicken Sie hier, um die Registerkarte „Übersicht“ zu öffnen."
tooltip.statbar.corruption.note,- beeinträchtigt die Steuereffizienz und bremst das Wirtschaftswachstum
tooltip.statbar.corruption.title,KORRUPTIONSGRAD
tooltip.statbar.debtgdp.debt,Gesamtverschuldung
tooltip.statbar.debtgdp.desc,"Staatsverschuldung im Verhältnis zur jährlichen Wirtschaftsleistung. Eine hohe Verschuldung führt zu wirtschaftlichen Auswirkungen und Wachstumsbeeinträchtigungen. Klicken Sie hier, um die Registerkarte „Wirtschaft“ zu öffnen."
tooltip.statbar.debtgdp.gdp,Jährliches BIP
tooltip.statbar.debtgdp.monthly_bonds,Monatliche Anleiheemission
tooltip.statbar.debtgdp.monthly_interest,Monatliche Zinsen
tooltip.statbar.debtgdp.threshold_critical,Die Verschuldung übersteigt 100 % des BIP – erhebliche Wachstumseinbußen und Kreditrisiken.
tooltip.statbar.debtgdp.threshold_warning,Eine Verschuldung von über 60 % des BIP – steigende Zinskosten und Wachstumsbremse.
tooltip.statbar.debtgdp.title,SCHULDENQUOTE
tooltip.statbar.defcon.desc,"Verteidigungsbereitschaftsstufe (5 = Frieden, 1 = höchste Alarmstufe)."
tooltip.statbar.defcon.title,DEFCON LEVEL
tooltip.statbar.diplweight.base,Grundgewicht
tooltip.statbar.diplweight.desc,"Einflussmultiplikator bei internationalen Verhandlungen. Größeres Gewicht durch die Mitgliedschaft in der G7, der G20 und im UN-Sicherheitsrat. Klicken Sie hier, um die Registerkarte „Diplomatie“ zu öffnen."
tooltip.statbar.diplweight.orgs,Organisationsboni
tooltip.statbar.diplweight.title,DIPLOMATISCHES GEWICHT
tooltip.statbar.gdp.desc,"Bruttoinlandsprodukt des angezeigten Landes. Klicken Sie hier, um die Registerkarte „Wirtschaft“ zu öffnen."
tooltip.statbar.gdp.title,Bruttoinlandsprodukt
tooltip.statbar.inflation.current,Aktuelle Inflationsrate
tooltip.statbar.inflation.desc,"Preisanstiegsrate. Eine hohe Inflation beeinträchtigt das BIP-Wachstum und die Kaufkraft. Klicken Sie hier, um die Registerkarte „Wirtschaft“ zu öffnen."
tooltip.statbar.inflation.effect,Auswirkungen auf das BIP
tooltip.statbar.inflation.imported,Importierte Inflation
tooltip.statbar.inflation.policy_hint,"Erwägen Sie eine Anhebung des Leitzinses, um die Inflation zu bekämpfen."
tooltip.statbar.inflation.target,Inflationsziel
tooltip.statbar.inflation.target_band,Zielgruppe
tooltip.statbar.inflation.title,INFLATIONSQUOTE
tooltip.statbar.military.desc,"Aktives Militärpersonal. Klicken Sie hier, um die Registerkarte „Militär“ zu öffnen."
tooltip.statbar.military.title,MILITÄR
tooltip.statbar.pop.desc,Gesamtbevölkerung aller Provinzen in unserem Besitz.
tooltip.statbar.pop.title,BEVÖLKERUNG
tooltip.statbar.prestige.base,Grundpunktzahl
tooltip.statbar.prestige.desc,"Gesamtbewertung (0–100). Berechnet anhand des BIP, der militärischen Stärke und der Mitgliedschaft in internationalen Organisationen. Klicken Sie hier, um die Registerkarte „Diplomatie“ zu öffnen."
tooltip.statbar.prestige.econ,Wirtschaftliche Größenordnung
tooltip.statbar.prestige.mil,Militärische Stärke
tooltip.statbar.prestige.orgs,Organisationsmitgliedschaften
tooltip.statbar.prestige.title,PRESTIGE
tooltip.statbar.research.budget,Zugewiesenes Budget
tooltip.statbar.research.current,Aktuelles Projekt
tooltip.statbar.research.desc,"Aktuelle Fortschritte in der Technologieforschung. Klicken Sie hier, um die Registerkarte „Technologie“ zu öffnen."
tooltip.statbar.research.points,Monatlicher Fortschritt
tooltip.statbar.research.title,FORSCHUNGSFORTSCHRITTE
tooltip.statbar.stability.desc,"Politische Stabilität (0–100 %). Geringe Stabilität führt zu Unruhen, Korruption und Krisenereignissen. Klicken Sie hier, um die Registerkarte „Übersicht“ zu öffnen."
tooltip.statbar.stability.note,"- führt zu Unruhen, einem Putschrisiko und erhöht die Wahrscheinlichkeit von Ereignissen"
tooltip.statbar.stability.title,STABILITÄT DER REGIERUNG
tooltip.statbar.trade.desc,"Exporte minus Importe. Ein Überschuss (grün) kurbelt das Wachstum an; ein Defizit (rot) belastet das BIP. Klicken Sie hier, um die Registerkarte „Wirtschaft“ zu öffnen."
tooltip.statbar.trade.exports,Gesamtexporte
tooltip.statbar.trade.imports,Gesamte Einfuhren
tooltip.statbar.trade.title,HANDELSBILANZ
tooltip.statbar.treasury.desc,Aktuelle Goldreserve. Monatliche Einnahmen abzüglich Ausgaben.
tooltip.statbar.treasury.title,FINANZMINISTERIUM
tooltip.statbar.unemployment.desc,"Anteil der Erwerbslosen an der Erwerbsbevölkerung. Wirkt sich auf Stabilität, Unruhen und den Druck auf die Sozialausgaben aus. Klicken Sie hier, um die Registerkarte „Wirtschaft“ zu öffnen."
tooltip.statbar.unemployment.note,- Eine hohe Arbeitslosigkeit schürt Unruhen und mindert die Steuereffizienz
tooltip.statbar.unemployment.title,ARBEITSLOSENQUOTE
tooltip.statbar.wars.active,Aktuelle Konflikte
tooltip.statbar.wars.desc,"Anzahl der laufenden Kriege. Klicken Sie hier, um die Registerkarte „Diplomatie“ zu öffnen."
tooltip.statbar.wars.none,Derzeit in Frieden.
tooltip.statbar.wars.title,AKTIVE KRIEGE
tooltip.summary.diplo.desc,"Allianzen, Rivalen, UN-Mitgliedschaft und Status im UN-Sicherheitsrat. Klicken Sie hier, um das Diplomatie-Fenster zu öffnen."
tooltip.summary.diplo.title,ÜBERBLICK ÜBER DIE DIPLOMATIE
tooltip.summary.diplomacy,DIPLOMATIE
tooltip.summary.diplomacy.desc,"Überblick über Ihre diplomatischen Beziehungen, Bündnisse, Verträge und Ihr internationales Ansehen."
tooltip.summary.econ.desc,"BIP, Bevölkerung, Wachstumsrate, Infrastruktur und Staatsfinanzen auf einen Blick. Klicken Sie hier, um das Wirtschaftsfenster zu öffnen."
tooltip.summary.econ.title,WIRTSCHAFTSÜBERBLICK
tooltip.summary.economy,WIRTSCHAFT
tooltip.summary.economy.desc,"Überblick über die Wirtschaftsleistung Ihres Landes, einschließlich BIP, Wachstum, Außenhandel und Haushalt."
tooltip.summary.mil.desc,"Aktives Personal, Verteidigungshaushalt, Großgerät und technologischer Stand. Klicken Sie hier, um das Militärfenster zu öffnen."
tooltip.summary.mil.title,ÜBERBLICK ÜBER DAS MILITÄR
tooltip.summary.military,MILITÄR
tooltip.summary.military.desc,"Überblick über Ihre Streitkräfte, einschließlich Truppenstärke, Ausrüstung und laufende Einsätze."
tooltip.summary.tech,TECHNOLOGIE
tooltip.summary.tech.desc,"Aktueller Forschungsstand, Investitionsvolumen und Forschungsschwerpunkte. Klicken Sie hier, um das Technologie-Fenster zu öffnen."
tooltip.summary.tech.title,TECHNOLOGIEÜBERSICHT
tooltip.tech.attack_mod.desc,Technologiebonus auf die militärische Angriffskraft. Wirkt sich auf alle Kampfberechnungen aus.
tooltip.tech.attack_mod.title,ANGRIFFSMODIFIKATOR
tooltip.tech.cyber.desc,Technologischer Vorteil bei Operationen im Bereich der Cyberkriegsführung. Kann die Infrastruktur des Gegners lahmlegen.
tooltip.tech.cyber.title,CYBERANGRIFF
tooltip.tech.defense_mod.desc,Technologiebonus für die militärische Verteidigung. Verringert den im Kampf erlittenen Schaden.
tooltip.tech.defense_mod.title,VERTEIDIGUNG ÄNDERN
tooltip.tech.fx_desc_attack,Deine Armeen verursachen im Kampf {0} mehr Schaden
tooltip.tech.fx_desc_cyber,Cyberoperationen sind {0} effektiver
tooltip.tech.fx_desc_defense,Deine Armeen erleiden im Kampf {0} weniger Schaden
tooltip.tech.fx_desc_gdp,Erhöht die nationale BIP-Wachstumsrate um {0}
tooltip.tech.fx_desc_missile_def,"Die Wahrscheinlichkeit, Raketen abzufangen, wurde um {0} erhöht"
tooltip.tech.fx_desc_missile_range,Reichweite des Raketenangriffs um {0} erweitert
tooltip.tech.fx_desc_pop,Die Bevölkerung wächst in allen Provinzen {0} schneller
tooltip.tech.fx_desc_research,Alle zukünftigen Suchvorgänge werden bei {0} schneller ausgeführt
tooltip.tech.fx_desc_surveillance,Die Sichtweite im „Fog of War“ wird durch {0} zusätzliche Sprünge erweitert
tooltip.tech.gdp_mod.desc,Technologiebonus für das nationale BIP-Wachstum. Kombinierbar mit anderen wirtschaftlichen Modifikatoren.
tooltip.tech.gdp_mod.title,BIP ÄNDERN
tooltip.tech.infra_mod.desc,Technologie als Beschleunigungsfaktor für die Infrastrukturentwicklung.
tooltip.tech.infra_mod.title,INFRASTRUKTUR BEARBEITEN
tooltip.tech.missile_acc.desc,Technologiebonus auf die Genauigkeit von ICBM/SLBM. Eine höhere Genauigkeit erhöht die Schlagkraft.
tooltip.tech.missile_acc.title,TREFFSICHERHEIT VON RAKETEN
tooltip.tech.missile_def.desc,Technologiebonus auf die Abfangrate von Raketenabwehrsystemen.
tooltip.tech.missile_def.title,RAKETENABWEHR
tooltip.tech.node_effects.desc,Was diese Technologie nach ihrer Fertigstellung bieten wird.
tooltip.tech.node_effects.formula,Boost-Effekte verbessern die Länder-Modifikatoren. Karteninfo-Effekte erhöhen die Sichtweite im Nebel des Krieges.
tooltip.tech.pop_growth.desc,Auswirkungen der Technologie auf die Bevölkerungswachstumsrate in allen Provinzen.
tooltip.tech.pop_growth.title,BEVÖLKERUNGSWACHSTUM
tooltip.tech.research_speed.desc,Technologiebonus auf die Erzielung von Forschungspunkten. Beschleunigt den technologischen Fortschritt.
tooltip.tech.research_speed.title,FORSCHUNGSGESCHWINDIGKEIT
tooltip.tech.surveillance.desc,Technologiebonus zur Darstellung der Sichtweite der Einheiten im Nebel des Krieges.
tooltip.tech.surveillance.title,ÜBERBLICK ÜBER DIE ÜBERWACHUNG
tooltip.tech.trade_mod.desc,Technologiebonus für Handelseffizienz und Rohstoffgewinnung.
tooltip.tech.trade_mod.title,HANDEL ÄNDERN
tooltip.topbar.date,AKTUELLES DATUM
tooltip.topbar.date.desc,Das aktuelle Datum im Spiel. Die Zeit schreitet jeweils um einen Spieltag voran.
tooltip.topbar.date.title,AKTUELLES DATUM
tooltip.topbar.flag.desc,"Klicken Sie hier, um die Karte auf Ihre Hauptstadt zu zentrieren."
tooltip.topbar.flag.title,IHR KAPITAL
tooltip.topbar.gdp.actual_net,Tatsächlicher monatlicher Nettobetrag
tooltip.topbar.gdp.base,Basiswachstum
tooltip.topbar.gdp.desc,Prognostizierte Veränderung des BIP im nächsten Monat und geschätzter Einfluss der Provinzen auf diese Differenz.
tooltip.topbar.gdp.difficulty,Anpassung des Schwierigkeitsgrades
tooltip.topbar.gdp.education,Bildungseffekt
tooltip.topbar.gdp.events,Auswirkungen der Veranstaltung
tooltip.topbar.gdp.formula,BIP der Provinz = Basiswert × Modifikatoren × (1 – Unruhen)
tooltip.topbar.gdp.inflation,Inflationsdruck
tooltip.topbar.gdp.monetary,Geldpolitik
tooltip.topbar.gdp.more,... und {0} weitere Provinzen
tooltip.topbar.gdp.net,Prognostizierter monatlicher Nettogewinn
tooltip.topbar.gdp.resource,Abstimmung der Ressourcen
tooltip.topbar.gdp.sanctions,Auswirkungen der Sanktionen
tooltip.topbar.gdp.scale,Umfassende Anpassung der Wirtschaft
tooltip.topbar.gdp.section.provinces,Die größten Beitragszahler in der Provinz Delta (geschätzt)
tooltip.topbar.gdp.section.provinces_note,- geschätzter Anteil an der prognostizierten monatlichen BIP-Veränderung (formelbasiert)
tooltip.topbar.gdp.tech,Technologieeffekt
tooltip.topbar.gdp.tier,Einkommensstufeneffekt
tooltip.topbar.gdp.title,BRUTTOINLANDSPRODUKT
tooltip.topbar.gdp.trade,Auswirkungen auf die Handelsbilanz
tooltip.topbar.gdp.tradebloc,Handelsblock-Bonus
tooltip.topbar.gdp.war,Kriegsmüdigkeit
tooltip.topbar.group.negative,Negative Faktoren
tooltip.topbar.group.positive,Positive Mitwirkende
tooltip.topbar.manpower.desc,Prognostizierte monatliche Veränderung des Personalbestands. Die Absolventen der Reserve werden zu Soldaten ausgebildet und in den Personalbestand aufgenommen.
tooltip.topbar.manpower.direct_modifiers,Direkte Auswirkungen auf Gebäude und Technik
tooltip.topbar.manpower.formula_note,"- Reserveübertragung = floor(Reserve × {0}), mindestens jedoch {1}, sofern Reserven vorhanden sind"
tooltip.topbar.manpower.hp_recovery_drain,HP-Wiederherstellung (Personalkosten)
tooltip.topbar.manpower.population_intake,Bevölkerungszuwachs (--> Reserve)
tooltip.topbar.manpower.queue_impact,Auswirkungen der in der Warteschlange befindlichen Stellenausschreibungen
tooltip.topbar.manpower.queue_note,- In der Warteschlange befindliche Aufträge zur Grundstücksbeschaffung: {0}
tooltip.topbar.manpower.regen,Reserve -> Abschluss der Ausbildung
tooltip.topbar.manpower.reserve_note,- Verfügbarer Reservepool: {0}
tooltip.topbar.manpower.section.context,Mechanik – Kontext
tooltip.topbar.manpower.siege_attrition,Geschätzte Kosten für die Belagerungsreserve
tooltip.topbar.manpower.title,Arbeitskräfte
tooltip.topbar.pop.buildings,Boni für Gebäudewachstum
tooltip.topbar.pop.desc,Prognostizierte monatliche Bevölkerungsentwicklung und aktuelle Zahlen.
tooltip.topbar.pop.migration,Nettozuwanderung
tooltip.topbar.pop.natural,Natürliches Wachstum
tooltip.topbar.pop.prosperity,Wohlstandseffekt
tooltip.topbar.pop.rounding,Rundungsanpassung
tooltip.topbar.pop.title,BEVÖLKERUNG
tooltip.topbar.rank.desc,"Gesamtwert: BIP (×10), militärische Stärke (×5) und Technologie (×3). Zum Öffnen des Ledgers bitte hier klicken."
tooltip.topbar.rank.gap_above,Erforderliche Punktzahl für den Aufstieg
tooltip.topbar.rank.gap_below,Vorsprung vor dem nächsten Verfolger
tooltip.topbar.rank.gap_top,An der Spitze
tooltip.topbar.rank.ledger_hint,Zum Öffnen des Hauptbuchs hier klicken
tooltip.topbar.rank.of_nations,#{0} von {1} Ländern
tooltip.topbar.rank.score_gdp,BIP-Komponente
tooltip.topbar.rank.score_mil,Militärischer Bereich
tooltip.topbar.rank.score_tech,Technologiekomponente
tooltip.topbar.rank.score_total,Gesamtpunktzahl
tooltip.topbar.rank.section_gaps,RANG NÄHE
tooltip.topbar.rank.section_score,PUNKTESTAND
tooltip.topbar.rank.standing,Weltweite Position
tooltip.topbar.rank.tier,Leistungsklasse
tooltip.topbar.rank.title,Weltweite Rangliste
tooltip.topbar.reconciliation,Abweichung bei der Abstimmung
tooltip.topbar.section.actual,Ist (letzter Monat)
tooltip.topbar.section.projected,Prognosen für den nächsten Monat
tooltip.topbar.speed.desc,"Steuere den Zeitablauf. Tastaturbefehle: Leertaste (Pause), 1–4 (Geschwindigkeit)."
tooltip.topbar.speed.title,SPIELGESCHWINDIGKEIT
tooltip.topbar.summary.actual,Ist (letzter Monat)
tooltip.topbar.summary.current,Aktuell
tooltip.topbar.summary.projected,Prognostiziert (nächster Monat)
tooltip.topbar.treasury.actual_net,Tatsächlicher monatlicher Nettobetrag
tooltip.topbar.treasury.bonds,Anleiheemission
tooltip.topbar.treasury.building_cost,Baukosten
tooltip.topbar.treasury.building_maint,Gebäudewartung
tooltip.topbar.treasury.desc,Prognostizierter monatlicher Mittelzufluss und jüngste tatsächliche Veränderung des Kassenbestands.
tooltip.topbar.treasury.events,Net-Veranstaltungen
tooltip.topbar.treasury.events_expense,Veranstaltungskosten
tooltip.topbar.treasury.formula,Prognostiziert = Einnahmen – monatliche Gesamtkosten. Sonstiges = Kosten – (Militär + Forschung + Infrastruktur + Soziales). Realisiert = Kassenbestand bei Monatswechsel.
tooltip.topbar.treasury.infra,Infrastrukturausgaben
tooltip.topbar.treasury.interest,Zinsen
tooltip.topbar.treasury.last_delta,Veränderung gegenüber dem letzten abgeschlossenen Monat
tooltip.topbar.treasury.military,Militärausgaben
tooltip.topbar.treasury.military_maint,Militärische Instandhaltung
tooltip.topbar.treasury.net,Prognostizierter monatlicher Nettogewinn
tooltip.topbar.treasury.other,Sonstige monatliche Anpassungen
tooltip.topbar.treasury.other_expense,Sonstige Aufwendungen
tooltip.topbar.treasury.other_income,Sonstige Erträge
tooltip.topbar.treasury.other_note,"- umfasst Instandhaltungsmaßnahmen, Umschichtungen in Kriegszeiten und einmalige Effekte"
tooltip.topbar.treasury.recruitment,Personalbeschaffungskosten
tooltip.topbar.treasury.refunds,Rückerstattungen
tooltip.topbar.treasury.research,Forschungsausgaben
tooltip.topbar.treasury.reserve_contrib,Rücklagenbeitrag
tooltip.topbar.treasury.reserve_spend,Reserveausgaben
tooltip.topbar.treasury.revenue,Steuereinnahmen
tooltip.topbar.treasury.social,Sozialausgaben
tooltip.topbar.treasury.tariff,Tarifeinnahmen
tooltip.topbar.treasury.tax,Steuereinnahmen
tooltip.topbar.treasury.title,FINANZMINISTERIUM
tooltip.trade_proposal.cancel.desc,Schließt das Angebotsfenster.
tooltip.trade_proposal.cancel.title,Abbrechen
tooltip.trade_proposal.clear.desc,Löscht alle ausgewählten Prioritätsressourcen.
tooltip.trade_proposal.clear.title,Auswahl löschen
tooltip.trade_proposal.confirm.desc,Leitet den Handelsvorschlag zur Verhandlung weiter.
tooltip.trade_proposal.confirm.title,Vereinbarung vorschlagen
tooltip.trade_proposal.export.desc,Erhöht die Boni für das Exportvolumen.
tooltip.trade_proposal.export.title,Exportschub
tooltip.trade_proposal.suggest.desc,Wählt vorrangige Ressourcen auf der Grundlage gemeinsamer Bedürfnisse aus.
tooltip.trade_proposal.suggest.title,Automatische Vorschläge
tooltip.trade_proposal.tariff.desc,Senkt die Zölle auf Handelswaren.
tooltip.trade_proposal.tariff.title,Tarifsenkung
tooltip.unit.generic_desc,"Wählen Sie einen Einheitentyp aus, um dessen Kampffähigkeiten und Anforderungen anzuzeigen."
tooltip.war.desc.score_breakdown,Aufschlüsselung der Punkte (aus Sicht des Angreifers)
tooltip.war.label.anti_farm_cap,Niedrige Bindungsgrenze
tooltip.war.label.battle_intensity,Kämpfe
tooltip.war.label.exhaustion,Erschöpfung des Gegners
tooltip.war.label.occ_provinces,Eroberte Provinzen
tooltip.war.label.occupation,Beruf
tooltip.war.label.ramp_days,Fortschritt beim Bau der Rampe
tooltip.war.title.score,KRIEGSBILANZ: {0:F1}%
tooltip.war.value.anti_farm_cap,Max {0:F1}%
tooltip.war.value.ramp_progress,{0}/{1} Tage
treaty.arms_limitation,Rüstungsbegrenzung
treaty.climate_agreement,Klimaschutzabkommen
treaty.defense_pact,Verteidigungsabkommen
treaty.nuclear_nonproliferation,Nichtverbreitung von Kernwaffen
tutorial.finish,Verstanden!
tutorial.next,WEITER ▶
tutorial.obj.adv_econ_warfare.body,"Führen Sie beliebige Maßnahmen der Wirtschaftskriegsführung durch, wie beispielsweise Währungsmanipulation, Handelskrieg, Entwicklungshilfe oder Schuldenfalle."
tutorial.obj.adv_econ_warfare.title,Fortgeschrittene Diplomatie: Wirtschaftskrieg führen
tutorial.obj.adv_sanction.body,Eine Sanktion des UN-Sicherheitsrats vorschlagen oder eine Sanktion der Koalition gegen ein anderes Land verhängen.
tutorial.obj.adv_sanction.title,Fortgeschrittene Diplomatie: Eine multilaterale Sanktionsmaßnahme durchführen
tutorial.obj.adv_trade_bloc.body,Über die erweiterte Diplomatie einem Handelsblock beitreten oder aus ihm austreten.
tutorial.obj.adv_trade_bloc.title,Fortgeschrittene Diplomatie: Eine Handelsblock-Aktion ausführen
tutorial.obj.adv_treaty.body,"Verwende das Fenster „Erweiterte Diplomatie“, um einem anderen Land einen Vertrag beliebiger Art vorzuschlagen."
tutorial.obj.adv_treaty.title,Fortgeschrittene Diplomatie: Einen Vertrag vorschlagen
tutorial.obj.air_rebase.body,"Verlege eine Luftflotte auf einen anderen Luftwaffenstützpunkt, um deine Luftabdeckung zu erweitern oder eine neue Front zu unterstützen."
tutorial.obj.air_rebase.title,Eine Luftflotte verlegen
tutorial.obj.army_disband.body,"Wähle eine Militäreinheit aus und löse sie auf, um Personal freizusetzen und die Unterhaltskosten für das Militär zu senken."
tutorial.obj.army_disband.title,Eine Einheit auflösen
tutorial.obj.army_merge.body,"Wähle zwei Armeen in derselben Provinz aus und vereine sie zu einer einzigen, stärkeren Streitmacht."
tutorial.obj.army_merge.title,Armeen zusammenführen
tutorial.obj.army_split.body,"Wähle eine Armee aus und teile sie mit dem Befehl „Teilen“ in zwei separate Truppen auf, um sie flexibel einsetzen zu können."
tutorial.obj.army_split.title,Eine Armee aufteilen
tutorial.obj.army_transport.body,"Verwende den automatischen Transport, um eine Armee über Gewässer zu bewegen, ohne Flotten manuell verwalten zu müssen."
tutorial.obj.army_transport.title,Eine Armee per Lkw transportieren
tutorial.obj.build_first.body,Öffne „Schnellbau“ über die Schnellaktionsleiste oder die Statusleiste auf der linken Seite und setze dann ein Gebäude in einer deiner Provinzen in die Warteschlange.
tutorial.obj.build_first.title,Errichte dein erstes Gebäude
tutorial.obj.core_create_air_wing.body,"Setze eine Lufteinheit aus einer Provinz mit einem Flugplatz in die Warteschlange, um Luftoperationen freizuschalten."
tutorial.obj.core_create_air_wing.title,Erstelle deine erste Luftflotte
tutorial.obj.core_create_fleet.body,"Setze eine beliebige Marineeinheit aus einer berechtigten Küstenprovinz in die Warteschlange, um eine marine Präsenz zu etablieren."
tutorial.obj.core_create_fleet.title,Erstellen Sie Ihre erste Flotte
tutorial.obj.core_diplomacy_interact.body,Führe eine erfolgreiche diplomatische Aktion gegenüber einem anderen Land durch.
tutorial.obj.core_diplomacy_interact.title,Diplomatisch mit einem anderen Land verhandeln
tutorial.obj.core_diplomacy_pact.body,"Erreiche, dass ein diplomatischer Vorschlag angenommen wird, beispielsweise ein Bündnis, ein Handelsabkommen oder ein Vertrag."
tutorial.obj.core_diplomacy_pact.title,Einen diplomatischen Vertrag abschließen
tutorial.obj.core_espionage_launch.body,Schalte „Open Intelligence“ frei und führe eine erfolgreiche Spionagemission gegen ein Zielland durch.
tutorial.obj.core_espionage_launch.title,Starte eine Spionagemission
tutorial.obj.core_move_army.body,"Erteile einer beliebigen Armee einen Marschbefehl, indem du sie auswählst und eine erreichbare Zielprovinz festlegst."
tutorial.obj.core_move_army.title,Setze deine erste Armee ein
tutorial.obj.core_sign_peace.body,Beende einen laufenden Krieg durch diplomatische Verhandlungen mit einem gültigen Friedensabkommen.
tutorial.obj.core_sign_peace.title,Unterzeichne dein erstes Friedensabkommen
tutorial.obj.diplo_alliance.body,Wähle unter „Open Diplomacy“ ein befreundetes Land aus und schlage ein Bündnis vor. Verbündete verteidigen sich gegenseitig im Krieg und tauschen Geheimdienstinformationen aus.
tutorial.obj.diplo_alliance.title,Ein Bündnis schließen
tutorial.obj.diplo_coalition.body,"Bilden Sie eine Koalition verbündeter Nationen, um einer gemeinsamen Bedrohung entgegenzutreten."
tutorial.obj.diplo_coalition.title,Eine Koalition bilden
tutorial.obj.diplo_embassy.body,"Eröffne eine Botschaft in einem fremden Land, um die Beziehungen zu verbessern und neue diplomatische Möglichkeiten zu erschließen."
tutorial.obj.diplo_embassy.title,Eine Botschaft eröffnen
tutorial.obj.diplo_first_action.body,"Wähle eine erfolgreiche diplomatische Maßnahme aus, wie zum Beispiel die Verbesserung der Beziehungen, Sanktionen oder einen Vorschlag."
tutorial.obj.diplo_first_action.title,Diplomatischer Weg: ersten Kontakt herstellen
tutorial.obj.diplo_gov_change.body,"Ändere deine Regierungsform, um verschiedene politische Optionen und diplomatische Haltungen freizuschalten."
tutorial.obj.diplo_gov_change.title,Ändere deine Regierungsform
tutorial.obj.diplo_guarantee.body,"Einer kleineren Nation eine Unabhängigkeitsgarantie geben und sich verpflichten, sie im Falle eines Angriffs zu verteidigen."
tutorial.obj.diplo_guarantee.title,Die Unabhängigkeit eines Landes sichern
tutorial.obj.diplo_pact_capstone.body,"Lass einen diplomatischen Vorschlag annehmen (Bündnis, Handelsabkommen, Nichtangriffspakt oder Vertrag)."
tutorial.obj.diplo_pact_capstone.title,Der diplomatische Weg: Schließe deinen ersten Pakt
tutorial.obj.diplo_respond.body,Einen eingehenden diplomatischen Vorschlag eines anderen Landes annehmen oder ablehnen.
tutorial.obj.diplo_respond.title,Auf eine diplomatische Anfrage reagieren
tutorial.obj.diplo_rival.body,"Ernenne offiziell ein anderes Land zu deinem strategischen Rivalen, um Rivalitätsboni zu erhalten."
tutorial.obj.diplo_rival.title,Einen Rivalen benennen
tutorial.obj.diplo_sphere.body,"Lade ein kleineres Land ein, sich deinem Einflussbereich anzuschließen, um wirtschaftliche und politische Vorteile zu erzielen."
tutorial.obj.diplo_sphere.title,Eine Einladung zum Einflussbereich senden
tutorial.obj.diplo_war_detail.body,"Klicke während eines laufenden Krieges im Bereich „Diplomatie“ auf eine Kriegskarte, um den Kriegszustand, die Schlachten und den Fortschritt der Besetzung anzuzeigen."
tutorial.obj.diplo_war_detail.title,Details zum Krieg anzeigen
tutorial.obj.econ_budget_change.body,"Verstellen Sie einen beliebigen Steuer- oder Ausgaberegler und wenden Sie das neue Budget an, um zu sehen, wie sich dies auf Einnahmen und Ausgaben auswirkt."
tutorial.obj.econ_budget_change.title,Ändern Sie Ihren Staatshaushalt
tutorial.obj.econ_cancel_build.body,"Ein laufendes Bauprojekt abbrechen, um Ressourcen zurückzugewinnen und Platz in der Bauwarteschlange zu schaffen."
tutorial.obj.econ_cancel_build.title,Eine Konstruktion abbrechen
tutorial.obj.econ_demolish.body,"Ein bestehendes Gebäude in einer Provinz abreißen, um Platz für neue Bauvorhaben zu schaffen."
tutorial.obj.econ_demolish.title,Ein Gebäude abreißen
tutorial.obj.econ_expand_capstone.body,"Errichte zwei Gebäude, um deine wirtschaftliche Basis zu schaffen."
tutorial.obj.econ_expand_capstone.title,Wirtschaftsroute: Erweitern Sie Ihre Branche
tutorial.obj.econ_monetary.body,"Passen Sie Ihre Geldpolitik (Zinssätze, Geldmenge) an, um Inflation und Wachstum zu steuern."
tutorial.obj.econ_monetary.title,Eine Geldpolitik festlegen
tutorial.obj.econ_open.body,Öffnen Sie über die Navigationsregisterkarten den Bereich „Wirtschaft“ und sehen Sie sich die Finanzlage Ihres Landes an.
tutorial.obj.econ_open.title,Öffnen Sie das Fenster „Wirtschaft“
tutorial.obj.first_war.body,"Erkläre über die Diplomatie den Krieg, um die Front- und Konfliktsysteme kennenzulernen."
tutorial.obj.first_war.title,Kriegsroute: Starte deinen ersten Krieg
tutorial.obj.foundations_event.body,"Wenn ein Veranstaltungs-Popup erscheint, lies dir die Optionen durch und triff eine Wahl. Veranstaltungen prägen die Zukunft deines Landes durch Krisen, Chancen und Entscheidungen."
tutorial.obj.foundations_event.title,Auf ein Ereignis reagieren
tutorial.obj.foundations_ledger.body,"Drücke G oder klicke auf „Ledger“, um die globalen Ranglisten anzuzeigen – vergleiche Länder hinsichtlich Ansehen, Wirtschaftskraft, Militärmacht und mehr."
tutorial.obj.foundations_ledger.title,Das Hauptbuch öffnen
tutorial.obj.foundations_map_mode.body,"Verwende die Leiste im Kartenmodus, um zwischen den Ansichten zu wechseln: Politisch, Gelände, Wirtschaft, Militär, Diplomatie, Nuklear oder Bevölkerung. Drücke die in den Einstellungen angezeigte Tastenkombination für einen schnellen Zugriff."
tutorial.obj.foundations_map_mode.title,Kartenmodus wechseln
tutorial.obj.foundations_province.body,"Klicken Sie auf eine beliebige Provinz auf der Karte, um deren Details anzuzeigen: Bevölkerung, Wirtschaft, Gebäude und militärische Präsenz."
tutorial.obj.foundations_province.title,Wählen Sie eine Provinz aus
tutorial.obj.foundations_time.body,"Setzen Sie das Spiel fort und lassen Sie mindestens einen Monat verstreichen. Die Zeit schreitet Tag für Tag voran, während Budgets, Bauvorhaben und Forschung jeden Monat aktualisiert werden."
tutorial.obj.foundations_time.title,Lass die Zeit vergehen
tutorial.obj.mil_recruit_first.body,"Öffne „Schnellrekrutierung“ über die Schnellaktionsleiste oder die Statusleiste auf der linken Seite und setze mindestens eine Bodeneinheit in die Warteschlange, um deine Streitkräfte zu verstärken."
tutorial.obj.mil_recruit_first.title,Eine neue Armee-Einheit rekrutieren
tutorial.obj.military_air_mission.body,"Wählen Sie eine Luftflotte aus und weisen Sie ihr einen Auftrag zu: Luftüberlegenheit, Luftnahunterstützung, strategische Bombardierung, Seeschlag oder Aufklärung."
tutorial.obj.military_air_mission.title,Einen Lufteinsatz zuweisen
tutorial.obj.military_attack.body,"Bewegen Sie während des Krieges eine Armee in eine vom Feind besetzte Provinz, um den Kampf aufzunehmen. Gelände, Moral und die Zusammensetzung der Einheiten beeinflussen den Ausgang des Kampfes."
tutorial.obj.military_attack.title,Gewinne deinen ersten Kampf
tutorial.obj.military_fleet_move.body,"Wähle eine vorhandene Flotte aus und befehle ihr, in ein anderes Seegebiet zu fahren. Flotten können feindliche Küsten blockieren und Armeen nach Übersee transportieren."
tutorial.obj.military_fleet_move.title,Eine Flotte bewegen
tutorial.obj.missile_first.body,Eine Rakete scharf machen und einen konventionellen Angriff auf eine gültige Zielprovinz starten.
tutorial.obj.missile_first.title,Führe deinen ersten Raketenangriff durch
tutorial.obj.missile_produce.body,"Öffne das Raketenkommando und lege die Produktion beliebiger Raketentypen fest. Für Raketen sind Abschussanlagen erforderlich (Silos, mobile Abschussrampen oder U-Boot-Bunker)."
tutorial.obj.missile_produce.title,Eine Rakete bauen
tutorial.obj.missile_rebase.body,"Verlege eine Raketenbatterie an einen neuen Abschussstandort, um eine bessere strategische Positionierung zu erreichen."
tutorial.obj.missile_rebase.title,Eine Raketenbatterie verlegen
tutorial.obj.more_info,Weitere Informationen
tutorial.obj.naval_embark.body,"Verlade eine Armee auf eine Flotte für den Transport nach Übersee, indem du sie von einer Küstenprovinz aus an Bord nimmst."
tutorial.obj.naval_embark.title,Eine Armee aufstellen
tutorial.obj.nuclear_defcon.body,"Öffne das DEFCON-Fenster, um die weltweite nukleare Spannungslage zu beobachten. Die DEFCON-Stufen reichen von 5 (Frieden) bis 0 (nuklearer Schlagabtausch)."
tutorial.obj.nuclear_defcon.title,Überprüfen Sie das DEFCON-Panel
tutorial.obj.panel.hide,Ausblenden
tutorial.obj.panel.show,Anzeigen
tutorial.obj.panel.title,Lernziele des Tutorials
tutorial.obj.set_goal.body,"Öffnen Sie den Agenda-Planer und wählen Sie ein nationales Ziel aus, das die strategische Ausrichtung Ihres Landes bestimmt."
tutorial.obj.set_goal.title,Ein nationales Ziel festlegen
tutorial.obj.slbm_load.body,"Weisen Sie einem U-Boot-Bunker eine von einem U-Boot abgefeuerte ballistische Rakete zu, um die Fähigkeit zum Gegenschlag zu gewährleisten."
tutorial.obj.slbm_load.title,Ein SLBM auf ein U-Boot verladen
tutorial.obj.tech_complete.body,"Lass ein Forschungsprojekt abschließen, um seine Effekte freizuschalten. Technologien gewähren dauerhafte Boni auf Wirtschaft, Militär oder andere Fähigkeiten."
tutorial.obj.tech_complete.title,Eine Technologie vervollständigen
tutorial.obj.tech_first.body,"Öffnen Sie den Bereich „Technologie“ und wählen Sie einen Technologieknoten aus, um mit der Recherche zu beginnen."
tutorial.obj.tech_first.title,Starte dein erstes Forschungsprojekt
tutorial.obj.victory_check.body,"Öffne den Siegesbildschirm, um alle fünf Wege zum Sieg zu sehen: Militärische Vorherrschaft, Wirtschaftliche Supermacht, Diplomatische Führungsrolle, Technologische Überlegenheit und Nukleare Abschreckung."
tutorial.obj.victory_check.title,Die Siegbedingungen überprüfen
tutorial.prompt.body,Möchten Sie einen kurzen Überblick über die Benutzeroberfläche? Eine ausführliche Anleitung finden Sie im Abschnitt „Ziele“ im rechten Outliner.
tutorial.prompt.title,Anleitung verfügbar
tutorial.skip,ANLEITUNG ÜBERSPRINGEN
tutorial.step1.body,"Dies ist eine kurze Einführung. Wir gehen kurz auf die Steuerelemente ein, die du jetzt benötigst, und leiten dich dann zur aufgabenbasierten Anleitung weiter.\\n\\nDas Spiel beginnt im Pausenmodus, damit du die Umgebung in aller Ruhe erkunden kannst."
tutorial.step1.title,Willkommen bei Global Protocol
tutorial.step2.body,"Verwende die obere Leiste, um die Zeit zu steuern. Pausiere oder setze mit {0} fort. Nutze {1}, {2}, {3} und {4} für direkte Geschwindigkeiten oder tippe auf {5} und {6}, um die Geschwindigkeit schrittweise zu erhöhen oder zu verringern.\\n\\nDie obere Leiste zeigt außerdem auf einen Blick deinen Schatz, dein BIP, deine Mannstärke und deine Bevölkerung an."
tutorial.step2.title,Zeitkontrollen
tutorial.step3.body,"In diesem Bereich werden die Flagge, der Name und die wichtigsten Statistiken deines Landes angezeigt. Klicke auf die Flagge, um jederzeit zu deiner Hauptstadt zurückzukehren.\\n\\nÜber die Registerkarten unten kannst du zwischen den Ansichten „Übersicht“, „Wirtschaft“, „Militär“, „Diplomatie“, „Technologie“, „Nachrichtendienst“, „Spezialisten“, „Provinzen“ und „Agenda“ wechseln."
tutorial.step3.title,Ihr Länderpanel
tutorial.step4.body,"Über diese Registerkarten kannst du alle wichtigen Übersichten deiner Nation aufrufen.\\n\\nWir werden kurz auf jede einzelne eingehen, damit du schon vor Spielbeginn weißt, welche Funktionen dir zur Verfügung stehen."
tutorial.step4.title,Ihre Registerkarten
tutorial.step5.body,"Zum Zoomen scrollen. Verwende WASD, die Pfeiltasten oder die Randsteuerung, um die Kamera zu bewegen. Halte die mittlere Maustaste gedrückt und ziehe, um die Ansicht zu neigen oder zu drehen.\\n\\nKlicke mit der linken Maustaste auf eine Provinz, um sie anzusehen oder auszuwählen. Ein Rechtsklick öffnet das Kontextmenü für die angezeigte Provinz."
tutorial.step5.title,Die Karte
tutorial.step6.body,"Verwende die spezielle Kartenmodus-Leiste, um Overlays sofort zu wechseln. Hotkeys: Politik {0}, Gelände {1}, Wirtschaft {2}, Militär {3}, Diplomatie {4}, Nuklear {5}, Bevölkerung {6}.\\n\\nJeder Modus färbt die Karte neu ein, um eine andere Informationsebene hervorzuheben."
tutorial.step6.title,Kartenmodi
tutorial.step7.body,"Ereignisse werden als Pop-ups angezeigt, wenn etwas Wichtiges passiert – Wahlen, Naturkatastrophen, diplomatische Zwischenfälle.\\n\\nLies dir jedes Ereignis sorgfältig durch; deine Entscheidungen bestimmen die Zukunft deiner Nation."
tutorial.step7.title,Zeitleiste & Ereignisse
tutorial.step8.body,"Das waren die Grundlagen. Denk daran:\\n\\n• Fahre mit der Maus über eine beliebige Statistik, um detaillierte Tooltips anzuzeigen\\n• Drücke die ESC-Taste, um das Pausenmenü aufzurufen\\n• Der Berater gibt dir während des Spiels kontextbezogene Tipps\\n\\nSetze das Spiel fort und beginne, die Weltordnung zu gestalten. Viel Glück!"
tutorial.step8.title,Du bist bereit!
tutorial.step_agenda.body,"Auf der Registerkarte „Agenda“ findest du die strategischen Ziele deines Landes sowie einen aktiven Zielpfad.\\n\\nDeine Agenda passt sich den Stärken deines Landes an – nutze sie, um die langfristige Ausrichtung festzulegen und auf Kurs zu bleiben."
tutorial.step_agenda.title,Nationale Agenda
tutorial.step_diplomacy.body,"Über die Registerkarte „Diplomatie“ ({0}) kannst du Bündnisse schließen oder Kriege gegen Nachbarländer führen.\\n\\nGehe strategisch vor – die Aushandlung von Verträgen braucht Zeit, und Kriege haben langfristige wirtschaftliche Folgen."
tutorial.step_diplomacy.title,Registerkarte „Diplomatie“
tutorial.step_economy.body,"Deine Staatskasse füllt sich durch Steuereinnahmen. Öffne den Reiter „Wirtschaft“ ({0}), um die Schieberegler für deine Haushaltsprioritäten anzupassen:\\n\\n• Militär – finanziere deine Streitkräfte\\n• Forschung – beschleunige den technologischen Fortschritt\\n• Infrastruktur – entwickle deine Provinzen\\n• Soziales – sorge für die Zufriedenheit deiner Bevölkerung"
tutorial.step_economy.title,Registerkarte „Wirtschaft“
tutorial.step_envoys.body,"Über die Registerkarte „Spezialisten“ ({0}) kannst du im eigenen Land Gesandte rekrutieren und ungenutzte Spezialisten im Ausland einsetzen.\\n\\nNutze diese Funktion, um Druckmaßnahmen durchzuführen, die Präsenz zu überwachen und auf entdeckte ausländische Spezialisten zu reagieren."
tutorial.step_envoys.title,Registerkarte „Spezialisten“
tutorial.step_intel.body,Die Registerkarte „Geheimdienst“ ({0}) dient verdeckten Operationen.\\n\\nHier kannst du Spionagemissionen gegen andere Länder starten und die Erkenntnisse deiner Spione einsehen.
tutorial.step_intel.title,Registerkarte „Intelligenz“
tutorial.step_military.body,"Auf der Registerkarte „Militär“ ({0}) verwaltest du deine Streitkräfte.\\n\\nDort kannst du deine Armeeeinheiten einsehen, deinen DEFCON-Stand überprüfen und bei Bedarf neue Truppen rekrutieren oder nukleare Waffen einsetzen."
tutorial.step_military.title,Registerkarte „Militär“
tutorial.step_objectives.body,"Im Abschnitt „ZIELE“ oben im rechten Bereich werden die nächsten drei Aufgaben aus dem aktuellen Agenda-Ziel angezeigt.\\n\\nWenn Sie auf ein Ziel klicken, wird der entsprechende Bereich direkt geöffnet. Das Verfolgen eines Plans ist der beste Weg, um zu lernen und gleichzeitig Fortschritte zu erzielen."
tutorial.step_objectives.title,Weiter zu den Zielen
tutorial.step_overview.body,"Die Registerkarte „Übersicht“ bietet einen schnellen Überblick über die Leistungsfähigkeit Ihres Landes: BIP, Bevölkerung, Stabilität und Zustimmungsrate.\\n\\nBehalten Sie diese Anzeigen im Auge, um sicherzustellen, dass Ihr Land floriert."
tutorial.step_overview.title,Registerkarte „Übersicht“
tutorial.step_provinces.body,"Auf der Registerkarte „Provinzen“ ({0}) erhältst du eine tabellarische Übersicht über jede einzelne Provinz, die du kontrollierst.\\n\\nNutze diese Ansicht, um Unruhen schnell zu erkennen oder die Wirtschaftsleistung verschiedener Regionen zu vergleichen."
tutorial.step_provinces.title,Registerkarte „Provinzen“
tutorial.step_tech.body,"Die Registerkarte „Technologie“ ({0}) enthält deinen Forschungsbaum. Investitionen in die Forschung verschaffen dir Boni auf das BIP, die Militärmacht und das Bevölkerungswachstum.\\n\\nKonzentriere dich auf Technologien, die deine Gesamtstrategie unterstützen."
tutorial.step_tech.title,Registerkarte „Technologie“
ui.hint.back,Zurück
ui.hint.confirm,Bestätigen
ui.vkbd.backspace,BACKSPACE
ui.vkbd.cancel,ABBRECHEN
ui.vkbd.clear,LÖSCHEN
ui.vkbd.done,FERTIG
ui.vkbd.open_hint,"Gamepad: Wähle ein Textfeld aus, um die virtuelle Tastatur zu öffnen."
ui.vkbd.space,LEERZEICHEN
ui.vkbd.title,VIRTUELLE TASTATUR
unit.air_defense.capability,"Schützt die Streitkräfte vor feindlichen Flugzeugen und trägt dazu bei, die Luftüberlegenheit des Feindes zu verhindern."
unit.air_defense.description,"Bodenbasierte Systeme, die feindliche Flugzeuge und anfliegende Raketen erkennen und zerstören."
unit.air_defense.name,Luftverteidigung
unit.amphibious.capability,Ermöglicht amphibische Landungen und die Projektion von Küstenstreitkräften an feindlichen Küsten.
unit.amphibious.description,"Ein Spezialschiff, das Marineinfanteristen und Bodenfahrzeuge direkt an feindliche Küsten transportiert und dort an Land bringt."
unit.amphibious.name,Landungsschiff
unit.armor.capability,"Durchbruchseinheit für Offensivoperationen; dient dazu, in offenem Gelände Durchbrüche zu erzielen und diese auszunutzen."
unit.armor.description,"Kampfpanzer, die auf offenem Gelände entscheidende Feuerkraft und Panzerschutz bieten."
unit.armor.name,Rüstung
unit.artillery.capability,Bietet Fernfeuerunterstützung hinter der Frontlinie.
unit.artillery.description,"Einheiten zur Feuerunterstützung aus der Ferne, die feindliche Stellungen aus sicherer Entfernung beschießen."
unit.artillery.name,Artillerie
unit.bomber.capability,Entfesselt massive Schlagkraft gegen fest verankerte Bodenziele und Infrastruktur.
unit.bomber.description,"Strategische und taktische Flugzeuge, die in der Lage sind, schwere Munition auf Bodenziele abzuwerfen."
unit.bomber.name,Bomber
unit.carrier.capability,"Schwimmender Luftstützpunkt: Stationiere dort Luftgeschwader, um deine Schlagkraft und die Reichweite deiner Luftunterstützung auf See zu vergrößern."
unit.carrier.description,"Ein Großkampfschiff der Marine, das Luftstreitkräfte über weite Teile des Ozeans hinweg einsetzen kann."
unit.carrier.name,Flugzeugträger
unit.destroyer.capability,"Mehrzweck-Begleitschiff, optimiert für den Schutz von Flotten vor U-Booten und Flugzeugen."
unit.destroyer.description,"Schnelles Mehrzweckkriegsschiff, das auf U-Boot-Abwehr, Luftabwehr und Oberflächenkampf spezialisiert ist."
unit.destroyer.name,Zerstörer
unit.drone.capability,Möglichkeit zur kontinuierlichen Aufklärung und Präzisionsschlägen bei geringem Risiko für die Piloten.
unit.drone.description,"Unbemannte Flugsysteme, die zur Aufklärung, für Präzisionsschläge und zur Überwachung des Schlachtfelds eingesetzt werden."
unit.drone.name,Drohne
unit.fighter.capability,Sichert die Luftüberlegenheit und eskortiert Bomber in umkämpften Lufträumen.
unit.fighter.description,"Luftüberlegenheitsflugzeuge, die dazu bestimmt sind, feindliche Flugzeuge abzufangen und die Luftüberlegenheit zu sichern."
unit.fighter.name,Kämpfer
unit.frigate.capability,"Ein ausgewogenes Begleitschiff, das sich für Langzeitpatrouillen, Konvoischutz und Flottenunterstützung eignet."
unit.frigate.description,"Ein mittelgroßes Marine-Begleitschiff, das offensive Feuerkraft mit Aufgaben der U-Boot-Abwehr in Einklang bringt."
unit.frigate.name,Fregatte
unit.helicopter.capability,"Flexible Plattform für die Nahunterstützung, die sich gegen gepanzerte Fahrzeuge und Truppenkonzentrationen an der Front bewährt."
unit.helicopter.description,"Vielseitiges Drehflügelflugzeug, das Luftnahunterstützung, Transport und Panzerabwehrfähigkeiten bietet."
unit.helicopter.name,Hubschrauber
unit.infantry.capability,Hält die Fronten und sichert das Gebiet zuverlässig ab; ideal als Kernformation an vorderster Front.
unit.infantry.description,"Vielseitige Infanteristen, die in jedem Gelände einsatzfähig sind, bilden das Rückgrat jeder Bodentruppe."
unit.infantry.name,Infanterie
unit.k,K
unit.m,M
unit.mechanized_infantry.capability,Schnelle gepanzerte Infanterieeinheiten für rasche Vorstöße und die Verstärkung bedrohter Fronten.
unit.mechanized_infantry.description,"Infanterie, die mit gepanzerten Fahrzeugen transportiert wird, wodurch Mobilität und Einsatztauglichkeit auf dem Schlachtfeld vereint werden."
unit.mechanized_infantry.name,Mechanisierte Infanterie
unit.mo,mo
unit.mobile_launcher.capability,"Mobile Raketenplattform, die durch Standortwechsel und Tarnung die Überlebensfähigkeit erhöht."
unit.mobile_launcher.description,"Transport-, Aufstell- und Abschussfahrzeug zum Transport ballistischer Raketen für den schnellen Einsatz und die Tarnung."
unit.mobile_launcher.name,Mobile-Startseite
unit.patrol_boat.capability,"Ideal für Küstenpatrouillen, Abfangmaßnahmen und schnelle Einsätze in Küstengewässern."
unit.patrol_boat.description,"Kompaktes Schnellboot, ideal für Küstenverteidigung und Maßnahmen zur maritimen Sicherheit."
unit.patrol_boat.name,Patrouillenboot
unit.special_forces.capability,"Eliteeinheit für schwieriges Gelände, Operationen im Hinterland und Einsätze gegen hochrangige Ziele."
unit.special_forces.description,"Eliteeinheiten, die für unkonventionelle Kriegsführung, Aufklärung und hochkarätige Einsätze ausgebildet sind."
unit.special_forces.name,Spezialeinheiten
unit.submarine.capability,"Eine getarnte Jäger-Killer-Plattform, ideal für Seeverteidigungs- und Überraschungsangriffe."
unit.submarine.description,"Ein getarntes Unterwasserfahrzeug, das in der Lage ist, Überwasserschiffe zu versenken und unbemerkt Raketen abzufeuern."
unit.submarine.name,U-Boot
warreparations,Kriegsentschädigungen
